utc,elapsed_s,x_m,y_m,z_m
2027-04-01T00:00:00.000Z,0.0,6510319.215,2369562.410,0.000
2027-04-01T00:01:00.000Z,60.0,6402650.457,2621631.140,363200.742
2027-04-01T00:02:00.000Z,120.0,6267325.914,2862375.935,724828.156
2027-04-01T00:03:00.000Z,180.0,6104930.945,3090757.304,1083316.034
2027-04-01T00:04:00.000Z,240.0,5916168.290,3305789.476,1437111.952
2027-04-01T00:05:00.000Z,300.0,5701854.950,3506544.681,1784684.069
2027-04-01T00:06:00.000Z,360.0,5462918.549,3692157.176,2124527.825
2027-04-01T00:07:00.000Z,420.0,5200393.214,3861826.972,2455172.504
2027-04-01T00:08:00.000Z,480.0,4915414.978,4014823.267,2775187.627
2027-04-01T00:09:00.000Z,540.0,4609216.747,4150487.555,3083189.146
2027-04-01T00:10:00.000Z,600.0,4283122.853,4268236.407,3377845.421
2027-04-01T00:11:00.000Z,660.0,3938543.218,4367563.913,3657882.937
2027-04-01T00:12:00.000Z,720.0,3576967.169,4448043.779,3922091.751
2027-04-01T00:13:00.000Z,780.0,3199956.933,4509331.065,4169330.642
2027-04-01T00:14:00.000Z,840.0,2809140.837,4551163.575,4398531.952
2027-04-01T00:15:00.000Z,900.0,2406206.257,4573362.882,4608706.080
2027-04-01T00:16:00.000Z,960.0,1992892.344,4575835.001,4798945.646
2027-04-01T00:17:00.000Z,1020.0,1570982.549,4558570.704,4968429.287
2027-04-01T00:18:00.000Z,1080.0,1142297.001,4521645.481,5116425.082
2027-04-01T00:19:00.000Z,1140.0,708684.749,4465219.153,5242293.597
2027-04-01T00:20:00.000Z,1200.0,272015.905,4389535.142,5345490.551
2027-04-01T00:21:00.000Z,1260.0,-165826.282,4294919.400,5425569.077
2027-04-01T00:22:00.000Z,1320.0,-602953.385,4181779.012,5482181.589
2027-04-01T00:23:00.000Z,1380.0,-1037479.783,4050600.461,5515081.250
2027-04-01T00:24:00.000Z,1440.0,-1467530.618,3901947.591,5524123.026
2027-04-01T00:25:00.000Z,1500.0,-1891249.717,3736459.249,5509264.335
2027-04-01T00:26:00.000Z,1560.0,-2306807.442,3554846.628,5470565.284
2027-04-01T00:27:00.000Z,1620.0,-2712408.446,3357890.315,5408188.493
2027-04-01T00:28:00.000Z,1680.0,-3106299.301,3146437.057,5322398.505
2027-04-01T00:29:00.000Z,1740.0,-3486775.988,2921396.245,5213560.777
2027-04-01T00:30:00.000Z,1800.0,-3852191.196,2683736.143,5082140.265
2027-04-01T00:31:00.000Z,1860.0,-4200961.423,2434479.849,4928699.589
2027-04-01T00:32:00.000Z,1920.0,-4531573.849,2174701.025,4753896.787
2027-04-01T00:33:00.000Z,1980.0,-4842592.935,1905519.391,4558482.667
2027-04-01T00:34:00.000Z,2040.0,-5132666.740,1628096.004,4343297.748
2027-04-01T00:35:00.000Z,2100.0,-5400532.909,1343628.343,4109268.809
2027-04-01T00:36:00.000Z,2160.0,-5645024.320,1053345.201,3857405.047
2027-04-01T00:37:00.000Z,2220.0,-5865074.339,758501.424,3588793.860
2027-04-01T00:38:00.000Z,2280.0,-6059721.673,460372.504,3304596.257
2027-04-01T00:39:00.000Z,2340.0,-6228114.780,160249.045,3006041.929
2027-04-01T00:40:00.000Z,2400.0,-6369515.817,-140568.856,2694423.974
2027-04-01T00:41:00.000Z,2460.0,-6483304.095,-440777.311,2371093.317
2027-04-01T00:42:00.000Z,2520.0,-6568979.018,-739074.381,2037452.840
2027-04-01T00:43:00.000Z,2580.0,-6626162.485,-1034165.831,1694951.247
2027-04-01T00:44:00.000Z,2640.0,-6654600.741,-1324770.881,1345076.690
2027-04-01T00:45:00.000Z,2700.0,-6654165.655,-1609627.905,989350.191
2027-04-01T00:46:00.000Z,2760.0,-6624855.416,-1887500.064,629318.897
2027-04-01T00:47:00.000Z,2820.0,-6566794.639,-2157180.834,266549.185
2027-04-01T00:48:00.000Z,2880.0,-6480233.881,-2417499.399,-97380.326
2027-04-01T00:49:00.000Z,2940.0,-6365548.560,-2667325.891,-460885.831
2027-04-01T00:50:00.000Z,3000.0,-6223237.287,-2905576.428,-822385.427
2027-04-01T00:51:00.000Z,3060.0,-6053919.614,-3131217.939,-1180306.184
2027-04-01T00:52:00.000Z,3120.0,-5858333.223,-3343272.752,-1533091.174
2027-04-01T00:53:00.000Z,3180.0,-5637330.557,-3540822.902,-1879206.408
2027-04-01T00:54:00.000Z,3240.0,-5391874.927,-3723014.164,-2217147.656
2027-04-01T00:55:00.000Z,3300.0,-5123036.108,-3889059.769,-2545447.106
2027-04-01T00:56:00.000Z,3360.0,-4831985.460,-4038243.799,-2862679.833
2027-04-01T00:57:00.000Z,3420.0,-4519990.601,-4169924.243,-3167470.050
2027-04-01T00:58:00.000Z,3480.0,-4188409.657,-4283535.701,-3458497.098
2027-04-01T00:59:00.000Z,3540.0,-3838685.139,-4378591.730,-3734501.168
2027-04-01T01:00:00.000Z,3600.0,-3472337.456,-4454686.822,-3994288.715
2027-04-01T01:01:00.000Z,3660.0,-3090958.134,-4511498.013,-4236737.551
2027-04-01T01:02:00.000Z,3720.0,-2696202.740,-4548786.119,-4460801.590
2027-04-01T01:03:00.000Z,3780.0,-2289783.578,-4566396.600,-4665515.244
2027-04-01T01:04:00.000Z,3840.0,-1873462.174,-4564260.052,-4849997.438
2027-04-01T01:05:00.000Z,3900.0,-1449041.592,-4542392.337,-5013455.243
2027-04-01T01:06:00.000Z,3960.0,-1018358.618,-4500894.345,-5155187.121
2027-04-01T01:07:00.000Z,4020.0,-583275.834,-4439951.410,-5274585.764
2027-04-01T01:08:00.000Z,4080.0,-145673.634,-4359832.367,-5371140.528
2027-04-01T01:09:00.000Z,4140.0,292557.812,-4260888.280,-5444439.462
2027-04-01T01:10:00.000Z,4200.0,729526.595,-4143550.832,-5494170.920
2027-04-01T01:11:00.000Z,4260.0,1163347.084,-4008330.396,-5520124.762
2027-04-01T01:12:00.000Z,4320.0,1592147.902,-3855813.794,-5522193.138
2027-04-01T01:13:00.000Z,4380.0,2014079.817,-3686661.751,-5500370.861
2027-04-01T01:14:00.000Z,4440.0,2427323.543,-3501606.061,-5454755.363
2027-04-01T01:15:00.000Z,4500.0,2830097.403,-3301446.465,-5385546.240
2027-04-01T01:16:00.000Z,4560.0,3220664.848,-3087047.265,-5293044.386
2027-04-01T01:17:00.000Z,4620.0,3597341.786,-2859333.670,-5177650.721
2027-04-01T01:18:00.000Z,4680.0,3958503.719,-2619287.902,-5039864.510
2027-04-01T01:19:00.000Z,4740.0,4302592.640,-2367945.057,-4880281.281
2027-04-01T01:20:00.000Z,4800.0,4628123.674,-2106388.754,-4699590.353
2027-04-01T01:21:00.000Z,4860.0,4933691.438,-1835746.559,-4498571.963
2027-04-01T01:22:00.000Z,4920.0,5217976.093,-1557185.236,-4278094.015
2027-04-01T01:23:00.000Z,4980.0,5479749.052,-1271905.799,-4039108.457
2027-04-01T01:24:00.000Z,5040.0,5717878.332,-981138.420,-3782647.281
2027-04-01T01:25:00.000Z,5100.0,5931333.516,-686137.188,-3509818.182
2027-04-01T01:26:00.000Z,5160.0,6119190.296,-388174.745,-3221799.875
2027-04-01T01:27:00.000Z,5220.0,6280634.583,-88536.830,-2919837.076
2027-04-01T01:28:00.000Z,5280.0,6414966.147,211483.264,-2605235.200
2027-04-01T01:29:00.000Z,5340.0,6521601.780,510590.275,-2279354.753
2027-04-01T01:30:00.000Z,5400.0,6600077.949,807492.593,-1943605.474
2027-04-01T01:31:00.000Z,5460.0,6650052.928,1100907.880,-1599440.239
2027-04-01T01:32:00.000Z,5520.0,6671308.393,1389568.664,-1248348.747
2027-04-01T01:33:00.000Z,5580.0,6663750.469,1672227.879,-891851.036
2027-04-01T01:34:00.000Z,5640.0,6627410.214,1947664.326,-531490.841
2027-04-01T01:35:00.000Z,5700.0,6562443.546,2214688.027,-168828.833
2027-04-01T01:36:00.000Z,5760.0,6469130.593,2472145.445,194564.220
2027-04-01T01:37:00.000Z,5820.0,6347874.493,2718924.537,557114.349
2027-04-01T01:38:00.000Z,5880.0,6199199.617,2953959.620,917251.293
2027-04-01T01:39:00.000Z,5940.0,6023749.261,3176236.035,1273415.395
2027-04-01T01:40:00.000Z,6000.0,5822282.780,3384794.560,1624064.428
2027-04-01T01:41:00.000Z,6060.0,5595672.222,3578735.580,1967680.358
2027-04-01T01:42:00.000Z,6120.0,5344898.439,3757222.972,2302775.960
2027-04-01T01:43:00.000Z,6180.0,5071046.731,3919487.701,2627901.304
2027-04-01T01:44:00.000Z,6240.0,4775302.030,4064831.105,2941650.036
2027-04-01T01:45:00.000Z,6300.0,4458943.654,4192627.859,3242665.468
2027-04-01T01:46:00.000Z,6360.0,4123339.665,4302328.601,3529646.409
2027-04-01T01:47:00.000Z,6420.0,3769940.851,4393462.227,3801352.747
2027-04-01T01:48:00.000Z,6480.0,3400274.378,4465637.824,4056610.738
2027-04-01T01:49:00.000Z,6540.0,3015937.130,4518546.259,4294317.989
2027-04-01T01:50:00.000Z,6600.0,2618588.778,4551961.409,4513448.117
2027-04-01T01:51:00.000Z,6660.0,2209944.607,4565741.037,4713055.072
2027-04-01T01:52:00.000Z,6720.0,1791768.136,4559827.308,4892277.095
2027-04-01T01:53:00.000Z,6780.0,1365863.565,4534246.956,5050340.326
2027-04-01T01:54:00.000Z,6840.0,934068.066,4489111.098,5186562.022
2027-04-01T01:55:00.000Z,6900.0,498243.974,4424614.701,5300353.401
2027-04-01T01:56:00.000Z,6960.0,60270.882,4341035.715,5391222.088
2027-04-01T01:57:00.000Z,7020.0,-377962.313,4238733.861,5458774.173
2027-04-01T01:58:00.000Z,7080.0,-814565.391,4118149.100,5502715.857
2027-04-01T01:59:00.000Z,7140.0,-1247654.796,3979799.774,5522854.702
2027-04-01T02:00:00.000Z,7200.0,-1675361.583,3824280.439,5519100.469
2027-04-01T02:01:00.000Z,7260.0,-2095839.320,3652259.387,5491465.546
2027-04-01T02:02:00.000Z,7320.0,-2507271.909,3464475.870,5440064.964
2027-04-01T02:03:00.000Z,7380.0,-2907881.284,3261737.037,5365115.999
2027-04-01T02:04:00.000Z,7440.0,-3295934.995,3044914.588,5266937.357
2027-04-01T02:05:00.000Z,7500.0,-3669753.611,2814941.158,5145947.953
2027-04-01T02:06:00.000Z,7560.0,-4027717.941,2572806.439,5002665.262
2027-04-01T02:07:00.000Z,7620.0,-4368276.035,2319553.054,4837703.272
2027-04-01T02:08:00.000Z,7680.0,-4689949.938,2056272.191,4651770.020
2027-04-01T02:09:00.000Z,7740.0,-4991342.165,1784099.018,4445664.721
2027-04-01T02:10:00.000Z,7800.0,-5271141.872,1504207.886,4220274.501
2027-04-01T02:11:00.000Z,7860.0,-5528130.689,1217807.338,3976570.736
2027-04-01T02:12:00.000Z,7920.0,-5761188.188,926134.950,3715605.008
2027-04-01T02:13:00.000Z,7980.0,-5969296.957,630452.009,3438504.686
2027-04-01T02:14:00.000Z,8040.0,-6151547.244,332038.066,3146468.153
2027-04-01T02:15:00.000Z,8100.0,-6307141.157,32185.371,2840759.690
2027-04-01T02:16:00.000Z,8160.0,-6435396.376,-267806.772,2522704.037
2027-04-01T02:17:00.000Z,8220.0,-6535749.365,-566637.717,2193680.652
2027-04-01T02:18:00.000Z,8280.0,-6607758.059,-863011.208,1855117.699
2027-04-01T02:19:00.000Z,8340.0,-6651104.005,-1155641.131,1508485.778
2027-04-01T02:20:00.000Z,8400.0,-6665593.930,-1443257.227,1155291.443
2027-04-01T02:21:00.000Z,8460.0,-6651160.748,-1724610.760,797070.527
2027-04-01T02:22:00.000Z,8520.0,-6607863.964,-1998480.089,435381.314
2027-04-01T02:23:00.000Z,8580.0,-6535889.497,-2263676.135,71797.590
2027-04-01T02:24:00.000Z,8640.0,-6435548.900,-2519047.697,-292098.386
2027-04-01T02:25:00.000Z,8700.0,-6307277.994,-2763486.592,-654722.963
2027-04-01T02:26:00.000Z,8760.0,-6151634.913,-2995932.599,-1014498.176
2027-04-01T02:27:00.000Z,8820.0,-5969297.574,-3215378.168,-1369858.801
2027-04-01T02:28:00.000Z,8880.0,-5761060.590,-3420872.882,-1719259.343
2027-04-01T02:29:00.000Z,8940.0,-5527831.635,-3611527.635,-2061180.911
2027-04-01T02:30:00.000Z,9000.0,-5270627.302,-3786518.523,-2394137.957
2027-04-01T02:31:00.000Z,9060.0,-4990568.453,-3945090.413,-2716684.838
2027-04-01T02:32:00.000Z,9120.0,-4688875.120,-4086560.188,-3027422.173
2027-04-01T02:33:00.000Z,9180.0,-4366860.957,-4210319.639,-3325002.955
2027-04-01T02:34:00.000Z,9240.0,-4025927.302,-4315838.017,-3608138.405
2027-04-01T02:35:00.000Z,9300.0,-3667556.866,-4402664.210,-3875603.530
2027-04-01T02:36:00.000Z,9360.0,-3293307.092,-4470428.563,-4126242.365
2027-04-01T02:37:00.000Z,9420.0,-2904803.222,-4518844.322,-4358972.889
2027-04-01T02:38:00.000Z,9480.0,-2503731.096,-4547708.708,-4572791.578
2027-04-01T02:39:00.000Z,9540.0,-2091829.736,-4556903.622,-4766777.606
2027-04-01T02:40:00.000Z,9600.0,-1670883.738,-4546395.981,-4940096.649
2027-04-01T02:41:00.000Z,9660.0,-1242715.514,-4516237.693,-5092004.320
2027-04-01T02:42:00.000Z,9720.0,-809177.406,-4466565.272,-5221849.189
2027-04-01T02:43:00.000Z,9780.0,-372143.726,-4397599.102,-5329075.414
2027-04-01T02:44:00.000Z,9840.0,66497.271,-4309642.363,-5413224.955
2027-04-01T02:45:00.000Z,9900.0,504851.428,-4203079.616,-5473939.377
2027-04-01T02:46:00.000Z,9960.0,941026.733,-4078375.060,-5510961.250
2027-04-01T02:47:00.000Z,10020.0,1373141.322,-3936070.482,-5524135.120
2027-04-01T02:48:00.000Z,10080.0,1799331.432,-3776782.891,-5513408.074
2027-04-01T02:49:00.000Z,10140.0,2217759.256,-3601201.856,-5478829.895
2027-04-01T02:50:00.000Z,10200.0,2626620.691,-3410086.558,-5420552.790
2027-04-01T02:51:00.000Z,10260.0,3024152.946,-3204262.563,-5338830.722
2027-04-01T02:52:00.000Z,10320.0,3408641.979,-2984618.333,-5234018.320
2027-04-01T02:53:00.000Z,10380.0,3778429.748,-2752101.478,-5106569.391
2027-04-01T02:54:00.000Z,10440.0,4131921.242,-2507714.764,-4957035.024
2027-04-01T02:55:00.000Z,10500.0,4467591.269,-2252511.896,-4786061.298
2027-04-01T02:56:00.000Z,10560.0,4783990.971,-1987593.077,-4594386.590
2027-04-01T02:57:00.000Z,10620.0,5079754.047,-1714100.371,-4382838.507
2027-04-01T02:58:00.000Z,10680.0,5353602.653,-1433212.876,-4152330.425
2027-04-01T02:59:00.000Z,10740.0,5604352.943,-1146141.722,-3903857.669
2027-04-01T03:00:00.000Z,10800.0,5830920.248,-854124.929,-3638493.330
2027-04-01T03:01:00.000Z,10860.0,6032323.841,-558422.115,-3357383.731
2027-04-01T03:02:00.000Z,10920.0,6207691.281,-260309.110,-3061743.568
2027-04-01T03:03:00.000Z,10980.0,6356262.299,38927.537,-2752850.735
2027-04-01T03:04:00.000Z,11040.0,6477392.221,337996.101,-2432040.856
2027-04-01T03:05:00.000Z,11100.0,6570554.884,635605.281,-2100701.539
2027-04-01T03:06:00.000Z,11160.0,6635345.040,930469.810,-1760266.388
2027-04-01T03:07:00.000Z,11220.0,6671480.238,1221316.049,-1412208.785
2027-04-01T03:08:00.000Z,11280.0,6678802.148,1506887.554,-1058035.483
2027-04-01T03:09:00.000Z,11340.0,6657277.341,1785950.575,-699280.033
2027-04-01T03:10:00.000Z,11400.0,6606997.499,2057299.458,-337496.074
2027-04-01T03:11:00.000Z,11460.0,6528179.065,2319761.934,25749.475
2027-04-01T03:12:00.000Z,11520.0,6421162.321,2572204.256,388883.288
2027-04-01T03:13:00.000Z,11580.0,6286409.905,2813536.167,750332.539
2027-04-01T03:14:00.000Z,11640.0,6124504.772,3042715.670,1108531.806
2027-04-01T03:15:00.000Z,11700.0,5936147.611,3258753.569,1461929.942
2027-04-01T03:16:00.000Z,11760.0,5722153.728,3460717.779,1808996.859
2027-04-01T03:17:00.000Z,11820.0,5483449.421,3647737.357,2148230.228
2027-04-01T03:18:00.000Z,11880.0,5221067.855,3819006.259,2478162.020
2027-04-01T03:19:00.000Z,11940.0,4936144.476,3973786.798,2797364.891
2027-04-01T03:20:00.000Z,12000.0,4629911.977,4111412.778,3104458.363
2027-04-01T03:21:00.000Z,12060.0,4303694.851,4231292.314,3398114.775
2027-04-01T03:22:00.000Z,12120.0,3958903.555,4332910.306,3677064.989
2027-04-01T03:23:00.000Z,12180.0,3597028.324,4415830.575,3940103.812
2027-04-01T03:24:00.000Z,12240.0,3219632.662,4479697.648,4186095.127
2027-04-01T03:25:00.000Z,12300.0,2828346.536,4524238.190,4413976.701
2027-04-01T03:26:00.000Z,12360.0,2424859.322,4549262.078,4622764.669
2027-04-01T03:27:00.000Z,12420.0,2010912.521,4554663.125,4811557.660
2027-04-01T03:28:00.000Z,12480.0,1588292.279,4540419.447,4979540.571
2027-04-01T03:29:00.000Z,12540.0,1158821.751,4506593.481,5125987.965
2027-04-01T03:30:00.000Z,12600.0,724353.334,4453331.649,5250267.091
2027-04-01T03:31:00.000Z,12660.0,286760.795,4380863.695,5351840.515
2027-04-01T03:32:00.000Z,12720.0,-152068.662,4289501.663,5430268.357
2027-04-01T03:33:00.000Z,12780.0,-590242.381,4179638.565,5485210.133
2027-04-01T03:34:00.000Z,12840.0,-1025870.249,4051746.709,5516426.183
2027-04-01T03:35:00.000Z,12900.0,-1457072.669,3906375.721,5523778.708
2027-04-01T03:36:00.000Z,12960.0,-1881988.509,3744150.243,5507232.383
2027-04-01T03:37:00.000Z,13020.0,-2298782.965,3565767.348,5466854.567
2027-04-01T03:38:00.000Z,13080.0,-2705655.345,3371993.639,5402815.097
2027-04-01T03:39:00.000Z,13140.0,-3100846.719,3163662.081,5315385.667
2027-04-01T03:40:00.000Z,13200.0,-3482647.428,2941668.543,5204938.797
2027-04-01T03:41:00.000Z,13260.0,-3849404.416,2706968.082,5071946.380
2027-04-01T03:42:00.000Z,13320.0,-4199528.354,2460570.967,4916977.822
2027-04-01T03:43:00.000Z,13380.0,-4531500.536,2203538.461,4740697.773
2027-04-01T03:44:00.000Z,13440.0,-4843879.508,1936978.368,4543863.439
2027-04-01T03:45:00.000Z,13500.0,-5135307.410,1662040.366,4327321.505
2027-04-01T03:46:00.000Z,13560.0,-5404515.998,1379911.138,4092004.655
2027-04-01T03:47:00.000Z,13620.0,-5650332.305,1091809.316,3838927.701
2027-04-01T03:48:00.000Z,13680.0,-5871683.936,798980.261,3569183.340
2027-04-01T03:49:00.000Z,13740.0,-6067603.938,502690.698,3283937.545
2027-04-01T03:50:00.000Z,13800.0,-6237235.242,204223.222,2984424.605
2027-04-01T03:51:00.000Z,13860.0,-6379834.631,-95129.288,2671941.833
2027-04-01T03:52:00.000Z,13920.0,-6494776.223,-394069.335,2347843.966
2027-04-01T03:53:00.000Z,13980.0,-6581554.429,-691300.519,2013537.271
2027-04-01T03:54:00.000Z,14040.0,-6639786.380,-985533.265,1670473.397
2027-04-01T03:55:00.000Z,14100.0,-6669213.798,-1275490.555,1320142.984
2027-04-01T03:56:00.000Z,14160.0,-6669704.292,-1559913.606,964069.078
2027-04-01T03:57:00.000Z,14220.0,-6641252.072,-1837567.492,603800.366
2027-04-01T03:58:00.000Z,14280.0,-6583978.073,-2107246.663,240904.279
2027-04-01T03:59:00.000Z,14340.0,-6498129.486,-2367780.337,-123040.002
2027-04-01T04:00:00.000Z,14400.0,-6384078.687,-2618037.728,-486448.605
2027-04-01T04:01:00.000Z,14460.0,-6242321.582,-2856933.098,-847740.059
2027-04-01T04:02:00.000Z,14520.0,-6073475.372,-3083430.587,-1205342.356
2027-04-01T04:03:00.000Z,14580.0,-5878275.740,-3296548.810,-1557699.982
2027-04-01T04:04:00.000Z,14640.0,-5657573.500,-3495365.186,-1903280.841
2027-04-01T04:05:00.000Z,14700.0,-5412330.700,-3679019.986,-2240583.071
2027-04-01T04:06:00.000Z,14760.0,-5143616.231,-3846720.078,-2568141.683
2027-04-01T04:07:00.000Z,14820.0,-4852600.946,-3997742.347,-2884535.027
2027-04-01T04:08:00.000Z,14880.0,-4540552.337,-4131436.784,-3188391.012
2027-04-01T04:09:00.000Z,14940.0,-4208828.784,-4247229.226,-3478393.091
2027-04-01T04:10:00.000Z,15000.0,-3858873.432,-4344623.742,-3753285.955
2027-04-01T04:11:00.000Z,15060.0,-3492207.700,-4423204.650,-4011880.928
2027-04-01T04:12:00.000Z,15120.0,-3110424.497,-4482638.176,-4253061.033
2027-04-01T04:13:00.000Z,15180.0,-2715181.141,-4522673.733,-4475785.723
2027-04-01T04:14:00.000Z,15240.0,-2308192.046,-4543144.839,-4679095.239
2027-04-01T04:15:00.000Z,15300.0,-1891221.202,-4543969.663,-4862114.606
2027-04-01T04:16:00.000Z,15360.0,-1466074.479,-4525151.205,-5024057.237
2027-04-01T04:17:00.000Z,15420.0,-1034591.800,-4486777.121,-5164228.152
2027-04-01T04:18:00.000Z,15480.0,-598639.205,-4429019.191,-5282026.785
2027-04-01T04:19:00.000Z,15540.0,-160100.850,-4352132.441,-5376949.396
2027-04-01T04:20:00.000Z,15600.0,279129.045,-4256453.927,-5448591.063
2027-04-01T04:21:00.000Z,15660.0,717154.244,-4142401.188,-5496647.275
2027-04-01T04:22:00.000Z,15720.0,1152084.540,-4010470.380,-5520915.092
2027-04-01T04:23:00.000Z,15780.0,1582043.738,-3861234.091,-5521293.912
2027-04-01T04:24:00.000Z,15840.0,2005177.581,-3695338.863,-5497785.806
2027-04-01T04:25:00.000Z,15900.0,2419661.558,-3513502.415,-5450495.449
2027-04-01T04:26:00.000Z,15960.0,2823708.605,-3316510.581,-5379629.633
2027-04-01T04:27:00.000Z,16020.0,3215576.634,-3105213.985,-5285496.376
2027-04-01T04:28:00.000Z,16080.0,3593575.898,-2880524.445,-5168503.619
2027-04-01T04:29:00.000Z,16140.0,3956076.147,-2643411.136,-5029157.512
2027-04-01T04:30:00.000Z,16200.0,4301513.552,-2394896.505,-4868060.313
2027-04-01T04:31:00.000Z,16260.0,4628397.377,-2136051.974,-4685907.879
2027-04-01T04:32:00.000Z,16320.0,4935316.359,-1867993.419,-4483486.767
2027-04-01T04:33:00.000Z,16380.0,5220944.790,-1591876.463,-4261670.963
2027-04-01T04:34:00.000Z,16440.0,5484048.255,-1308891.585,-4021418.220
2027-04-01T04:35:00.000Z,16500.0,5723489.005,-1020259.065,-3763766.042
2027-04-01T04:36:00.000Z,16560.0,5938230.946,-727223.785,-3489827.316
2027-04-01T04:37:00.000Z,16620.0,6127344.211,-431049.911,-3200785.598
2027-04-01T04:38:00.000Z,16680.0,6290009.291,-133015.464,-2897890.086
2027-04-01T04:39:00.000Z,16740.0,6425520.699,165593.181,-2582450.279
2027-04-01T04:40:00.000Z,16800.0,6533290.158,463486.857,-2255830.363
2027-04-01T04:41:00.000Z,16860.0,6612849.273,759379.200,-1919443.329
2027-04-01T04:42:00.000Z,16920.0,6663851.685,1051992.240,-1574744.860
2027-04-01T04:43:00.000Z,16980.0,6686074.686,1340061.981,-1223227.008
2027-04-01T04:44:00.000Z,17040.0,6679420.281,1622343.925,-866411.693
2027-04-01T04:45:00.000Z,17100.0,6643915.690,1897618.520,-505844.051
2027-04-01T04:46:00.000Z,17160.0,6579713.290,2164696.510,-143085.672
2027-04-01T04:47:00.000Z,17220.0,6487089.979,2422424.144,220292.250
2027-04-01T04:48:00.000Z,17280.0,6366445.986,2669688.236,582715.813
2027-04-01T04:49:00.000Z,17340.0,6218303.111,2905421.036,942615.317
2027-04-01T04:50:00.000Z,17400.0,6043302.413,3128604.895,1298432.149
2027-04-01T04:51:00.000Z,17460.0,5842201.372,3338276.698,1648625.621
2027-04-01T04:52:00.000Z,17520.0,5615870.508,3533532.046,1991679.706
2027-04-01T04:53:00.000Z,17580.0,5365289.513,3713529.162,2326109.656
2027-04-01T04:54:00.000Z,17640.0,5091542.893,3877492.511,2650468.470
2027-04-01T04:55:00.000Z,17700.0,4795815.153,4024716.114,2963353.166
2027-04-01T04:56:00.000Z,17760.0,4479385.558,4154566.540,3263410.843
2027-04-01T04:57:00.000Z,17820.0,4143622.484,4266485.573,3549344.509
2027-04-01T04:58:00.000Z,17880.0,3789977.404,4359992.538,3819918.631
2027-04-01T04:59:00.000Z,17940.0,3419978.538,4434686.278,4073964.405
2027-04-01T05:00:00.000Z,18000.0,3035224.184,4490246.789,4310384.719
2027-04-01T05:01:00.000Z,18060.0,2637375.786,4526436.498,4528158.785
2027-04-01T05:02:00.000Z,18120.0,2228150.757,4543101.181,4726346.437
2027-04-01T05:03:00.000Z,18180.0,1809315.087,4540170.539,4904092.064
2027-04-01T05:04:00.000Z,18240.0,1382675.779,4517658.416,5060628.189
2027-04-01T05:05:00.000Z,18300.0,950073.139,4475662.667,5195278.664
2027-04-01T05:06:00.000Z,18360.0,513372.944,4414364.687,5307461.480
2027-04-01T05:07:00.000Z,18420.0,74458.532,4334028.594,5396691.190
2027-04-01T05:08:00.000Z,18480.0,-364777.170,4235000.087,5462580.933
2027-04-01T05:09:00.000Z,18540.0,-802439.642,4117704.970,5504844.057
2027-04-01T05:10:00.000Z,18600.0,-1236640.777,3982647.354,5523295.338
2027-04-01T05:11:00.000Z,18660.0,-1665506.844,3830407.552,5517851.785
2027-04-01T05:12:00.000Z,18720.0,-2087186.415,3661639.663,5488533.046
2027-04-01T05:13:00.000Z,18780.0,-2499858.197,3477068.857,5435461.387
2027-04-01T05:14:00.000Z,18840.0,-2901738.768,3277488.372,5358861.271
2027-04-01T05:15:00.000Z,18900.0,-3291090.170,3063756.230,5259058.511
2027-04-01T05:16:00.000Z,18960.0,-3666227.342,2836791.674,5136479.021
2027-04-01T05:17:00.000Z,19020.0,-4025525.369,2597571.357,4991647.136
2027-04-01T05:18:00.000Z,19080.0,-4367426.504,2347125.264,4825183.541
2027-04-01T05:19:00.000Z,19140.0,-4690446.953,2086532.407,4637802.772
2027-04-01T05:20:00.000Z,19200.0,-4993183.370,1816916.287,4430310.324
2027-04-01T05:21:00.000Z,19260.0,-5274319.062,1539440.153,4203599.351
2027-04-01T05:22:00.000Z,19320.0,-5532629.846,1255302.057,3958646.982
2027-04-01T05:23:00.000Z,19380.0,-5766989.543,965729.737,3696510.249
2027-04-01T05:24:00.000Z,19440.0,-5976375.076,671975.349,3418321.643
2027-04-01T05:25:00.000Z,19500.0,-6159871.148,375310.045,3125284.318
2027-04-01T05:26:00.000Z,19560.0,-6316674.455,77018.460,2818666.951
2027-04-01T05:27:00.000Z,19620.0,-6446097.435,-221606.911,2499798.283
2027-04-01T05:28:00.000Z,19680.0,-6547571.492,-519271.384,2170061.358
2027-04-01T05:29:00.000Z,19740.0,-6620649.717,-814683.802,1830887.491
2027-04-01T05:30:00.000Z,19800.0,-6665009.034,-1106562.255,1483749.986
2027-04-01T05:31:00.000Z,19860.0,-6680451.807,-1393639.780,1130157.637
2027-04-01T05:32:00.000Z,19920.0,-6666906.847,-1674670.009,771648.041
2027-04-01T05:33:00.000Z,19980.0,-6624429.849,-1948432.733,409780.765
2027-04-01T05:34:00.000Z,20040.0,-6553203.217,-2213739.360,46130.387
2027-04-01T05:35:00.000Z,20100.0,-6453535.308,-2469438.231,-317720.541
2027-04-01T05:36:00.000Z,20160.0,-6325859.076,-2714419.759,-680188.564
2027-04-01T05:37:00.000Z,20220.0,-6170730.124,-2947621.378,-1039696.413
2027-04-01T05:38:00.000Z,20280.0,-5988824.187,-3168032.265,-1394680.051
2027-04-01T05:39:00.000Z,20340.0,-5780934.054,-3374697.811,-1743595.655
2027-04-01T05:40:00.000Z,20400.0,-5547965.941,-3566723.827,-2084926.481
2027-04-01T05:41:00.000Z,20460.0,-5290935.346,-3743280.445,-2417189.595
2027-04-01T05:42:00.000Z,20520.0,-5010962.416,-3903605.725,-2738942.423
2027-04-01T05:43:00.000Z,20580.0,-4709266.838,-4047008.918,-3048789.083
2027-04-01T05:44:00.000Z,20640.0,-4387162.301,-4172873.406,-3345386.492
2027-04-01T05:45:00.000Z,20700.0,-4046050.550,-4280659.280,-3627450.193
2027-04-01T05:46:00.000Z,20760.0,-3687415.082,-4369905.563,-3893759.891
2027-04-01T05:47:00.000Z,20820.0,-3312814.496,-4440232.075,-4143164.680
2027-04-01T05:48:00.000Z,20880.0,-2923875.554,-4491340.918,-4374587.926
2027-04-01T05:49:00.000Z,20940.0,-2522285.980,-4523017.606,-4587031.804
2027-04-01T05:50:00.000Z,21000.0,-2109787.034,-4535131.819,-4779581.465
2027-04-01T05:51:00.000Z,21060.0,-1688165.894,-4527637.795,-4951408.818
2027-04-01T05:52:00.000Z,21120.0,-1259247.886,-4500574.357,-5101775.937
2027-04-01T05:53:00.000Z,21180.0,-824888.596,-4454064.589,-5230038.055
2027-04-01T05:54:00.000Z,21240.0,-386965.883,-4388315.159,-5335646.159
2027-04-01T05:55:00.000Z,21300.0,52628.149,-4303615.303,-5418149.184
2027-04-01T05:56:00.000Z,21360.0,491995.218,-4200335.471,-5477195.787
2027-04-01T05:57:00.000Z,21420.0,929238.924,-4078925.650,-5512535.710
2027-04-01T05:58:00.000Z,21480.0,1362472.768,-3939913.367,-5524020.727
2027-04-01T05:59:00.000Z,21540.0,1789828.130,-3783901.392,-5511605.186
2027-04-01T06:00:00.000Z,21600.0,2209462.142,-3611565.133,-5475346.119
2027-04-01T06:01:00.000Z,21660.0,2619565.460,-3423649.752,-5415402.959
2027-04-01T06:02:00.000Z,21720.0,3018369.892,-3220966.995,-5332036.827
2027-04-01T06:03:00.000Z,21780.0,3404155.864,-3004391.764,-5225609.427
2027-04-01T06:04:00.000Z,21840.0,3775259.692,-2774858.424,-5096581.517
2027-04-01T06:05:00.000Z,21900.0,4130080.640,-2533356.870,-4945510.992
2027-04-01T06:06:00.000Z,21960.0,4467087.734,-2280928.364,-4773050.560
2027-04-01T06:07:00.000Z,22020.0,4784826.303,-2018661.147,-4579945.026
2027-04-01T06:08:00.000Z,22080.0,5081924.231,-1747685.850,-4367028.189
2027-04-01T06:09:00.000Z,22140.0,5357097.876,-1469170.718,-4135219.365
2027-04-01T06:10:00.000Z,22200.0,5609157.650,-1184316.655,-3885519.532
2027-04-01T06:11:00.000Z,22260.0,5837013.211,-894352.121,-3619007.120
2027-04-01T06:12:00.000Z,22320.0,6039678.261,-600527.885,-3336833.462
2027-04-01T06:13:00.000Z,22380.0,6216274.913,-304111.673,-3040217.905
2027-04-01T06:14:00.000Z,22440.0,6366037.603,-6382.715,-2730442.614
2027-04-01T06:15:00.000Z,22500.0,6488316.529,291373.774,-2408847.085
2027-04-01T06:16:00.000Z,22560.0,6582580.598,587872.161,-2076822.377
2027-04-01T06:17:00.000Z,22620.0,6648419.846,881831.981,-1735805.109
2027-04-01T06:18:00.000Z,22680.0,6685547.337,1171983.511,-1387271.231
2027-04-01T06:19:00.000Z,22740.0,6693800.515,1457073.323,-1032729.596
2027-04-01T06:20:00.000Z,22800.0,6673141.988,1735869.761,-673715.381
2027-04-01T06:21:00.000Z,22860.0,6623659.767,2007168.343,-311783.370
2027-04-01T06:22:00.000Z,22920.0,6545566.918,2269797.038,51498.865
2027-04-01T06:23:00.000Z,22980.0,6439200.660,2522621.404,414557.833
2027-04-01T06:24:00.000Z,23040.0,6305020.892,2764549.560,775821.042
2027-04-01T06:25:00.000Z,23100.0,6143608.164,2994536.957,1133723.891
2027-04-01T06:26:00.000Z,23160.0,5955661.102,3211590.937,1486716.540
2027-04-01T06:27:00.000Z,23220.0,5741993.299,3414775.047,1833270.693
2027-04-01T06:28:00.000Z,23280.0,5503529.695,3603213.102,2171886.282
2027-04-01T06:29:00.000Z,23340.0,5241302.459,3776092.952,2501097.999
2027-04-01T06:30:00.000Z,23400.0,4956446.402,3932669.971,2819481.666
2027-04-01T06:31:00.000Z,23460.0,4650193.951,4072270.222,3125660.404
2027-04-01T06:32:00.000Z,23520.0,4323869.695,4194293.306,3418310.562
2027-04-01T06:33:00.000Z,23580.0,3978884.560,4298214.880,3696167.405
2027-04-01T06:34:00.000Z,23640.0,3616729.609,4383588.823,3958030.517
2027-04-01T06:35:00.000Z,23700.0,3238969.539,4450049.072,4202768.905
2027-04-01T06:36:00.000Z,23760.0,2847235.866,4497311.094,4429325.791
2027-04-01T06:37:00.000Z,23820.0,2443219.870,4525173.012,4636723.060
2027-04-01T06:38:00.000Z,23880.0,2028665.297,4533516.382,4824065.372
2027-04-01T06:39:00.000Z,23940.0,1605360.878,4522306.604,4990543.901
2027-04-01T06:40:00.000Z,24000.0,1175132.683,4491593.003,5135439.709
2027-04-01T06:41:00.000Z,24060.0,739836.336,4441508.553,5258126.740
2027-04-01T06:42:00.000Z,24120.0,301349.143,4372269.256,5358074.418
2027-04-01T06:43:00.000Z,24180.0,-138437.869,4284173.199,5434849.861
2027-04-01T06:44:00.000Z,24240.0,-577627.941,4177599.270,5488119.690
2027-04-01T06:45:00.000Z,24300.0,-1014326.595,4053005.549,5517651.432
2027-04-01T06:46:00.000Z,24360.0,-1446649.633,3910927.392,5523314.522
2027-04-01T06:47:00.000Z,24420.0,-1872731.093,3751975.195,5505080.895
2027-04-01T06:48:00.000Z,24480.0,-2290731.142,3576831.860,5463025.160
2027-04-01T06:49:00.000Z,24540.0,-2698843.877,3386249.969,5397324.367
2027-04-01T06:50:00.000Z,24600.0,-3095304.998,3181048.660,5308257.358
2027-04-01T06:51:00.000Z,24660.0,-3478399.342,2962110.246,5196203.704
2027-04-01T06:52:00.000Z,24720.0,-3846468.238,2730376.542,5061642.228
2027-04-01T06:53:00.000Z,24780.0,-4197916.659,2486844.958,4905149.114
2027-04-01T06:54:00.000Z,24840.0,-4531220.139,2232564.329,4727395.602
2027-04-01T06:55:00.000Z,24900.0,-4844931.433,1968630.517,4529145.287
2027-04-01T06:56:00.000Z,24960.0,-5137686.885,1696181.801,4311251.002
2027-04-01T06:57:00.000Z,25020.0,-5408212.471,1416394.052,4074651.314
2027-04-01T06:58:00.000Z,25080.0,-5655329.496,1130475.726,3820366.629
2027-04-01T06:59:00.000Z,25140.0,-5877959.905,839662.690,3549494.923
2027-04-01T07:00:00.000Z,25200.0,-6075131.188,545212.893,3263207.105
2027-04-01T07:01:00.000Z,25260.0,-6245980.840,248400.922,2962742.037
2027-04-01T07:02:00.000Z,25320.0,-6389760.359,-49487.561,2649401.220
2027-04-01T07:03:00.000Z,25380.0,-6505838.748,-347161.446,2324543.170
2027-04-01T07:04:00.000Z,25440.0,-6593705.499,-643329.860,1989577.511
2027-04-01T07:05:00.000Z,25500.0,-6652973.039,-936707.878,1645958.806
2027-04-01T07:06:00.000Z,25560.0,-6683378.625,-1226022.222,1295180.151
2027-04-01T07:07:00.000Z,25620.0,-6684785.653,-1510016.933,938766.579
2027-04-01T07:08:00.000Z,25680.0,-6657184.395,-1787458.974,578268.283
2027-04-01T07:09:00.000Z,25740.0,-6600692.137,-2057143.743,215253.717
2027-04-01T07:10:00.000Z,25800.0,-6515552.725,-2317900.453,-148697.413
2027-04-01T07:11:00.000Z,25860.0,-6402135.506,-2568597.371,-512001.205
2027-04-01T07:12:00.000Z,25920.0,-6260933.688,-2808146.863,-873076.651
2027-04-01T07:13:00.000Z,25980.0,-6092562.113,-3035510.240,-1230352.704
2027-04-01T07:14:00.000Z,26040.0,-5897754.454,-3249702.360,-1582275.295
2027-04-01T07:15:00.000Z,26100.0,-5677359.869,-3449795.979,-1927314.258
2027-04-01T07:16:00.000Z,26160.0,-5432339.114,-3634925.817,-2263970.128
2027-04-01T07:17:00.000Z,26220.0,-5163760.154,-3804292.327,-2590780.778
2027-04-01T07:18:00.000Z,26280.0,-4872793.287,-3957165.144,-2906327.855
2027-04-01T07:19:00.000Z,26340.0,-4560705.821,-4092886.210,-3209243.001
2027-04-01T07:20:00.000Z,26400.0,-4228856.325,-4210872.543,-3498213.806
2027-04-01T07:21:00.000Z,26460.0,-3878688.503,-4310618.666,-3771989.488
2027-04-01T07:22:00.000Z,26520.0,-3511724.706,-4391698.669,-4029386.266
2027-04-01T07:23:00.000Z,26580.0,-3129559.137,-4453767.907,-4269292.401
2027-04-01T07:24:00.000Z,26640.0,-2733850.770,-4496564.334,-4490672.902
2027-04-01T07:25:00.000Z,26700.0,-2326316.031,-4519909.469,-4692573.861
2027-04-01T07:26:00.000Z,26760.0,-1908721.267,-4523708.994,-4874126.421
2027-04-01T07:27:00.000Z,26820.0,-1482875.043,-4507952.991,-5034550.356
2027-04-01T07:28:00.000Z,26880.0,-1050620.305,-4472715.824,-5173157.254
2027-04-01T07:29:00.000Z,26940.0,-613826.429,-4418155.665,-5289353.308
2027-04-01T07:30:00.000Z,27000.0,-174381.209,-4344513.673,-5382641.689
2027-04-01T07:31:00.000Z,27060.0,265817.209,-4252112.845,-5452624.516
2027-04-01T07:32:00.000Z,27120.0,704868.395,-4141356.524,-5499004.415
2027-04-01T07:33:00.000Z,27180.0,1140877.692,-4012726.595,-5521585.654
2027-04-01T07:34:00.000Z,27240.0,1571964.227,-3866781.368,-5520274.879
2027-04-01T07:35:00.000Z,27300.0,1996268.845,-3704153.152,-5495081.420
2027-04-01T07:36:00.000Z,27360.0,2411961.951,-3525545.548,-5446117.192
2027-04-01T07:37:00.000Z,27420.0,2817251.221,-3331730.442,-5373596.181
2027-04-01T07:38:00.000Z,27480.0,3210389.167,-3123544.741,-5277833.523
2027-04-01T07:39:00.000Z,27540.0,3589680.516,-2901886.836,-5159244.168
2027-04-01T07:40:00.000Z,27600.0,3953489.397,-2667712.820,-5018341.147
2027-04-01T07:41:00.000Z,27660.0,4300246.289,-2422032.463,-4855733.431
2027-04-01T07:42:00.000Z,27720.0,4628454.716,-2165904.964,-4672123.401
2027-04-01T07:43:00.000Z,27780.0,4936697.660,-1900434.483,-4468303.923
2027-04-01T07:44:00.000Z,27840.0,5223643.663,-1626765.487,-4245155.040
2027-04-01T07:45:00.000Z,27900.0,5488052.590,-1346077.900,-4003640.293
2027-04-01T07:46:00.000Z,27960.0,5728781.038,-1059582.098,-3744802.678
2027-04-01T07:47:00.000Z,28020.0,5944787.339,-768513.750,-3469760.246
2027-04-01T07:48:00.000Z,28080.0,6135136.163,-474128.539,-3179701.376
2027-04-01T07:49:00.000Z,28140.0,6299002.671,-177696.771,-2875879.713
2027-04-01T07:50:00.000Z,28200.0,6435676.206,119502.097,-2559608.817
2027-04-01T07:51:00.000Z,28260.0,6544563.498,416184.985,-2232256.522
2027-04-01T07:52:00.000Z,28320.0,6625191.359,711070.762,-1895239.042
2027-04-01T07:53:00.000Z,28380.0,6677208.861,1002885.812,-1550014.834
2027-04-01T07:54:00.000Z,28440.0,6700388.962,1290369.595,-1198078.269
2027-04-01T07:55:00.000Z,28500.0,6694629.595,1572280.160,-840953.115
2027-04-01T07:56:00.000Z,28560.0,6659954.180,1847399.576,-480185.878
2027-04-01T07:57:00.000Z,28620.0,6596511.581,2114539.277,-117339.029
2027-04-01T07:58:00.000Z,28680.0,6504575.485,2372545.267,246015.845
2027-04-01T07:59:00.000Z,28740.0,6384543.224,2620303.182,608304.946
2027-04-01T08:00:00.000Z,28800.0,6236934.025,2856743.163,967959.165
2027-04-01T08:01:00.000Z,28860.0,6062386.710,3080844.531,1323420.977
2027-04-01T08:02:00.000Z,28920.0,5861656.859,3291640.234,1673151.258
2027-04-01T08:03:00.000Z,28980.0,5635613.446,3488221.039,2015636.026
2027-04-01T08:04:00.000Z,29040.0,5385234.967,3669739.469,2349393.042
2027-04-01T08:05:00.000Z,29100.0,5111605.091,3835413.439,2672978.266
2027-04-01T08:06:00.000Z,29160.0,4815907.847,3984529.598,2984992.116
2027-04-01T08:07:00.000Z,29220.0,4499422.386,4116446.358,3284085.514
2027-04-01T08:08:00.000Z,29280.0,4163517.332,4230596.591,3568965.689
2027-04-01T08:09:00.000Z,29340.0,3809644.771,4326489.996,3838401.715
2027-04-01T08:10:00.000Z,29400.0,3439333.891,4403715.117,4091229.754
2027-04-01T08:11:00.000Z,29460.0,3054184.318,4461941.022,4326357.998
2027-04-01T08:12:00.000Z,29520.0,2655859.177,4500918.626,4542771.275
2027-04-01T08:13:00.000Z,29580.0,2246077.903,4520481.666,4739535.322
2027-04-01T08:14:00.000Z,29640.0,1826608.852,4520547.320,4915800.696
2027-04-01T08:15:00.000Z,29700.0,1399261.722,4501116.485,5070806.319
2027-04-01T08:16:00.000Z,29760.0,965879.830,4462273.699,5203882.649
2027-04-01T08:17:00.000Z,29820.0,528332.281,4404186.726,5314454.464
2027-04-01T08:18:00.000Z,29880.0,88506.031,4327105.805,5402043.253
2027-04-01T08:19:00.000Z,29940.0,-351702.090,4231362.556,5466269.215
2027-04-01T08:20:00.000Z,30000.0,-790393.392,4117368.575,5506852.850
2027-04-01T08:21:00.000Z,30060.0,-1225675.348,3985613.694,5523616.150
2027-04-01T08:22:00.000Z,30120.0,-1655669.577,3836663.936,5516483.376
2027-04-01T08:23:00.000Z,30180.0,-2078519.784,3671159.161,5485481.433
2027-04-01T08:24:00.000Z,30240.0,-2492399.622,3489810.414,5430739.822
2027-04-01T08:25:00.000Z,30300.0,-2895520.443,3293396.982,5352490.187
2027-04-01T08:26:00.000Z,30360.0,-3286138.914,3082763.168,5251065.444
2027-04-01T08:27:00.000Z,30420.0,-3662564.479,2858814.794,5126898.492
2027-04-01T08:28:00.000Z,30480.0,-4023166.629,2622515.437,4980520.522
2027-04-01T08:29:00.000Z,30540.0,-4366381.949,2374882.419,4812558.897
2027-04-01T08:30:00.000Z,30600.0,-4690720.927,2116982.547,4623734.643
2027-04-01T08:31:00.000Z,30660.0,-4994774.483,1849927.637,4414859.513
2027-04-01T08:32:00.000Z,30720.0,-5277220.190,1574869.813,4186832.675
2027-04-01T08:33:00.000Z,30780.0,-5536828.165,1292996.623,3940636.989
2027-04-01T08:34:00.000Z,30840.0,-5772466.584,1005525.958,3677334.914
2027-04-01T08:35:00.000Z,30900.0,-5983106.813,713700.830,3398064.039
2027-04-01T08:36:00.000Z,30960.0,-6167828.100,418783.995,3104032.264
2027-04-01T08:37:00.000Z,31020.0,-6325821.826,122052.469,2796512.635
2027-04-01T08:38:00.000Z,31080.0,-6456395.263,-175208.054,2476837.864
2027-04-01T08:39:00.000Z,31140.0,-6558974.838,-471708.848,2146394.552
2027-04-01T08:40:00.000Z,31200.0,-6633108.858,-766163.841,1806617.134
2027-04-01T08:41:00.000Z,31260.0,-6678469.694,-1057295.311,1458981.585
2027-04-01T08:42:00.000Z,31320.0,-6694855.390,-1343839.572,1104998.905
2027-04-01T08:43:00.000Z,31380.0,-6682190.706,-1624552.599,746208.424
2027-04-01T08:44:00.000Z,31440.0,-6640527.555,-1898215.589,384170.955
2027-04-01T08:45:00.000Z,31500.0,-6570044.858,-2163640.410,20461.832
2027-04-01T08:46:00.000Z,31560.0,-6471047.791,-2419674.906,-343336.130
2027-04-01T08:47:00.000Z,31620.0,-6343966.447,-2665208.052,-705639.712
2027-04-01T08:48:00.000Z,31680.0,-6189353.898,-2899174.897,-1064872.374
2027-04-01T08:49:00.000Z,31740.0,-6007883.689,-3120561.302,-1419471.301
2027-04-01T08:50:00.000Z,31800.0,-5800346.765,-3328408.425,-1767894.375
2027-04-01T08:51:00.000Z,31860.0,-5567647.854,-3521816.940,-2108627.035
2027-04-01T08:52:00.000Z,31920.0,-5310801.325,-3699950.972,-2440188.992
2027-04-01T08:53:00.000Z,31980.0,-5030926.563,-3862041.717,-2761140.770
2027-04-01T08:54:00.000Z,32040.0,-4729242.856,-4007390.747,-3070090.021
2027-04-01T08:55:00.000Z,32100.0,-4407063.864,-4135372.977,-3365697.612
2027-04-01T08:56:00.000Z,32160.0,-4065791.674,-4245439.284,-3646683.435
2027-04-01T08:57:00.000Z,32220.0,-3706910.488,-4337118.769,-3911831.924
2027-04-01T08:58:00.000Z,32280.0,-3331979.975,-4410020.669,-4159997.251
2027-04-01T08:59:00.000Z,32340.0,-2942628.330,-4463835.887,-4390108.196
2027-04-01T09:00:00.000Z,32400.0,-2540545.061,-4498338.172,-4601172.650
2027-04-01T09:01:00.000Z,32460.0,-2127473.561,-4513384.927,-4792281.762
2027-04-01T09:02:00.000Z,32520.0,-1705203.482,-4508917.650,-4962613.694
2027-04-01T09:03:00.000Z,32580.0,-1275562.954,-4484962.024,-5111436.993
2027-04-01T09:04:00.000Z,32640.0,-840410.682,-4441627.649,-5238113.567
2027-04-01T09:05:00.000Z,32700.0,-401627.955,-4379107.420,-5342101.247
2027-04-01T09:06:00.000Z,32760.0,38889.402,-4297676.577,-5422955.953
2027-04-01T09:07:00.000Z,32820.0,479239.111,-4197691.407,-5480333.437
2027-04-01T09:08:00.000Z,32880.0,917520.511,-4079587.630,-5513990.619
2027-04-01T09:09:00.000Z,32940.0,1351842.605,-3943878.470,-5523786.510
2027-04-01T09:10:00.000Z,33000.0,1780332.047,-3791152.409,-5509682.711
2027-04-01T09:11:00.000Z,33060.0,2201141.044,-3622070.649,-5471743.511
2027-04-01T09:12:00.000Z,33120.0,2612455.144,-3437364.291,-5410135.559
2027-04-01T09:13:00.000Z,33180.0,3012500.890,-3237831.223,-5325127.135
2027-04-01T09:14:00.000Z,33240.0,3399553.307,-3024332.747,-5217087.004
2027-04-01T09:15:00.000Z,33300.0,3771943.201,-2797789.951,-5086482.871
2027-04-01T09:16:00.000Z,33360.0,4128064.241,-2559179.830,-4933879.424
2027-04-01T09:17:00.000Z,33420.0,4466379.795,-2309531.174,-4759935.987
2027-04-01T09:18:00.000Z,33480.0,4785429.505,-2049920.236,-4565403.777
2027-04-01T09:19:00.000Z,33540.0,5083835.558,-1781466.196,-4351122.771
2027-04-01T09:20:00.000Z,33600.0,5360308.633,-1505326.429,-4118018.202
2027-04-01T09:21:00.000Z,33660.0,5613653.506,-1222691.598,-3867096.678
2027-04-01T09:22:00.000Z,33720.0,5842774.270,-934780.593,-3599441.952
2027-04-01T09:23:00.000Z,33780.0,6046679.157,-642835.331,-3316210.339
2027-04-01T09:24:00.000Z,33840.0,6224484.927,-348115.431,-3018625.811
2027-04-01T09:25:00.000Z,33900.0,6375420.806,-51892.806,-2707974.778
2027-04-01T09:26:00.000Z,33960.0,6498831.948,244553.835,-2385600.574
2027-04-01T09:27:00.000Z,34020.0,6594182.400,539944.515,-2052897.684
2027-04-01T09:28:00.000Z,34080.0,6661057.548,833003.557,-1711305.711
2027-04-01T09:29:00.000Z,34140.0,6699166.033,1122465.140,-1362303.136
2027-04-01T09:30:00.000Z,34200.0,6708341.117,1407078.825,-1007400.881
2027-04-01T09:31:00.000Z,34260.0,6688541.490,1685615.030,-648135.715
2027-04-01T09:32:00.000Z,34320.0,6639851.519,1956870.414,-286063.531
2027-04-01T09:33:00.000Z,34380.0,6562480.921,2219673.155,77247.477
2027-04-01T09:34:00.000Z,34440.0,6456763.866,2472888.080,440223.694
2027-04-01T09:35:00.000Z,34500.0,6323157.520,2715421.646,801292.990
2027-04-01T09:36:00.000Z,34560.0,6162240.024,2946226.711,1158891.624
2027-04-01T09:37:00.000Z,34620.0,5974707.930,3164307.111,1511471.099
2027-04-01T09:38:00.000Z,34680.0,5761373.095,3368721.984,1857504.943
2027-04-01T09:39:00.000Z,34740.0,5523159.073,3558589.850,2195495.380
2027-04-01T09:40:00.000Z,34800.0,5261096.995,3733092.406,2523979.857
2027-04-01T09:41:00.000Z,34860.0,4976320.994,3891478.034,2841537.395
2027-04-01T09:42:00.000Z,34920.0,4670063.173,4033065.005,3146794.741
2027-04-01T09:43:00.000Z,34980.0,4343648.157,4157244.353,3438432.284
2027-04-01T09:44:00.000Z,35040.0,3998487.264,4263482.432,3715189.719
2027-04-01T09:45:00.000Z,35100.0,3636072.312,4351323.127,3975871.433
2027-04-01T09:46:00.000Z,35160.0,3257969.102,4420389.725,4219351.583
2027-04-01T09:47:00.000Z,35220.0,2865810.610,4470386.442,4444578.864
2027-04-01T09:48:00.000Z,35280.0,2461289.917,4501099.590,4650580.935
2027-04-01T09:49:00.000Z,35340.0,2046152.913,4512398.407,4836468.504
2027-04-01T09:50:00.000Z,35400.0,1622190.805,4504235.525,5001439.040
2027-04-01T09:51:00.000Z,35460.0,1191232.461,4476647.102,5144780.119
2027-04-01T09:52:00.000Z,35520.0,755136.617,4429752.602,5265872.390
2027-04-01T09:53:00.000Z,35580.0,315783.989,4363754.241,5364192.149
2027-04-01T09:54:00.000Z,35640.0,-124930.693,4278936.091,5439313.520
2027-04-01T09:55:00.000Z,35700.0,-565106.698,4175662.864,5490910.235
2027-04-01T09:56:00.000Z,35760.0,-1002845.317,4054378.364,5518757.013
2027-04-01T09:57:00.000Z,35820.0,-1436257.879,3915603.632,5522730.529
2027-04-01T09:58:00.000Z,35880.0,-1863473.730,3759934.768,5502809.973
2027-04-01T09:59:00.000Z,35940.0,-2282648.141,3588040.464,5459077.205
2027-04-01T10:00:00.000Z,36000.0,-2691970.132,3400659.235,5391716.484
2027-04-01T10:01:00.000Z,36060.0,-3089670.169,3198596.360,5301013.796
2027-04-01T10:02:00.000Z,36120.0,-3474027.717,2982720.555,5187355.755
2027-04-01T10:03:00.000Z,36180.0,-3843378.623,2753960.364,5051228.105
2027-04-01T10:04:00.000Z,36240.0,-4196122.290,2513300.305,4893213.791
2027-04-01T10:05:00.000Z,36300.0,-4530728.619,2261776.759,4713990.637
2027-04-01T10:06:00.000Z,36360.0,-4845744.699,2000473.628,4514328.606
2027-04-01T10:07:00.000Z,36420.0,-5139801.194,1730517.767,4295086.662
2027-04-01T10:08:00.000Z,36480.0,-5411618.419,1453074.221,4057209.238
2027-04-01T10:09:00.000Z,36540.0,-5660012.059,1169341.257,3801722.310
2027-04-01T10:10:00.000Z,36600.0,-5883898.506,880545.239,3529729.110
2027-04-01T10:11:00.000Z,36660.0,-6082299.791,587935.339,3242405.460
2027-04-01T10:12:00.000Z,36720.0,-6254348.068,292778.129,2940994.766
2027-04-01T10:13:00.000Z,36780.0,-6399289.634,-3647.939,2626802.690
2027-04-01T10:14:00.000Z,36840.0,-6516488.458,-300058.135,2301191.500
2027-04-01T10:15:00.000Z,36900.0,-6605429.184,-595167.106,1965574.144
2027-04-01T10:16:00.000Z,36960.0,-6665719.601,-887694.557,1621408.065
2027-04-01T10:17:00.000Z,37020.0,-6697092.554,-1176370.936,1270188.786
2027-04-01T10:18:00.000Z,37080.0,-6699407.274,-1459943.086,913443.292
2027-04-01T10:19:00.000Z,37140.0,-6672650.137,-1737179.834,552723.250
2027-04-01T10:20:00.000Z,37200.0,-6616934.807,-2006877.492,189598.097
2027-04-01T10:21:00.000Z,37260.0,-6532501.807,-2267865.243,-174351.966
2027-04-01T10:22:00.000Z,37320.0,-6419717.468,-2519010.367,-537543.044
2027-04-01T10:23:00.000Z,37380.0,-6279072.304,-2759223.299,-898394.627
2027-04-01T10:24:00.000Z,37440.0,-6111178.790,-2987462.476,-1255336.663
2027-04-01T10:25:00.000Z,37500.0,-5916768.573,-3202738.958,-1606816.565
2027-04-01T10:26:00.000Z,37560.0,-5696689.133,-3404120.790,-1951306.127
2027-04-01T10:27:00.000Z,37620.0,-5451899.900,-3590737.095,-2287308.318
2027-04-01T10:28:00.000Z,37680.0,-5183467.873,-3761781.859,-2613363.899
2027-04-01T10:29:00.000Z,37740.0,-4892562.742,-3916517.418,-2928057.851
2027-04-01T10:30:00.000Z,37800.0,-4580451.573,-4054277.608,-3230025.575
2027-04-01T10:31:00.000Z,37860.0,-4248493.059,-4174470.575,-3517958.829
2027-04-01T10:32:00.000Z,37920.0,-3898131.387,-4276581.242,-3790611.383
2027-04-01T10:33:00.000Z,37980.0,-3530889.759,-4360173.412,-4046804.377
2027-04-01T10:34:00.000Z,38040.0,-3148363.582,-4424891.515,-4285431.333
2027-04-01T10:35:00.000Z,38100.0,-2752213.395,-4470461.989,-4505462.838
2027-04-01T10:36:00.000Z,38160.0,-2344157.531,-4496694.295,-4705950.855
2027-04-01T10:37:00.000Z,38220.0,-1925964.588,-4503481.572,-4886032.665
2027-04-01T10:38:00.000Z,38280.0,-1499445.716,-4490800.929,-5044934.416
2027-04-01T10:39:00.000Z,38340.0,-1066446.764,-4458713.382,-5181974.282
2027-04-01T10:40:00.000Z,38400.0,-628840.326,-4407363.437,-5296565.224
2027-04-01T10:41:00.000Z,38460.0,-188517.709,-4336978.338,-5388217.336
2027-04-01T10:42:00.000Z,38520.0,252619.143,-4247866.967,-5456539.785
2027-04-01T10:43:00.000Z,38580.0,692665.735,-4140418.420,-5501242.340
2027-04-01T10:44:00.000Z,38640.0,1129723.095,-4015100.265,-5522136.484
2027-04-01T10:45:00.000Z,38700.0,1561905.801,-3872456.484,-5519136.111
2027-04-01T10:46:00.000Z,38760.0,1987349.937,-3713105.112,-5492257.810
2027-04-01T10:47:00.000Z,38820.0,2404220.957,-3537735.585,-5441620.734
2027-04-01T10:48:00.000Z,38880.0,2810721.415,-3347105.803,-5367446.060
2027-04-01T10:49:00.000Z,38940.0,3205098.552,-3142038.918,-5270056.034
2027-04-01T10:50:00.000Z,39000.0,3585651.705,-2923419.861,-5149872.609
2027-04-01T10:51:00.000Z,39060.0,3950739.511,-2692191.611,-5007415.684
2027-04-01T10:52:00.000Z,39120.0,4298786.884,-2449351.232,-4843300.933
2027-04-01T10:53:00.000Z,39180.0,4628291.736,-2195945.674,-4658237.247
2027-04-01T10:54:00.000Z,39240.0,4937831.413,-1933067.362,-4453023.781
2027-04-01T10:55:00.000Z,39300.0,5226068.823,-1661849.586,-4228546.621
2027-04-01T10:56:00.000Z,39360.0,5491758.231,-1383461.702,-3985775.075
2027-04-01T10:57:00.000Z,39420.0,5733750.680,-1099104.172,-3725757.608
2027-04-01T10:58:00.000Z,39480.0,5950999.037,-810003.444,-3449617.413
2027-04-01T10:59:00.000Z,39540.0,6142562.602,-517406.716,-3158547.663
2027-04-01T11:00:00.000Z,39600.0,6307611.299,-222576.577,-2853806.427
2027-04-01T11:01:00.000Z,39660.0,6445429.382,73214.426,-2536711.296
2027-04-01T11:02:00.000Z,39720.0,6555418.665,368689.294,-2208633.724
2027-04-01T11:03:00.000Z,39780.0,6637101.238,662572.115,-1870993.112
2027-04-01T11:04:00.000Z,39840.0,6690121.662,953593.613,-1525250.666
2027-04-01T11:05:00.000Z,39900.0,6714248.620,1240496.684,-1172903.039
2027-04-01T11:06:00.000Z,39960.0,6709376.012,1522041.899,-815475.814
2027-04-01T11:07:00.000Z,40020.0,6675523.496,1797012.922,-454516.833
2027-04-01T11:08:00.000Z,40080.0,6612836.450,2064221.846,-91589.413
2027-04-01T11:09:00.000Z,40140.0,6521585.371,2322514.399,271734.502
2027-04-01T11:10:00.000Z,40200.0,6402164.702,2570775.000,633881.250
2027-04-01T11:11:00.000Z,40260.0,6255091.099,2807931.643,993282.354
2027-04-01T11:12:00.000Z,40320.0,6081001.136,3032960.578,1348381.403
2027-04-01T11:13:00.000Z,40380.0,5880648.481,3244890.768,1697640.878
2027-04-01T11:14:00.000Z,40440.0,5654900.530,3442808.106,2039548.873
2027-04-01T11:15:00.000Z,40500.0,5404734.551,3625859.360,2372625.690
2027-04-01T11:16:00.000Z,40560.0,5131233.333,3793255.846,2695430.284
2027-04-01T11:17:00.000Z,40620.0,4835580.376,3944276.791,3006566.503
2027-04-01T11:18:00.000Z,40680.0,4519054.657,4078272.396,3304689.117
2027-04-01T11:19:00.000Z,40740.0,4183024.982,4194666.566,3588509.610
2027-04-01T11:20:00.000Z,40800.0,3828943.972,4292959.319,3856801.685
2027-04-01T11:21:00.000Z,40860.0,3458341.703,4372728.845,4108406.498
2027-04-01T11:22:00.000Z,40920.0,3072819.039,4433633.225,4342237.565
2027-04-01T11:23:00.000Z,40980.0,2674040.687,4475411.811,4557285.355
2027-04-01T11:24:00.000Z,41040.0,2263728.008,4497886.239,4752621.526
2027-04-01T11:25:00.000Z,41100.0,1843651.611,4500961.111,4927402.819
2027-04-01T11:26:00.000Z,41160.0,1415623.776,4484624.320,5080874.572
2027-04-01T11:27:00.000Z,41220.0,981490.721,4448947.034,5212373.864
2027-04-01T11:28:00.000Z,41280.0,543124.749,4394083.335,5321332.271
2027-04-01T11:29:00.000Z,41340.0,102416.315,4320269.523,5407278.228
2027-04-01T11:30:00.000Z,41400.0,-338733.978,4227823.096,5469839.001
2027-04-01T11:31:00.000Z,41460.0,-778423.401,4117141.388,5508742.248
2027-04-01T11:32:00.000Z,41520.0,-1214755.138,3988699.904,5523817.180
2027-04-01T11:33:00.000Z,41580.0,-1645846.290,3843050.333,5514995.313
2027-04-01T11:34:00.000Z,41640.0,-2069835.835,3680818.250,5482310.808
2027-04-01T11:35:00.000Z,41700.0,-2484892.504,3502700.537,5425900.398
2027-04-01T11:36:00.000Z,41760.0,-2889222.556,3309462.488,5346002.905
2027-04-01T11:37:00.000Z,41820.0,-3281077.421,3101934.654,5242958.336
2027-04-01T11:38:00.000Z,41880.0,-3658761.179,2881009.400,5117206.576
2027-04-01T11:39:00.000Z,41940.0,-4020637.856,2647637.199,4969285.651
2027-04-01T11:40:00.000Z,42000.0,-4365138.497,2402822.679,4799829.597
2027-04-01T11:41:00.000Z,42060.0,-4690768.000,2147620.423,4609565.909
2027-04-01T11:42:00.000Z,42120.0,-4996111.670,1883130.536,4399312.588
2027-04-01T11:43:00.000Z,42180.0,-5279841.465,1610494.006,4169974.792
2027-04-01T11:44:00.000Z,42240.0,-5540721.914,1330887.859,3922541.092
2027-04-01T11:45:00.000Z,42300.0,-5777615.658,1045520.131,3658079.353
2027-04-01T11:46:00.000Z,42360.0,-5989488.604,755624.684,3377732.239
2027-04-01T11:47:00.000Z,42420.0,-6175414.645,462455.876,3082712.368
2027-04-01T11:48:00.000Z,42480.0,-6334579.933,167283.104,2774297.129
2027-04-01T11:49:00.000Z,42540.0,-6466286.662,-128614.733,2453823.178
2027-04-01T11:50:00.000Z,42600.0,-6569956.351,-423954.858,2122680.639
2027-04-01T11:51:00.000Z,42660.0,-6645132.597,-717456.268,1782307.038
2027-04-01T11:52:00.000Z,42720.0,-6691483.270,-1007845.417,1434180.988
2027-04-01T11:53:00.000Z,42780.0,-6708802.155,-1293861.871,1079815.663
2027-04-01T11:54:00.000Z,42840.0,-6697009.995,-1574263.927,720752.092
2027-04-01T11:55:00.000Z,42900.0,-6656154.962,-1847834.162,358552.298
2027-04-01T11:56:00.000Z,42960.0,-6586412.515,-2113384.867,-5207.662
2027-04-01T11:57:00.000Z,43020.0,-6488084.667,-2369763.363,-368944.747
2027-04-01T11:58:00.000Z,43080.0,-6361598.656,-2615857.143,-731076.008
2027-04-01T11:59:00.000Z,43140.0,-6207505.023,-2850598.836,-1090025.669
2027-04-01T12:00:00.000Z,43200.0,-6026475.110,-3072970.943,-1444232.172
2027-04-01T12:01:00.000Z,43260.0,-5819246.904,-3282067.136,-1792247.566
2027-04-01T12:02:00.000Z,43320.0,-5586775.032,-3476925.928,-2132466.707
2027-04-01T12:03:00.000Z,43380.0,-5330073.164,-3656705.298,-2463411.692
2027-04-01T12:04:00.000Z,43440.0,-5050260.467,-3820629.569,-2783645.979
2027-04-01T12:05:00.000Z,43500.0,-4748556.472,-3967992.755,-3091780.726
2027-04-01T12:06:00.000Z,43560.0,-4426275.498,-4098161.568,-3386480.877
2027-04-01T12:07:00.000Z,43620.0,-4084820.677,-4210578.075,-3666470.969
2027-04-01T12:08:00.000Z,43680.0,-3725677.591,-4304762.003,-3930540.645
2027-04-01T12:09:00.000Z,43740.0,-3350407.583,-4380312.680,-4177549.835
2027-04-01T12:10:00.000Z,43800.0,-2960640.766,-4436910.609,-4406433.600
2027-04-01T12:11:00.000Z,43860.0,-2558068.762,-4474318.675,-4616206.615
2027-04-01T12:12:00.000Z,43920.0,-2144437.226,-4492382.987,-4805967.268
2027-04-01T12:13:00.000Z,43980.0,-1721538.175,-4491033.351,-4974901.386
2027-04-01T12:14:00.000Z,44040.0,-1291202.157,-4470283.385,-5122285.550
2027-04-01T12:15:00.000Z,44100.0,-855290.317,-4430230.280,-5247490.020
2027-04-01T12:16:00.000Z,44160.0,-415686.359,-4371054.210,-5349981.241
2027-04-01T12:17:00.000Z,44220.0,25711.532,-4293017.399,-5429323.936
2027-04-01T12:18:00.000Z,44280.0,466998.794,-4196462.856,-5485182.790
2027-04-01T12:19:00.000Z,44340.0,906272.589,-4081812.790,-5517323.710
2027-04-01T12:20:00.000Z,44400.0,1341639.860,-3949566.697,-5525614.672
2027-04-01T12:21:00.000Z,44460.0,1771225.327,-3800299.154,-5510026.151
2027-04-01T12:22:00.000Z,44520.0,2193179.392,-3634657.310,-5470631.136
2027-04-01T12:23:00.000Z,44580.0,2605685.924,-3453358.087,-5407604.727
2027-04-01T12:24:00.000Z,44640.0,3006969.899,-3257185.111,-5321223.333
2027-04-01T12:25:00.000Z,44700.0,3395304.871,-3046985.378,-5211863.451
2027-04-01T12:26:00.000Z,44760.0,3769020.245,-2823665.660,-5080000.046
2027-04-01T12:27:00.000Z,44820.0,4126508.332,-2588188.669,-4926204.534
2027-04-01T12:28:00.000Z,44880.0,4466231.149,-2341569.001,-4751142.369
2027-04-01T12:29:00.000Z,44940.0,4786726.952,-2084868.845,-4555570.242
2027-04-01T12:30:00.000Z,45000.0,5086616.463,-1819193.509,-4340332.900
2027-04-01T12:31:00.000Z,45060.0,5364608.778,-1545686.741,-4106359.599
2027-04-01T12:32:00.000Z,45120.0,5619506.911,-1265525.890,-3854660.186
2027-04-01T12:33:00.000Z,45180.0,5850212.974,-979916.907,-3586320.842
2027-04-01T12:34:00.000Z,45240.0,6055732.942,-690089.214,-3302499.481
2027-04-01T12:35:00.000Z,45300.0,6235180.998,-397290.458,-3004420.839
2027-04-01T12:36:00.000Z,45360.0,6387783.420,-102781.166,-2693371.252
2027-04-01T12:37:00.000Z,45420.0,6512882.005,192170.664,-2370693.157
2027-04-01T12:38:00.000Z,45480.0,6609936.991,486295.023,-2037779.334
2027-04-01T12:39:00.000Z,45540.0,6678529.468,778325.377,-1696066.908
2027-04-01T12:40:00.000Z,45600.0,6718363.274,1067004.143,-1347031.146
2027-04-01T12:41:00.000Z,45660.0,6729266.335,1351088.147,-992179.065
2027-04-01T12:42:00.000Z,45720.0,6711191.468,1629354.016,-633042.899
2027-04-01T12:43:00.000Z,45780.0,6664216.621,1900603.499,-271173.431
2027-04-01T12:44:00.000Z,45840.0,6588544.560,2163668.673,91866.752
2027-04-01T12:45:00.000Z,45900.0,6484501.987,2417417.019,454510.071
2027-04-01T12:46:00.000Z,45960.0,6352538.111,2660756.343,815190.779
2027-04-01T12:47:00.000Z,46020.0,6193222.667,2892639.504,1172351.785
2027-04-01T12:48:00.000Z,46080.0,6007243.395,3112068.950,1524451.424
2027-04-01T12:49:00.000Z,46140.0,5795402.999,3318101.013,1869970.157
2027-04-01T12:50:00.000Z,46200.0,5558615.596,3509849.967,2207417.154
2027-04-01T12:51:00.000Z,46260.0,5297902.681,3686491.816,2535336.743
2027-04-01T12:52:00.000Z,46320.0,5014388.623,3847267.802,2852314.680
2027-04-01T12:53:00.000Z,46380.0,4709295.728,3991487.614,3156984.227
2027-04-01T12:54:00.000Z,46440.0,4383938.883,4118532.293,3448032.002
2027-04-01T12:55:00.000Z,46500.0,4039719.822,4227856.816,3724203.574
2027-04-01T12:56:00.000Z,46560.0,3678121.034,4318992.357,3984308.795
2027-04-01T12:57:00.000Z,46620.0,3300699.346,4391548.206,4227226.828
2027-04-01T12:58:00.000Z,46680.0,2909079.217,4445213.367,4451910.877
2027-04-01T12:59:00.000Z,46740.0,2504945.768,4479757.799,4657392.577
2027-04-01T13:00:00.000Z,46800.0,2090037.578,4495033.328,4842786.051
2027-04-01T13:01:00.000Z,46860.0,1666139.290,4490974.216,5007291.615
2027-04-01T13:02:00.000Z,46920.0,1235074.034,4467597.383,5150199.109
2027-04-01T13:03:00.000Z,46980.0,798695.724,4425002.304,5270890.868
2027-04-01T13:04:00.000Z,47040.0,358881.236,4363370.567,5368844.304
2027-04-01T13:05:00.000Z,47100.0,-82477.494,4282965.094,5443634.103
2027-04-01T13:06:00.000Z,47160.0,-523481.423,4184129.054,5494934.029
2027-04-01T13:07:00.000Z,47220.0,-962232.387,4067284.438,5522518.337
2027-04-01T13:08:00.000Z,47280.0,-1396841.077,3932930.330,5526262.774
2027-04-01T13:09:00.000Z,47340.0,-1825434.998,3781640.870,5506145.183
2027-04-01T13:10:00.000Z,47400.0,-2246166.366,3614062.907,5462245.699
2027-04-01T13:11:00.000Z,47460.0,-2657219.933,3430913.360,5394746.535
2027-04-01T13:12:00.000Z,47520.0,-3056820.694,3232976.294,5303931.353
2027-04-01T13:13:00.000Z,47580.0,-3443241.469,3021099.709,5190184.229
2027-04-01T13:14:00.000Z,47640.0,-3814810.317,2796192.057,5053988.196
2027-04-01T13:15:00.000Z,47700.0,-4169917.758,2559218.500,4895923.384
2027-04-01T13:16:00.000Z,47760.0,-4507023.775,2311196.910,4716664.743
2027-04-01T13:17:00.000Z,47820.0,-4824664.568,2053193.629,4516979.352
2027-04-01T13:18:00.000Z,47880.0,-5121459.020,1786319.003,4297723.339
2027-04-01T13:19:00.000Z,47940.0,-5396114.857,1511722.697,4059838.385
2027-04-01T13:20:00.000Z,48000.0,-5647434.458,1230588.814,3804347.848
2027-04-01T13:21:00.000Z,48060.0,-5874320.296,944130.835,3532352.503
2027-04-01T13:22:00.000Z,48120.0,-6075779.966,653586.396,3245025.914
2027-04-01T13:23:00.000Z,48180.0,-6250930.783,360211.928,2943609.455
2027-04-01T13:24:00.000Z,48240.0,-6399003.910,65277.174,2629406.994
2027-04-01T13:25:00.000Z,48300.0,-6519347.994,-229940.376,2303779.261
2027-04-01T13:26:00.000Z,48360.0,-6611432.289,-524161.123,1968137.929
2027-04-01T13:27:00.000Z,48420.0,-6674849.227,-816109.032,1623939.428
2027-04-01T13:28:00.000Z,48480.0,-6709316.438,-1104517.310,1272678.526
2027-04-01T13:29:00.000Z,48540.0,-6714678.186,-1388134.073,915881.695
2027-04-01T13:30:00.000Z,48600.0,-6690906.216,-1665727.949,555100.322
2027-04-01T13:31:00.000Z,48660.0,-6638100.000,-1936093.608,191903.770
2027-04-01T13:32:00.000Z,48720.0,-6556486.378,-2198057.175,-172127.658
2027-04-01T13:33:00.000Z,48780.0,-6446418.592,-2450481.506,-535409.805
2027-04-01T13:34:00.000Z,48840.0,-6308374.722,-2692271.283,-896361.789
2027-04-01T13:35:00.000Z,48900.0,-6142955.522,-2922377.921,-1253413.092
2027-04-01T13:36:00.000Z,48960.0,-5950881.680,-3139804.238,-1605010.615
2027-04-01T13:37:00.000Z,49020.0,-5732990.513,-3343608.885,-1949625.626
2027-04-01T13:38:00.000Z,49080.0,-5490232.116,-3532910.492,-2285760.584
2027-04-01T13:39:00.000Z,49140.0,-5223664.996,-3706891.528,-2611955.793
2027-04-01T13:40:00.000Z,49200.0,-4934451.208,-3864801.847,-2926795.858
2027-04-01T13:41:00.000Z,49260.0,-4623851.037,-4005961.907,-3228915.912
2027-04-01T13:42:00.000Z,49320.0,-4293217.247,-4129765.647,-3517007.575
2027-04-01T13:43:00.000Z,49380.0,-3943988.934,-4235683.019,-3789824.631
2027-04-01T13:44:00.000Z,49440.0,-3577685.022,-4323262.159,-4046188.391
2027-04-01T13:45:00.000Z,49500.0,-3195897.442,-4392131.193,-4284992.725
2027-04-01T13:46:00.000Z,49560.0,-2800284.014,-4441999.685,-4505208.735
2027-04-01T13:47:00.000Z,49620.0,-2392561.096,-4472659.711,-4705889.071
2027-04-01T13:48:00.000Z,49680.0,-1974496.009,-4483986.573,-4886171.856
2027-04-01T13:49:00.000Z,49740.0,-1547899.294,-4475939.144,-5045284.227
2027-04-01T13:50:00.000Z,49800.0,-1114616.830,-4448559.867,-5182545.471
2027-04-01T13:51:00.000Z,49860.0,-676521.842,-4401974.390,-5297369.757
2027-04-01T13:52:00.000Z,49920.0,-235506.838,-4336390.863,-5389268.455
2027-04-01T13:53:00.000Z,49980.0,206524.488,-4252098.891,-5457852.041
2027-04-01T13:54:00.000Z,50040.0,647665.376,-4149468.166,-5502831.586
2027-04-01T13:55:00.000Z,50100.0,1086014.090,-4028946.772,-5524019.826
2027-04-01T13:56:00.000Z,50160.0,1519681.959,-3891059.174,-5521331.819
2027-04-01T13:57:00.000Z,50220.0,1946801.354,-3736403.917,-5494785.181
2027-04-01T13:58:00.000Z,50280.0,2365533.549,-3565651.022,-5444499.914
2027-04-01T13:59:00.000Z,50340.0,2774076.462,-3379539.104,-5370697.813
2027-04-01T14:00:00.000Z,50400.0,3170672.236,-3178872.214,-5273701.475
2027-04-01T14:01:00.000Z,50460.0,3553614.644,-2964516.426,-5153932.892
2027-04-01T14:02:00.000Z,50520.0,3921256.278,-2737396.166,-5011911.649
2027-04-01T14:03:00.000Z,50580.0,4272015.516,-2498490.312,-4848252.725
2027-04-01T14:04:00.000Z,50640.0,4604383.226,-2248828.058,-4663663.895
2027-04-01T14:05:00.000Z,50700.0,4916929.178,-1989484.573,-4458942.762
2027-04-01T14:06:00.000Z,50760.0,5208308.158,-1721576.462,-4234973.397
2027-04-01T14:07:00.000Z,50820.0,5477265.733,-1446257.041,-3992722.627
2027-04-01T14:08:00.000Z,50880.0,5722643.660,-1164711.450,-3733235.955
2027-04-01T14:09:00.000Z,50940.0,5943384.900,-878151.614,-3457633.142
2027-04-01T14:10:00.000Z,51000.0,6138538.225,-587811.084,-3167103.465
2027-04-01T14:11:00.000Z,51060.0,6307262.376,-294939.762,-2862900.658
2027-04-01T14:12:00.000Z,51120.0,6448829.777,-798.541,-2546337.558
2027-04-01T14:13:00.000Z,51180.0,6562629.749,293346.111,-2218780.487
2027-04-01T14:14:00.000Z,51240.0,6648171.233,586227.613,-1881643.377
2027-04-01T14:15:00.000Z,51300.0,6705084.993,876584.748,-1536381.675
2027-04-01T14:16:00.000Z,51360.0,6733125.285,1163167.120,-1184486.052
2027-04-01T14:17:00.000Z,51420.0,6732170.980,1444740.584,-827475.938
2027-04-01T14:18:00.000Z,51480.0,6702226.136,1720092.601,-466892.925
2027-04-01T14:19:00.000Z,51540.0,6643420.011,1988037.516,-104294.059
2027-04-01T14:20:00.000Z,51600.0,6556006.513,2247421.705,258754.940
2027-04-01T14:21:00.000Z,51660.0,6440363.093,2497128.592,620686.498
2027-04-01T14:22:00.000Z,51720.0,6296989.086,2736083.489,979938.021
2027-04-01T14:23:00.000Z,51780.0,6126503.503,2963258.255,1334958.691
2027-04-01T14:24:00.000Z,51840.0,5929642.290,3177675.732,1684216.211
2027-04-01T14:25:00.000Z,51900.0,5707255.075,3378413.958,2026203.456
2027-04-01T14:26:00.000Z,51960.0,5460301.410,3564610.114,2359444.998
2027-04-01T14:27:00.000Z,52020.0,5189846.536,3735464.214,2682503.471
2027-04-01T14:28:00.000Z,52080.0,4897056.694,3890242.497,2993985.764
2027-04-01T14:29:00.000Z,52140.0,4583194.008,4028280.526,3292548.989
2027-04-01T14:30:00.000Z,52200.0,4249610.967,4148985.974,3576906.221
2027-04-01T14:31:00.000Z,52260.0,3897744.534,4251841.091,3845831.973
2027-04-01T14:32:00.000Z,52320.0,3529109.909,4336404.844,4098167.392
2027-04-01T14:33:00.000Z,52380.0,3145293.991,4402314.717,4332825.146
2027-04-01T14:34:00.000Z,52440.0,2747948.548,4449288.183,4548794.005
2027-04-01T14:35:00.000Z,52500.0,2338783.147,4477123.832,4745143.077
2027-04-01T14:36:00.000Z,52560.0,1919557.858,4485702.163,4921025.704
2027-04-01T14:37:00.000Z,52620.0,1492075.778,4474986.026,5075682.994
2027-04-01T14:38:00.000Z,52680.0,1058175.393,4445020.744,5208446.990
2027-04-01T14:39:00.000Z,52740.0,619722.814,4395933.885,5318743.462
2027-04-01T14:40:00.000Z,52800.0,178603.912,4327934.710,5406094.309
2027-04-01T14:41:00.000Z,52860.0,-263283.610,4241313.292,5470119.583
2027-04-01T14:42:00.000Z,52920.0,-704038.202,4136439.315,5510539.104
2027-04-01T14:43:00.000Z,52980.0,-1141762.452,4013760.550,5527173.692
2027-04-01T14:44:00.000Z,53040.0,-1574571.074,3873801.024,5519945.980
2027-04-01T14:45:00.000Z,53100.0,-2000598.844,3717158.884,5488880.836
2027-04-01T14:46:00.000Z,53160.0,-2418008.488,3544503.953,5434105.365
2027-04-01T14:47:00.000Z,53220.0,-2824998.462,3356575.002,5355848.509
2027-04-01T14:48:00.000Z,53280.0,-3219810.628,3154176.733,5254440.229
2027-04-01T14:49:00.000Z,53340.0,-3600737.771,2938176.480,5130310.277
2027-04-01T14:50:00.000Z,53400.0,-3966130.953,2709500.646,4983986.556
2027-04-01T14:51:00.000Z,53460.0,-4314406.655,2469130.877,4816093.063
2027-04-01T14:52:00.000Z,53520.0,-4644053.689,2218099.988,4627347.426
2027-04-01T14:53:00.000Z,53580.0,-4953639.845,1957487.652,4418558.035
2027-04-01T14:54:00.000Z,53640.0,-5241818.246,1688415.863,4190620.764
2027-04-01T14:55:00.000Z,53700.0,-5507333.375,1412044.192,3944515.309
2027-04-01T14:56:00.000Z,53760.0,-5749026.744,1129564.853,3681301.124
2027-04-01T14:57:00.000Z,53820.0,-5965842.175,842197.591,3402113.001
2027-04-01T14:58:00.000Z,53880.0,-6156830.663,551184.419,3108156.272
2027-04-01T14:59:00.000Z,53940.0,-6321154.790,257784.221,2800701.674
2027-04-01T15:00:00.000Z,54000.0,-6458092.658,-36732.748,2481079.891
2027-04-01T15:01:00.000Z,54060.0,-6567041.323,-331090.448,2150675.779
2027-04-01T15:02:00.000Z,54120.0,-6647519.693,-624012.697,1810922.332
2027-04-01T15:03:00.000Z,54180.0,-6699170.884,-914228.838,1463294.374
2027-04-01T15:04:00.000Z,54240.0,-6721763.998,-1200479.403,1109302.046
2027-04-01T15:05:00.000Z,54300.0,-6715195.324,-1481521.751,750484.095
2027-04-01T15:06:00.000Z,54360.0,-6679488.934,-1756135.638,388401.009
2027-04-01T15:07:00.000Z,54420.0,-6614796.687,-2023128.698,24628.032
2027-04-01T15:08:00.000Z,54480.0,-6521397.613,-2281341.798,-339251.898
2027-04-01T15:09:00.000Z,54540.0,-6399696.703,-2529654.241,-701655.266
2027-04-01T15:10:00.000Z,54600.0,-6250223.093,-2766988.789,-1061005.086
2027-04-01T15:11:00.000Z,54660.0,-6073627.658,-2992316.479,-1415737.988
2027-04-01T15:12:00.000Z,54720.0,-5870680.039,-3204661.197,-1764311.224
2027-04-01T15:13:00.000Z,54780.0,-5642265.101,-3403104.002,-2105209.564
2027-04-01T15:14:00.000Z,54840.0,-5389378.869,-3586787.164,-2436952.045
2027-04-01T15:15:00.000Z,54900.0,-5113123.945,-3754917.906,-2758098.542
2027-04-01T15:16:00.000Z,54960.0,-4814704.453,-3906771.829,-3067256.120
2027-04-01T15:17:00.000Z,55020.0,-4495420.532,-4041696.004,-3363085.143
2027-04-01T15:18:00.000Z,55080.0,-4156662.412,-4159111.721,-3644305.106
2027-04-01T15:19:00.000Z,55140.0,-3799904.115,-4258516.894,-3909700.172
2027-04-01T15:20:00.000Z,55200.0,-3426696.807,-4339488.095,-4158124.383
2027-04-01T15:21:00.000Z,55260.0,-3038661.849,-4401682.234,-4388506.533
2027-04-01T15:22:00.000Z,55320.0,-2637483.569,-4444837.875,-4599854.677
2027-04-01T15:23:00.000Z,55380.0,-2224901.810,-4468776.180,-4791260.272
2027-04-01T15:24:00.000Z,55440.0,-1802704.279,-4473401.498,-4961901.922
2027-04-01T15:25:00.000Z,55500.0,-1372718.732,-4458701.585,-5111048.739
2027-04-01T15:26:00.000Z,55560.0,-936805.038,-4424747.484,-5238063.293
2027-04-01T15:27:00.000Z,55620.0,-496847.149,-4371693.037,-5342404.154
2027-04-01T15:28:00.000Z,55680.0,-54745.010,-4299774.075,-5423628.022
2027-04-01T15:29:00.000Z,55740.0,387593.559,-4209307.258,-5481391.441
2027-04-01T15:30:00.000Z,55800.0,828260.977,-4100688.599,-5515452.098
2027-04-01T15:31:00.000Z,55860.0,1265357.989,-3974391.666,-5525669.699
2027-04-01T15:32:00.000Z,55920.0,1697001.690,-3830965.478,-5512006.435
2027-04-01T15:33:00.000Z,55980.0,2121333.462,-3671032.106,-5474527.031
2027-04-01T15:34:00.000Z,56040.0,2536526.806,-3495283.977,-5413398.379
2027-04-01T15:35:00.000Z,56100.0,2940795.018,-3304480.906,-5328888.760
2027-04-01T15:36:00.000Z,56160.0,3332398.718,-3099446.859,-5221366.665
2027-04-01T15:37:00.000Z,56220.0,3709653.177,-2881066.456,-5091299.204
2027-04-01T15:38:00.000Z,56280.0,4070935.423,-2650281.231,-4939250.119
2027-04-01T15:39:00.000Z,56340.0,4414691.115,-2408085.656,-4765877.403
2027-04-01T15:40:00.000Z,56400.0,4739441.138,-2155522.947,-4571930.529
2027-04-01T15:41:00.000Z,56460.0,5043787.903,-1893680.657,-4358247.301
2027-04-01T15:42:00.000Z,56520.0,5326421.331,-1623686.082,-4125750.333
2027-04-01T15:43:00.000Z,56580.0,5586124.479,-1346701.491,-3875443.159
2027-04-01T15:44:00.000Z,56640.0,5821778.798,-1063919.191,-3608406.003
2027-04-01T15:45:00.000Z,56700.0,6032368.992,-776556.454,-3325791.209
2027-04-01T15:46:00.000Z,56760.0,6216987.444,-485850.328,-3028818.344
2027-04-01T15:47:00.000Z,56820.0,6374838.205,-193052.338,-2718769.007
2027-04-01T15:48:00.000Z,56880.0,6505240.503,100576.881,-2396981.348
2027-04-01T15:49:00.000Z,56940.0,6607631.765,393773.017,-2064844.330
2027-04-01T15:50:00.000Z,57000.0,6681570.133,685273.531,-1723791.747
2027-04-01T15:51:00.000Z,57060.0,6726736.446,973823.123,-1375296.036
2027-04-01T15:52:00.000Z,57120.0,6742935.691,1258179.172,-1020861.903
2027-04-01T15:53:00.000Z,57180.0,6730097.901,1537117.132,-662019.793
2027-04-01T15:54:00.000Z,57240.0,6688278.496,1809435.848,-300319.236
2027-04-01T15:55:00.000Z,57300.0,6617658.063,2073962.785,62677.897
2027-04-01T15:56:00.000Z,57360.0,6518541.580,2329559.116,425404.195
2027-04-01T15:57:00.000Z,57420.0,6391357.074,2575124.674,786293.541
2027-04-01T15:58:00.000Z,57480.0,6236653.736,2809602.715,1143787.930
2027-04-01T15:59:00.000Z,57540.0,6055099.490,3031984.497,1496344.247
2027-04-01T16:00:00.000Z,57600.0,5847478.034,3241313.624,1842440.974
2027-04-01T16:01:00.000Z,57660.0,5614685.374,3436690.163,2180584.780
2027-04-01T16:02:00.000Z,57720.0,5357725.864,3617274.492,2509316.986
2027-04-01T16:03:00.000Z,57780.0,5077707.779,3782290.876,2827219.846
2027-04-01T16:04:00.000Z,57840.0,4775838.439,3931030.756,3132922.643
2027-04-01T16:05:00.000Z,57900.0,4453418.923,4062855.730,3425107.554
2027-04-01T16:06:00.000Z,57960.0,4111838.385,4177200.223,3702515.271
2027-04-01T16:07:00.000Z,58020.0,3752568.019,4273573.835,3963950.349
2027-04-01T16:08:00.000Z,58080.0,3377154.682,4351563.357,4208286.263
2027-04-01T16:09:00.000Z,58140.0,2987214.234,4410834.459,4434470.153
2027-04-01T16:10:00.000Z,58200.0,2584424.596,4451133.039,4641527.251
2027-04-01T16:11:00.000Z,58260.0,2170518.577,4472286.228,4828564.960
2027-04-01T16:12:00.000Z,58320.0,1747276.502,4474203.067,4994776.583
2027-04-01T16:13:00.000Z,58380.0,1316518.650,4456874.838,5139444.691
2027-04-01T16:14:00.000Z,58440.0,880097.563,4420375.060,5261944.117
2027-04-01T16:15:00.000Z,58500.0,439890.226,4364859.161,5361744.568
2027-04-01T16:16:00.000Z,58560.0,-2209.832,4290563.807,5438412.859
2027-04-01T16:17:00.000Z,58620.0,-444300.500,4197805.920,5491614.742
2027-04-01T16:18:00.000Z,58680.0,-884479.082,4086981.368,5521116.352
2027-04-01T16:19:00.000Z,58740.0,-1320850.292,3958563.339,5526785.239
2027-04-01T16:20:00.000Z,58800.0,-1751534.230,3813100.415,5508591.012
2027-04-01T16:21:00.000Z,58860.0,-2174674.318,3651214.329,5466605.555
2027-04-01T16:22:00.000Z,58920.0,-2588445.142,3473597.439,5401002.858
2027-04-01T16:23:00.000Z,58980.0,-2991060.214,3281009.896,5312058.414
2027-04-01T16:24:00.000Z,59040.0,-3380779.586,3074276.547,5200148.219
2027-04-01T16:25:00.000Z,59100.0,-3755917.317,2854283.546,5065747.352
2027-04-01T16:26:00.000Z,59160.0,-4114848.751,2621974.708,4909428.145
2027-04-01T16:27:00.000Z,59220.0,-4456017.574,2378347.608,4731857.940
2027-04-01T16:28:00.000Z,59280.0,-4777942.636,2124449.427,4533796.436
2027-04-01T16:29:00.000Z,59340.0,-5079224.482,1861372.574,4316092.633
2027-04-01T16:30:00.000Z,59400.0,-5358551.591,1590250.085,4079681.381
2027-04-01T16:31:00.000Z,59460.0,-5614706.263,1312250.816,3825579.525
2027-04-01T16:32:00.000Z,59520.0,-5846570.141,1028574.458,3554881.683
2027-04-01T16:33:00.000Z,59580.0,-6053129.332,740446.378,3268755.648
2027-04-01T16:34:00.000Z,59640.0,-6233479.091,449112.318,2968437.434
2027-04-01T16:35:00.000Z,59700.0,-6386828.050,155832.967,2655225.988
2027-04-01T16:36:00.000Z,59760.0,-6512501.953,-138121.558,2330477.589
2027-04-01T16:37:00.000Z,59820.0,-6609946.872,-431477.317,1995599.947
2027-04-01T16:38:00.000Z,59880.0,-6678731.895,-722962.184,1652046.043
2027-04-01T16:39:00.000Z,59940.0,-6718551.243,-1011311.507,1301307.719
2027-04-01T16:40:00.000Z,60000.0,-6729225.816,-1295273.760,944909.078
2027-04-01T16:41:00.000Z,60060.0,-6710704.149,-1573616.143,584399.688
2027-04-01T16:42:00.000Z,60120.0,-6663062.761,-1845130.116,221347.667
2027-04-01T16:43:00.000Z,60180.0,-6586505.908,-2108636.827,-142667.347
2027-04-01T16:44:00.000Z,60240.0,-6481364.720,-2362992.405,-506061.288
2027-04-01T16:45:00.000Z,60300.0,-6348095.737,-2607093.093,-867252.775
2027-04-01T16:46:00.000Z,60360.0,-6187278.849,-2839880.188,-1224670.218
2027-04-01T16:47:00.000Z,60420.0,-5999614.653,-3060344.764,-1576758.871
2027-04-01T16:48:00.000Z,60480.0,-5785921.235,-3267532.153,-1921987.789
2027-04-01T16:49:00.000Z,60540.0,-5547130.414,-3460546.157,-2258856.666
2027-04-01T16:50:00.000Z,60600.0,-5284283.451,-3638552.978,-2585902.507
2027-04-01T16:51:00.000Z,60660.0,-4998526.270,-3800784.839,-2901706.097
2027-04-01T16:52:00.000Z,60720.0,-4691104.204,-3946543.288,-3204898.248
2027-04-01T16:53:00.000Z,60780.0,-4363356.311,-4075202.160,-3494165.786
2027-04-01T16:54:00.000Z,60840.0,-4016709.284,-4186210.207,-3768257.249
2027-04-01T16:55:00.000Z,60900.0,-3652671.002,-4279093.360,-4025988.278
2027-04-01T16:56:00.000Z,60960.0,-3272823.747,-4353456.645,-4266246.675
2027-04-01T16:57:00.000Z,61020.0,-2878817.130,-4408985.725,-4487997.112
2027-04-01T16:58:00.000Z,61080.0,-2472360.761,-4445448.089,-4690285.472
2027-04-01T16:59:00.000Z,61140.0,-2055216.708,-4462693.869,-4872242.807
2027-04-01T17:00:00.000Z,61200.0,-1629191.764,-4460656.301,-5033088.915
2027-04-01T17:01:00.000Z,61260.0,-1196129.576,-4439351.831,-5172135.509
2027-04-01T17:02:00.000Z,61320.0,-757902.657,-4398879.862,-5288788.978
2027-04-01T17:03:00.000Z,61380.0,-316404.322,-4339422.166,-5382552.745
2027-04-01T17:04:00.000Z,61440.0,126459.425,-4261241.948,-5453029.204
2027-04-01T17:05:00.000Z,61500.0,568778.015,-4164682.586,-5499921.245
2027-04-01T17:06:00.000Z,61560.0,1008644.434,-4050166.048,-5523033.357
2027-04-01T17:07:00.000Z,61620.0,1444163.288,-3918190.994,-5522272.316
2027-04-01T17:08:00.000Z,61680.0,1873458.808,-3769330.574,-5497647.462
2027-04-01T17:09:00.000Z,61740.0,2294682.753,-3604229.936,-5449270.550
2027-04-01T17:10:00.000Z,61800.0,2706022.190,-3423603.443,-5377355.202
2027-04-01T17:11:00.000Z,61860.0,3105707.122,-3228231.618,-5282215.940
2027-04-01T17:12:00.000Z,61920.0,3492017.945,-3018957.826,-5164266.814
2027-04-01T17:13:00.000Z,61980.0,3863292.695,-2796684.702,-5024019.634
2027-04-01T17:14:00.000Z,62040.0,4217934.074,-2562370.337,-4862081.796
2027-04-01T17:15:00.000Z,62100.0,4554416.215,-2317024.230,-4679153.727
2027-04-01T17:16:00.000Z,62160.0,4871291.175,-2061703.037,-4476025.932
2027-04-01T17:17:00.000Z,62220.0,5167195.110,-1797506.099,-4253575.674
2027-04-01T17:18:00.000Z,62280.0,5440854.124,-1525570.801,-4012763.286
2027-04-01T17:19:00.000Z,62340.0,5691089.758,-1247067.747,-3754628.119
2027-04-01T17:20:00.000Z,62400.0,5916824.088,-963195.793,-3480284.152
2027-04-01T17:21:00.000Z,62460.0,6117084.418,-675176.932,-3190915.273
2027-04-01T17:22:00.000Z,62520.0,6291007.535,-384251.083,-2887770.244
2027-04-01T17:23:00.000Z,62580.0,6437843.506,-91670.768,-2572157.370
2027-04-01T17:24:00.000Z,62640.0,6556958.996,201304.262,-2245438.898
2027-04-01T17:25:00.000Z,62700.0,6647840.085,493412.463,-1909025.166
2027-04-01T17:26:00.000Z,62760.0,6710094.570,783395.947,-1564368.521
2027-04-01T17:27:00.000Z,62820.0,6743453.732,1070005.925,-1212957.038
2027-04-01T17:28:00.000Z,62880.0,6747773.558,1352008.130,-856308.078
2027-04-01T17:29:00.000Z,62940.0,6723035.419,1628188.173,-495961.688
2027-04-01T17:30:00.000Z,63000.0,6669346.174,1897356.823,-133473.910
2027-04-01T17:31:00.000Z,63060.0,6586937.721,2158355.174,229590.000
2027-04-01T17:32:00.000Z,63120.0,6476165.989,2410059.683,591662.391
2027-04-01T17:33:00.000Z,63180.0,6337509.368,2651387.046,951180.046
2027-04-01T17:34:00.000Z,63240.0,6171566.595,2881298.888,1306590.985
2027-04-01T17:35:00.000Z,63300.0,5979054.100,3098806.248,1656361.218
2027-04-01T17:36:00.000Z,63360.0,5760802.840,3302973.844,1998981.399
2027-04-01T17:37:00.000Z,63420.0,5517754.614,3492924.083,2332973.363
2027-04-01T17:38:00.000Z,63480.0,5250957.911,3667840.809,2656896.509
2027-04-01T17:39:00.000Z,63540.0,4961563.289,3826972.771,2969354.001
2027-04-01T17:40:00.000Z,63600.0,4650818.323,3969636.801,3268998.759
2027-04-01T17:41:00.000Z,63660.0,4320062.150,4095220.677,3554539.213
2027-04-01T17:42:00.000Z,63720.0,3970719.625,4203185.678,3824744.805
2027-04-01T17:43:00.000Z,63780.0,3604295.148,4293068.817,4078451.198
2027-04-01T17:44:00.000Z,63840.0,3222366.152,4364484.731,4314565.201
2027-04-01T17:45:00.000Z,63900.0,2826576.325,4417127.256,4532069.360
2027-04-01T17:46:00.000Z,63960.0,2418628.560,4450770.651,4730026.230
2027-04-01T17:47:00.000Z,64020.0,2000277.695,4465270.491,4907582.296
2027-04-01T17:48:00.000Z,64080.0,1573323.049,4460564.222,5063971.533
2027-04-01T17:49:00.000Z,64140.0,1139600.801,4436671.381,5198518.604
2027-04-01T17:50:00.000Z,64200.0,700976.236,4393693.476,5310641.680
2027-04-01T17:51:00.000Z,64260.0,259335.882,4331813.549,5399854.878
2027-04-01T17:52:00.000Z,64320.0,-183420.425,4251295.396,5465770.308
2027-04-01T17:53:00.000Z,64380.0,-625387.527,4152482.479,5508099.728
2027-04-01T17:54:00.000Z,64440.0,-1064662.951,4035796.511,5526655.798
2027-04-01T17:55:00.000Z,64500.0,-1499354.907,3901735.732,5521352.935
2027-04-01T17:56:00.000Z,64560.0,-1927590.257,3750872.878,5492207.760
2027-04-01T17:57:00.000Z,64620.0,-2347522.427,3583852.852,5439339.139
2027-04-01T17:58:00.000Z,64680.0,-2757339.224,3401390.092,5362967.811
2027-04-01T17:59:00.000Z,64740.0,-3155270.554,3204265.663,5263415.606
2027-04-01T18:00:00.000Z,64800.0,-3539595.982,2993324.056,5141104.252
2027-04-01T18:01:00.000Z,64860.0,-3908652.136,2769469.727,4996553.764
2027-04-01T18:02:00.000Z,64920.0,-4260839.908,2533663.366,4830380.425
2027-04-01T18:03:00.000Z,64980.0,-4594631.425,2286917.913,4643294.359
2027-04-01T18:04:00.000Z,65040.0,-4908576.762,2030294.341,4436096.685
2027-04-01T18:05:00.000Z,65100.0,-5201310.368,1764897.201,4209676.286
2027-04-01T18:06:00.000Z,65160.0,-5471557.172,1491869.958,3965006.165
2027-04-01T18:07:00.000Z,65220.0,-5718138.326,1212390.135,3703139.429
2027-04-01T18:08:00.000Z,65280.0,-5939976.580,927664.267,3425204.882
2027-04-01T18:09:00.000Z,65340.0,-6136101.227,638922.703,3132402.271
2027-04-01T18:10:00.000Z,65400.0,-6305652.614,347414.269,2825997.175
2027-04-01T18:11:00.000Z,65460.0,-6447886.172,54400.814,2507315.568
2027-04-01T18:12:00.000Z,65520.0,-6562175.948,-238848.334,2177738.077
2027-04-01T18:13:00.000Z,65580.0,-6648017.609,-531061.970,1838693.966
2027-04-01T18:14:00.000Z,65640.0,-6705030.899,-820972.657,1491654.848
2027-04-01T18:15:00.000Z,65700.0,-6732961.527,-1107322.376,1138128.193
2027-04-01T18:16:00.000Z,65760.0,-6731682.473,-1388868.143,779650.627
2027-04-01T18:17:00.000Z,65820.0,-6701194.693,-1664387.588,417781.086
2027-04-01T18:18:00.000Z,65880.0,-6641627.230,-1932684.440,54093.831
2027-04-01T18:19:00.000Z,65940.0,-6553236.702,-2192593.898,-309828.601
2027-04-01T18:20:00.000Z,66000.0,-6436406.200,-2442987.861,-672402.513
2027-04-01T18:21:00.000Z,66060.0,-6291643.572,-2682779.989,-1032050.162
2027-04-01T18:22:00.000Z,66120.0,-6119579.115,-2910930.553,-1387206.837
2027-04-01T18:23:00.000Z,66180.0,-5920962.697,-3126451.067,-1736327.883
2027-04-01T18:24:00.000Z,66240.0,-5696660.310,-3328408.668,-2077895.602
2027-04-01T18:25:00.000Z,66300.0,-5447650.082,-3515930.222,-2410426.022
2027-04-01T18:26:00.000Z,66360.0,-5175017.787,-3688206.134,-2732475.474
2027-04-01T18:27:00.000Z,66420.0,-4879951.853,-3844493.859,-3042646.972
2027-04-01T18:28:00.000Z,66480.0,-4563737.931,-3984121.072,-3339596.340
2027-04-01T18:29:00.000Z,66540.0,-4227753.030,-4106488.514,-3622038.068
2027-04-01T18:30:00.000Z,66600.0,-3873459.273,-4211072.485,-3888750.874
2027-04-01T18:31:00.000Z,66660.0,-3502397.301,-4297426.982,-4138582.946
2027-04-01T18:32:00.000Z,66720.0,-3116179.357,-4365185.481,-4370456.839
2027-04-01T18:33:00.000Z,66780.0,-2716482.103,-4414062.355,-4583374.019
2027-04-01T18:34:00.000Z,66840.0,-2305039.190,-4443853.930,-4776419.032
2027-04-01T18:35:00.000Z,66900.0,-1883633.627,-4454439.178,-4948763.287
2027-04-01T18:36:00.000Z,66960.0,-1454089.983,-4445780.057,-5099668.442
2027-04-01T18:37:00.000Z,67020.0,-1018266.459,-4417921.491,-5228489.394
2027-04-01T18:38:00.000Z,67080.0,-578046.854,-4370991.003,-5334676.854
2027-04-01T18:39:00.000Z,67140.0,-135332.475,-4305198.012,-5417779.509
2027-04-01T18:40:00.000Z,67200.0,307965.992,-4220832.788,-5477445.770
2027-04-01T18:41:00.000Z,67260.0,749936.620,-4118265.085,-5513425.107
2027-04-01T18:42:00.000Z,67320.0,1188674.342,-3997942.452,-5525568.961
2027-04-01T18:43:00.000Z,67380.0,1622289.007,-3860388.240,-5513831.239
2027-04-01T18:44:00.000Z,67440.0,2048913.353,-3706199.305,-5478268.398
2027-04-01T18:45:00.000Z,67500.0,2466710.872,-3536043.419,-5419039.114
2027-04-01T18:46:00.000Z,67560.0,2873883.537,-3350656.409,-5336403.535
2027-04-01T18:47:00.000Z,67620.0,3268679.373,-3150839.008,-5230722.135
2027-04-01T18:48:00.000Z,67680.0,3649399.839,-2937453.466,-5102454.154
2027-04-01T18:49:00.000Z,67740.0,4014406.997,-2711419.897,-4952155.645
2027-04-01T18:50:00.000Z,67800.0,4362130.439,-2473712.395,-4780477.120
2027-04-01T18:51:00.000Z,67860.0,4691073.957,-2225354.921,-4588160.816
2027-04-01T18:52:00.000Z,67920.0,4999821.910,-1967416.987,-4376037.570
2027-04-01T18:53:00.000Z,67980.0,5287045.284,-1701009.129,-4145023.327
2027-04-01T18:54:00.000Z,68040.0,5551507.394,-1427278.216,-3896115.282
2027-04-01T18:55:00.000Z,68100.0,5792069.230,-1147402.578,-3630387.675
2027-04-01T18:56:00.000Z,68160.0,6007694.396,-862586.997,-3348987.245
2027-04-01T18:57:00.000Z,68220.0,6197453.628,-574057.567,-3053128.358
2027-04-01T18:58:00.000Z,68280.0,6360528.872,-283056.453,-2744087.842
2027-04-01T18:59:00.000Z,68340.0,6496216.891,9163.445,-2423199.524
2027-04-01T19:00:00.000Z,68400.0,6603932.382,301343.878,-2091848.510
2027-04-01T19:01:00.000Z,68460.0,6683210.583,592226.682,-1751465.226
2027-04-01T19:02:00.000Z,68520.0,6733709.366,880559.215,-1403519.240
2027-04-01T19:03:00.000Z,68580.0,6755210.776,1165099.788,-1049512.902
2027-04-01T19:04:00.000Z,68640.0,6747622.035,1444623.054,-690974.830
2027-04-01T19:05:00.000Z,68700.0,6710975.982,1717925.332,-329453.257
2027-04-01T19:06:00.000Z,68760.0,6645430.951,1983829.838,33490.703
2027-04-01T19:07:00.000Z,68820.0,6551270.090,2241191.802,396289.853
2027-04-01T19:08:00.000Z,68880.0,6428900.120,2488903.434,757377.746
2027-04-01T19:09:00.000Z,68940.0,6278849.535,2725898.733,1115195.508
2027-04-01T19:10:00.000Z,69000.0,6101766.266,2951158.099,1468198.615
2027-04-01T19:11:00.000Z,69060.0,5898414.809,3163712.729,1814863.611
2027-04-01T19:12:00.000Z,69120.0,5669672.839,3362648.789,2153694.707
2027-04-01T19:13:00.000Z,69180.0,5416527.330,3547111.319,2483230.254
2027-04-01T19:14:00.000Z,69240.0,5140070.199,3716307.888,2802049.046
2027-04-01T19:15:00.000Z,69300.0,4841493.506,3869511.943,3108776.422
2027-04-01T19:16:00.000Z,69360.0,4522084.222,4006065.878,3402090.158
2027-04-01T19:17:00.000Z,69420.0,4183218.612,4125383.786,3680726.101
2027-04-01T19:18:00.000Z,69480.0,3826356.245,4226953.890,3943483.543
2027-04-01T19:19:00.000Z,69540.0,3453033.671,4310340.661,4189230.300
2027-04-01T19:20:00.000Z,69600.0,3064857.796,4375186.593,4416907.482
2027-04-01T19:21:00.000Z,69660.0,2663498.980,4421213.652,4625533.943
2027-04-01T19:22:00.000Z,69720.0,2250683.893,4448224.388,4814210.391
2027-04-01T19:23:00.000Z,69780.0,1828188.159,4456102.707,4982123.142
2027-04-01T19:24:00.000Z,69840.0,1397828.826,4444814.314,5128547.516
2027-04-01T19:25:00.000Z,69900.0,961456.672,4414406.814,5252850.864
2027-04-01T19:26:00.000Z,69960.0,520948.403,4365009.489,5354495.206
2027-04-01T19:27:00.000Z,70020.0,78198.746,4296832.740,5433039.499
2027-04-01T19:28:00.000Z,70080.0,-364887.511,4210167.212,5488141.494
2027-04-01T19:29:00.000Z,70140.0,-806403.531,4105382.588,5519559.215
2027-04-01T19:30:00.000Z,70200.0,-1244448.434,3982926.083,5527152.026
2027-04-01T19:31:00.000Z,70260.0,-1677135.303,3843320.615,5510881.299
2027-04-01T19:32:00.000Z,70320.0,-2102599.131,3687162.675,5470810.675
2027-04-01T19:33:00.000Z,70380.0,-2519004.712,3515119.906,5407105.916
2027-04-01T19:34:00.000Z,70440.0,-2924554.428,3327928.376,5320034.342
2027-04-01T19:35:00.000Z,70500.0,-3317495.909,3126389.584,5209963.865
2027-04-01T19:36:00.000Z,70560.0,-3696129.548,2911367.167,5077361.599
2027-04-01T19:37:00.000Z,70620.0,-4058815.829,2683783.363,4922792.064
2027-04-01T19:38:00.000Z,70680.0,-4403982.447,2444615.190,4746914.982
2027-04-01T19:39:00.000Z,70740.0,-4730131.183,2194890.397,4550482.649
2027-04-01T19:40:00.000Z,70800.0,-5035844.517,1935683.165,4334336.924
2027-04-01T19:41:00.000Z,70860.0,-5319791.927,1668109.591,4099405.795
2027-04-01T19:42:00.000Z,70920.0,-5580735.859,1393322.966,3846699.572
2027-04-01T19:43:00.000Z,70980.0,-5817537.333,1112508.852,3577306.687
2027-04-01T19:44:00.000Z,71040.0,-6029161.149,826879.999,3292389.127
2027-04-01T19:45:00.000Z,71100.0,-6214680.663,537671.101,2993177.514
2027-04-01T19:46:00.000Z,71160.0,-6373282.108,246133.426,2680965.839
2027-04-01T19:47:00.000Z,71220.0,-6504268.428,-46470.661,2357105.892
2027-04-01T19:48:00.000Z,71280.0,-6607062.601,-338873.258,2023001.378
2027-04-01T19:49:00.000Z,71340.0,-6681210.422,-629806.536,1680101.784
2027-04-01T19:50:00.000Z,71400.0,-6726382.731,-918008.372,1329895.989
2027-04-01T19:51:00.000Z,71460.0,-6742377.065,-1202227.987,973905.674
2027-04-01T19:52:00.000Z,71520.0,-6729118.718,-1481231.542,613678.547
2027-04-01T19:53:00.000Z,71580.0,-6686661.205,-1753807.671,250781.433
2027-04-01T19:54:00.000Z,71640.0,-6615186.113,-2018772.924,-113206.746
2027-04-01T19:55:00.000Z,71700.0,-6515002.350,-2274977.076,-476702.058
2027-04-01T19:56:00.000Z,71760.0,-6386544.782,-2521308.294,-838122.675
2027-04-01T19:57:00.000Z,71820.0,-6230372.274,-2756698.113,-1195895.981
2027-04-01T19:58:00.000Z,71880.0,-6047165.143,-2980126.203,-1548465.630
2027-04-01T19:59:00.000Z,71940.0,-5837722.037,-3190624.904,-1894298.511
2027-04-01T20:00:00.000Z,72000.0,-5602956.264,-3387283.504,-2231891.601
2027-04-01T20:01:00.000Z,72060.0,-5343891.585,-3569252.232,-2559778.645
2027-04-01T20:02:00.000Z,72120.0,-5061657.516,-3735745.960,-2876536.652
2027-04-01T20:03:00.000Z,72180.0,-4757484.144,-3886047.580,-3180792.156
2027-04-01T20:04:00.000Z,72240.0,-4432696.509,-4019511.067,-3471227.226
2027-04-01T20:05:00.000Z,72300.0,-4088708.574,-4135564.185,-3746585.190
2027-04-01T20:06:00.000Z,72360.0,-3727016.830,-4233710.858,-4005676.052
2027-04-01T20:07:00.000Z,72420.0,-3349193.553,-4313533.179,-4247381.582
2027-04-01T20:08:00.000Z,72480.0,-2956879.778,-4374693.062,-4470660.047
2027-04-01T20:09:00.000Z,72540.0,-2551777.993,-4416933.529,-4674550.588
2027-04-01T20:10:00.000Z,72600.0,-2135644.628,-4440079.644,-4858177.215
2027-04-01T20:11:00.000Z,72660.0,-1710282.338,-4444039.079,-5020752.406
2027-04-01T20:12:00.000Z,72720.0,-1277532.143,-4428802.332,-5161580.315
2027-04-01T20:13:00.000Z,72780.0,-839265.449,-4394442.587,-5280059.570
2027-04-01T20:14:00.000Z,72840.0,-397375.976,-4341115.237,-5375685.658
2027-04-01T20:15:00.000Z,72900.0,46228.353,-4269057.060,-5448052.902
2027-04-01T20:16:00.000Z,72960.0,489633.560,-4178585.073,-5496856.016
2027-04-01T20:17:00.000Z,73020.0,930927.741,-4070095.052,-5521891.245
2027-04-01T20:18:00.000Z,73080.0,1368209.166,-3944059.753,-5523057.087
2027-04-01T20:19:00.000Z,73140.0,1799594.303,-3801026.812,-5500354.601
2027-04-01T20:20:00.000Z,73200.0,2223225.766,-3641616.359,-5453887.296
2027-04-01T20:21:00.000Z,73260.0,2637280.130,-3466518.338,-5383860.610
2027-04-01T20:22:00.000Z,73320.0,3039975.606,-3276489.557,-5290580.980
2027-04-01T20:23:00.000Z,73380.0,3429579.549,-3072350.465,-5174454.505
2027-04-01T20:24:00.000Z,73440.0,3804415.757,-2854981.677,-5035985.203
2027-04-01T20:25:00.000Z,73500.0,4162871.561,-2625320.248,-4875772.874
2027-04-01T20:26:00.000Z,73560.0,4503404.653,-2384355.724,-4694510.571
2027-04-01T20:27:00.000Z,73620.0,4824549.641,-2133125.958,-4492981.684
2027-04-01T20:28:00.000Z,73680.0,5124924.304,-1872712.735,-4272056.642
2027-04-01T20:29:00.000Z,73740.0,5403235.516,-1604237.197,-4032689.258
2027-04-01T20:30:00.000Z,73800.0,5658284.810,-1328855.090,-3775912.704
2027-04-01T20:31:00.000Z,73860.0,5888973.564,-1047751.858,-3502835.146
2027-04-01T20:32:00.000Z,73920.0,6094307.783,-762137.597,-3214635.051
2027-04-01T20:33:00.000Z,73980.0,6273402.436,-473241.881,-2912556.175
2027-04-01T20:34:00.000Z,74040.0,6425485.354,-182308.502,-2597902.253
2027-04-01T20:35:00.000Z,74100.0,6549900.637,109409.878,-2272031.426
2027-04-01T20:36:00.000Z,74160.0,6646111.571,400657.124,-1936350.394
2027-04-01T20:37:00.000Z,74220.0,6713703.027,690179.052,-1592308.365
2027-04-01T20:38:00.000Z,74280.0,6752383.325,976728.861,-1241390.783
2027-04-01T20:39:00.000Z,74340.0,6761985.564,1259072.536,-885112.892
2027-04-01T20:40:00.000Z,74400.0,6742468.385,1535994.212,-525013.156
2027-04-01T20:41:00.000Z,74460.0,6693916.189,1806301.454,-162646.568
2027-04-01T20:42:00.000Z,74520.0,6616538.778,2068830.439,200422.123
2027-04-01T20:43:00.000Z,74580.0,6510670.444,2322451.019,562625.230
2027-04-01T20:44:00.000Z,74640.0,6376768.498,2566071.620,922398.956
2027-04-01T20:45:00.000Z,74700.0,6215411.240,2798643.971,1278190.203
2027-04-01T20:46:00.000Z,74760.0,6027295.404,3019167.640,1628463.329
2027-04-01T20:47:00.000Z,74820.0,5813233.063,3226694.341,1971706.807
2027-04-01T20:48:00.000Z,74880.0,5574148.040,3420332.003,2306439.778
2027-04-01T20:49:00.000Z,74940.0,5311071.824,3599248.588,2631218.445
2027-04-01T20:50:00.000Z,75000.0,5025139.021,3762675.626,2944642.286
2027-04-01T20:51:00.000Z,75060.0,4717582.372,3909911.463,3245360.064
2027-04-01T20:52:00.000Z,75120.0,4389727.357,4040324.217,3532075.602
2027-04-01T20:53:00.000Z,75180.0,4042986.411,4153354.407,3803553.302
2027-04-01T20:54:00.000Z,75240.0,3678852.796,4248517.282,4058623.381
2027-04-01T20:55:00.000Z,75300.0,3298894.138,4325404.803,4296186.813
2027-04-01T20:56:00.000Z,75360.0,2904745.686,4383687.316,4515219.952
2027-04-01T20:57:00.000Z,75420.0,2498103.296,4423114.871,4714778.827
2027-04-01T20:58:00.000Z,75480.0,2080716.196,4443518.226,4894003.090
2027-04-01T20:59:00.000Z,75540.0,1654379.548,4444809.497,5052119.604
2027-04-01T21:00:00.000Z,75600.0,1220926.840,4426982.489,5188445.674
2027-04-01T21:01:00.000Z,75660.0,782222.138,4390112.684,5302391.890
2027-04-01T21:02:00.000Z,75720.0,340152.236,4334356.907,5393464.602
2027-04-01T21:03:00.000Z,75780.0,-103381.289,4259952.662,5461267.991
2027-04-01T21:04:00.000Z,75840.0,-546470.065,4167217.146,5505505.761
2027-04-01T21:05:00.000Z,75900.0,-987206.942,4056545.947,5525982.425
2027-04-01T21:06:00.000Z,75960.0,-1423694.013,3928411.429,5522604.185
2027-04-01T21:07:00.000Z,76020.0,-1854050.606,3783360.806,5495379.422
2027-04-01T21:08:00.000Z,76080.0,-2276421.217,3622013.922,5444418.760
2027-04-01T21:09:00.000Z,76140.0,-2688983.369,3445060.725,5369934.734
2027-04-01T21:10:00.000Z,76200.0,-3089955.362,3253258.460,5272241.037
2027-04-01T21:11:00.000Z,76260.0,-3477603.883,3047428.575,5151751.365
2027-04-01T21:12:00.000Z,76320.0,-3850251.453,2828453.354,5008977.835
2027-04-01T21:13:00.000Z,76380.0,-4206283.689,2597272.287,4844529.004
2027-04-01T21:14:00.000Z,76440.0,-4544156.327,2354878.181,4659107.470
2027-04-01T21:15:00.000Z,76500.0,-4862402.008,2102313.025,4453507.069
2027-04-01T21:16:00.000Z,76560.0,-5159636.768,1840663.630,4228609.664
2027-04-01T21:17:00.000Z,76620.0,-5434566.219,1571057.045,3985381.546
2027-04-01T21:18:00.000Z,76680.0,-5685991.377,1294655.771,3724869.442
2027-04-01T21:19:00.000Z,76740.0,-5912814.111,1012652.793,3448196.143
2027-04-01T21:20:00.000Z,76800.0,-6114042.188,726266.445,3156555.777
2027-04-01T21:21:00.000Z,76860.0,-6288793.869,436735.131,2851208.727
2027-04-01T21:22:00.000Z,76920.0,-6436302.037,145311.921,2533476.223
2027-04-01T21:23:00.000Z,76980.0,-6555917.827,-146740.943,2204734.623
2027-04-01T21:24:00.000Z,77040.0,-6647113.735,-438157.622,1866409.417
2027-04-01T21:25:00.000Z,77100.0,-6709486.180,-727674.286,1519968.968
2027-04-01T21:26:00.000Z,77160.0,-6742757.493,-1014034.749,1166918.027
2027-04-01T21:27:00.000Z,77220.0,-6746777.334,-1295996.078,808791.058
2027-04-01T21:28:00.000Z,77280.0,-6721523.506,-1572334.161,447145.391
2027-04-01T21:29:00.000Z,77340.0,-6667102.167,-1841849.204,83554.263
2027-04-01T21:30:00.000Z,77400.0,-6583747.435,-2103371.118,-280400.241
2027-04-01T21:31:00.000Z,77460.0,-6471820.379,-2355764.768,-643134.292
2027-04-01T21:32:00.000Z,77520.0,-6331807.412,-2597935.068,-1003069.432
2027-04-01T21:33:00.000Z,77580.0,-6164318.084,-2828831.874,-1358639.662
2027-04-01T21:34:00.000Z,77640.0,-5970082.295,-3047454.666,-1708298.465
2027-04-01T21:35:00.000Z,77700.0,-5749946.940,-3252856.980,-2050525.722
2027-04-01T21:36:00.000Z,77760.0,-5504872.014,-3444150.583,-2383834.493
2027-04-01T21:37:00.000Z,77820.0,-5235926.195,-3620509.354,-2706777.612
2027-04-01T21:38:00.000Z,77880.0,-4944281.937,-3781172.869,-3017954.084
2027-04-01T21:39:00.000Z,77940.0,-4631210.098,-3925449.660,-3316015.231
2027-04-01T21:40:00.000Z,78000.0,-4298074.149,-4052720.147,-3599670.575
2027-04-01T21:41:00.000Z,78060.0,-3946323.981,-4162439.226,-3867693.426
2027-04-01T21:42:00.000Z,78120.0,-3577489.358,-4254138.504,-4118926.149
2027-04-01T21:43:00.000Z,78180.0,-3193173.049,-4327428.186,-4352285.092
2027-04-01T21:44:00.000Z,78240.0,-2795043.679,-4381998.593,-4566765.161
2027-04-01T21:45:00.000Z,78300.0,-2384828.325,-4417621.328,-4761444.015
2027-04-01T21:46:00.000Z,78360.0,-1964304.914,-4434150.078,-4935485.889
2027-04-01T21:47:00.000Z,78420.0,-1535294.436,-4431521.065,-5088145.009
2027-04-01T21:48:00.000Z,78480.0,-1099653.026,-4409753.136,-5218768.617
2027-04-01T21:49:00.000Z,78540.0,-659263.935,-4368947.509,-5326799.574
2027-04-01T21:50:00.000Z,78600.0,-216029.434,-4309287.183,-5411778.568
2027-04-01T21:51:00.000Z,78660.0,228137.325,-4231036.003,-5473345.887
2027-04-01T21:52:00.000Z,78720.0,671320.457,-4134537.402,-5511242.789
2027-04-01T21:53:00.000Z,78780.0,1111609.474,-4020212.831,-5525312.450
2027-04-01T21:54:00.000Z,78840.0,1547107.363,-3888559.862,-5515500.494
2027-04-01T21:55:00.000Z,78900.0,1975938.593,-3740150.008,-5481855.109
2027-04-01T21:56:00.000Z,78960.0,2396257.012,-3575626.238,-5424526.748
2027-04-01T21:57:00.000Z,79020.0,2806253.625,-3395700.208,-5343767.419
2027-04-01T21:58:00.000Z,79080.0,3204164.206,-3201149.230,-5239929.567
2027-04-01T21:59:00.000Z,79140.0,3588276.732,-2992812.965,-5113464.550
2027-04-01T22:00:00.000Z,79200.0,3956938.611,-2771589.873,-4964920.713
2027-04-01T22:01:00.000Z,79260.0,4308563.671,-2538433.413,-4794941.075
2027-04-01T22:02:00.000Z,79320.0,4641638.890,-2294348.025,-4604260.611
2027-04-01T22:03:00.000Z,79380.0,4954730.839,-2040384.889,-4393703.169
2027-04-01T22:04:00.000Z,79440.0,5246491.811,-1777637.482,-4164178.001
2027-04-01T22:05:00.000Z,79500.0,5515665.606,-1507236.954,-3916675.938
2027-04-01T22:06:00.000Z,79560.0,5761092.951,-1230347.329,-3652265.203
2027-04-01T22:07:00.000Z,79620.0,5981716.530,-948160.557,-3372086.899
2027-04-01T22:08:00.000Z,79680.0,6176585.588,-661891.433,-3077350.163
2027-04-01T22:09:00.000Z,79740.0,6344860.100,-372772.397,-2769327.012
2027-04-01T22:10:00.000Z,79800.0,6485814.471,-82048.255,-2449346.915
2027-04-01T22:11:00.000Z,79860.0,6598840.746,209029.184,-2118791.084
2027-04-01T22:12:00.000Z,79920.0,6683451.323,499206.502,-1779086.538
2027-04-01T22:13:00.000Z,79980.0,6739281.133,787234.092,-1431699.935
2027-04-01T22:14:00.000Z,80040.0,6766089.288,1071871.575,-1078131.232
2027-04-01T22:15:00.000Z,80100.0,6763760.179,1351893.181,-719907.172
2027-04-01T22:16:00.000Z,80160.0,6732304.017,1626093.074,-358574.652
2027-04-01T22:17:00.000Z,80220.0,6671856.811,1893290.591,4306.012
2027-04-01T22:18:00.000Z,80280.0,6582679.784,2152335.379,367167.882
2027-04-01T22:19:00.000Z,80340.0,6465158.225,2402112.384,728444.226
2027-04-01T22:20:00.000Z,80400.0,6319799.788,2641546.694,1086575.339
2027-04-01T22:21:00.000Z,80460.0,6147232.242,2869608.184,1440015.334
2027-04-01T22:22:00.000Z,80520.0,5948200.686,3085315.970,1787238.856
2027-04-01T22:23:00.000Z,80580.0,5723564.251,3287742.623,2126747.701
2027-04-01T22:24:00.000Z,80640.0,5474292.294,3476018.146,2457077.292
2027-04-01T22:25:00.000Z,80700.0,5201460.122,3649333.684,2776802.997
2027-04-01T22:26:00.000Z,80760.0,4906244.254,3806944.957,3084546.254
2027-04-01T22:27:00.000Z,80820.0,4589917.266,3948175.396,3378980.470
2027-04-01T22:28:00.000Z,80880.0,4253842.222,4072418.984,3658836.685
2027-04-01T22:29:00.000Z,80940.0,3899466.744,4179142.777,3922908.961
2027-04-01T22:30:00.000Z,81000.0,3528316.738,4267889.103,4170059.486
2027-04-01T22:31:00.000Z,81060.0,3141989.808,4338277.443,4399223.368
2027-04-01T22:32:00.000Z,81120.0,2742148.390,4390005.972,4609413.114
2027-04-01T22:33:00.000Z,81180.0,2330512.645,4422852.770,4799722.760
2027-04-01T22:34:00.000Z,81240.0,1908853.124,4436676.706,4969331.660
2027-04-01T22:35:00.000Z,81300.0,1478983.255,4431417.976,5117507.904
2027-04-01T22:36:00.000Z,81360.0,1042751.668,4407098.314,5243611.379
2027-04-01T22:37:00.000Z,81420.0,602034.397,4363820.880,5347096.438
2027-04-01T22:38:00.000Z,81480.0,158726.976,4301769.807,5427514.190
2027-04-01T22:39:00.000Z,81540.0,-285263.524,4221209.432,5484514.400
2027-04-01T22:40:00.000Z,81600.0,-728026.513,4122483.208,5517846.990
2027-04-01T22:41:00.000Z,81660.0,-1167655.908,4006012.297,5527363.143
2027-04-01T22:42:00.000Z,81720.0,-1602258.152,3872293.857,5513016.002
2027-04-01T22:43:00.000Z,81780.0,-2029960.192,3721899.015,5474860.964
2027-04-01T22:44:00.000Z,81840.0,-2448917.395,3555470.553,5413055.561
2027-04-01T22:45:00.000Z,81900.0,-2857321.373,3373720.291,5327858.940
2027-04-01T22:46:00.000Z,81960.0,-3253407.682,3177426.187,5219630.918
2027-04-01T22:47:00.000Z,82020.0,-3635463.384,2967429.157,5088830.636
2027-04-01T22:48:00.000Z,82080.0,-4001834.428,2744629.625,4936014.794
2027-04-01T22:49:00.000Z,82140.0,-4350932.819,2509983.805,4761835.472
2027-04-01T22:50:00.000Z,82200.0,-4681243.567,2264499.744,4567037.553
2027-04-01T22:51:00.000Z,82260.0,-4991331.353,2009233.108,4352455.727
2027-04-01T22:52:00.000Z,82320.0,-5279846.908,1745282.754,4119011.102
2027-04-01T22:53:00.000Z,82380.0,-5545533.057,1473786.085,3867707.424
2027-04-01T22:54:00.000Z,82440.0,-5787230.410,1195914.205,3599626.912
2027-04-01T22:55:00.000Z,82500.0,-6003882.643,912866.900,3315925.716
2027-04-01T22:56:00.000Z,82560.0,-6194541.379,625867.461,3017829.029
2027-04-01T22:57:00.000Z,82620.0,-6358370.590,336157.366,2706625.855
2027-04-01T22:58:00.000Z,82680.0,-6494650.536,44990.855,2383663.451
2027-04-01T22:59:00.000Z,82740.0,-6602781.187,-246370.590,2050341.480
2027-04-01T23:00:00.000Z,82800.0,-6682285.105,-536663.819,1708105.893
2027-04-01T23:01:00.000Z,82860.0,-6732809.784,-824629.629,1358442.562
2027-04-01T23:02:00.000Z,82920.0,-6754129.402,-1109018.377,1002870.699
2027-04-01T23:03:00.000Z,82980.0,-6746145.994,-1388595.572,642936.108
2027-04-01T23:04:00.000Z,83040.0,-6708890.018,-1662147.408,280204.272
2027-04-01T23:05:00.000Z,83100.0,-6642520.319,-1928486.216,-83746.649
2027-04-01T23:06:00.000Z,83160.0,-6547323.478,-2186455.795,-447332.905
2027-04-01T23:07:00.000Z,83220.0,-6423712.559,-2434936.601,-808972.272
2027-04-01T23:08:00.000Z,83280.0,-6272225.244,-2672850.760,-1167091.153
2027-04-01T23:09:00.000Z,83340.0,-6093521.392,-2899166.885,-1520131.649
2027-04-01T23:10:00.000Z,83400.0,-5888380.005,-3112904.655,-1866558.532
2027-04-01T23:11:00.000Z,83460.0,-5657695.652,-3313139.160,-2204866.105
2027-04-01T23:12:00.000Z,83520.0,-5402474.348,-3499004.956,-2533584.899
2027-04-01T23:13:00.000Z,83580.0,-5123828.927,-3669699.844,-2851288.189
2027-04-01T23:14:00.000Z,83640.0,-4822973.939,-3824488.328,-3156598.270
2027-04-01T23:15:00.000Z,83700.0,-4501220.100,-3962704.759,-3448192.494
2027-04-01T23:16:00.000Z,83760.0,-4159968.317,-4083756.140,-3724809.017
2027-04-01T23:17:00.000Z,83820.0,-3800703.352,-4187124.586,-3985252.240
2027-04-01T23:18:00.000Z,83880.0,-3424987.126,-4272369.436,-4228397.930
2027-04-01T23:19:00.000Z,83940.0,-3034451.730,-4339129.003,-4453197.980
2027-04-01T23:20:00.000Z,84000.0,-2630792.159,-4387121.978,-4658684.819
2027-04-01T23:21:00.000Z,84060.0,-2215758.820,-4416148.459,-4843975.434
2027-04-01T23:22:00.000Z,84120.0,-1791149.842,-4426090.634,-5008275.006
2027-04-01T23:23:00.000Z,84180.0,-1358803.225,-4416913.109,-5150880.150
2027-04-01T23:24:00.000Z,84240.0,-920588.870,-4388662.881,-5271181.745
2027-04-01T23:25:00.000Z,84300.0,-478400.508,-4341468.968,-5368667.357
2027-04-01T23:26:00.000Z,84360.0,-34147.578,-4275541.703,-5442923.248
2027-04-01T23:27:00.000Z,84420.0,410252.925,-4191171.695,-5493635.963
2027-04-01T23:28:00.000Z,84480.0,852884.602,-4088728.465,-5520593.507
2027-04-01T23:29:00.000Z,84540.0,1291839.769,-3968658.770,-5523686.102
2027-04-01T23:30:00.000Z,84600.0,1725227.516,-3831484.616,-5502906.523
2027-04-01T23:31:00.000Z,84660.0,2151181.680,-3677800.977,-5458350.029
2027-04-01T23:32:00.000Z,84720.0,2567868.708,-3508273.218,-5390213.869
2027-04-01T23:33:00.000Z,84780.0,2973495.370,-3323634.250,-5298796.386
2027-04-01T23:34:00.000Z,84840.0,3366316.316,-3124681.403,-5184495.713
2027-04-01T23:35:00.000Z,84900.0,3744641.433,-2912273.047,-5047808.064
2027-04-01T23:36:00.000Z,84960.0,4106842.990,-2687324.962,-4889325.624
2027-04-01T23:37:00.000Z,85020.0,4451362.527,-2450806.475,-4709734.057
2027-04-01T23:38:00.000Z,85080.0,4776717.481,-2203736.365,-4509809.611
2027-04-01T23:39:00.000Z,85140.0,5081507.510,-1947178.566,-4290415.861
2027-04-01T23:40:00.000Z,85200.0,5364420.491,-1682237.668,-4052500.073
2027-04-01T23:41:00.000Z,85260.0,5624238.166,-1410054.236,-3797089.210
2027-04-01T23:42:00.000Z,85320.0,5859841.409,-1131799.974,-3525285.597
2027-04-01T23:43:00.000Z,85380.0,6070215.094,-848672.729,-3238262.247
2027-04-01T23:44:00.000Z,85440.0,6254452.521,-561891.385,-2937257.875
2027-04-01T23:45:00.000Z,85500.0,6411759.406,-272690.637,-2623571.616
2027-04-01T23:46:00.000Z,85560.0,6541457.384,17684.308,-2298557.459
2027-04-01T23:47:00.000Z,85620.0,6642987.019,307983.096,-1963618.436
2027-04-01T23:48:00.000Z,85680.0,6715910.302,596955.626,-1620200.573
2027-04-01T23:49:00.000Z,85740.0,6759912.617,883357.456,-1269786.640
2027-04-01T23:50:00.000Z,85800.0,6774804.164,1165955.206,-913889.727
2027-04-01T23:51:00.000Z,85860.0,6760520.832,1443531.906,-554046.670
2027-04-01T23:52:00.000Z,85920.0,6717124.503,1714892.291,-191811.373
2027-04-01T23:53:00.000Z,85980.0,6644802.804,1978867.988,171251.967
2027-04-01T23:54:00.000Z,86040.0,6543868.283,2234322.602,533575.668
2027-04-01T23:55:00.000Z,86100.0,6414757.039,2480156.642,893595.397
2027-04-01T23:56:00.000Z,86160.0,6258026.782,2715312.286,1249756.982
2027-04-01T23:57:00.000Z,86220.0,6074354.366,2938777.958,1600523.167
2027-04-01T23:58:00.000Z,86280.0,5864532.787,3149592.686,1944380.290
2027-04-01T23:59:00.000Z,86340.0,5629467.664,3346850.230,2279844.838
2027-04-02T00:00:00.000Z,86400.0,5370173.241,3529702.955,2605469.855
