utc,elapsed_s,x_m,y_m,z_m
2027-04-01T00:00:00.000Z,0.0,6510319.215,2369562.410,0.000
2027-04-01T00:01:00.000Z,60.0,6402650.457,2621631.140,363200.742
2027-04-01T00:02:00.000Z,120.0,6267325.914,2862375.935,724828.156
2027-04-01T00:03:00.000Z,180.0,6104930.945,3090757.304,1083316.034
2027-04-01T00:04:00.000Z,240.0,5916168.290,3305789.476,1437111.952
2027-04-01T00:05:00.000Z,300.0,5701854.950,3506544.681,1784684.069
2027-04-01T00:06:00.000Z,360.0,5462918.549,3692157.176,2124527.825
2027-04-01T00:07:00.000Z,420.0,5200393.214,3861826.972,2455172.504
2027-04-01T00:08:00.000Z,480.0,4915414.978,4014823.267,2775187.627
2027-04-01T00:09:00.000Z,540.0,4609216.747,4150487.555,3083189.146
2027-04-01T00:10:00.000Z,600.0,4283122.853,4268236.407,3377845.421
2027-04-01T00:11:00.000Z,660.0,3938543.218,4367563.913,3657882.937
2027-04-01T00:12:00.000Z,720.0,3576967.169,4448043.779,3922091.751
2027-04-01T00:13:00.000Z,780.0,3199956.933,4509331.065,4169330.642
2027-04-01T00:14:00.000Z,840.0,2809140.837,4551163.575,4398531.952
2027-04-01T00:15:00.000Z,900.0,2406206.257,4573362.882,4608706.080
2027-04-01T00:16:00.000Z,960.0,1992892.344,4575835.001,4798945.646
2027-04-01T00:17:00.000Z,1020.0,1570982.549,4558570.704,4968429.287
2027-04-01T00:18:00.000Z,1080.0,1142297.001,4521645.481,5116425.082
2027-04-01T00:19:00.000Z,1140.0,708684.749,4465219.153,5242293.597
2027-04-01T00:20:00.000Z,1200.0,272015.905,4389535.142,5345490.551
2027-04-01T00:21:00.000Z,1260.0,-165826.282,4294919.400,5425569.077
2027-04-01T00:22:00.000Z,1320.0,-602953.385,4181779.012,5482181.589
2027-04-01T00:23:00.000Z,1380.0,-1037479.783,4050600.461,5515081.250
2027-04-01T00:24:00.000Z,1440.0,-1467530.618,3901947.591,5524123.026
2027-04-01T00:25:00.000Z,1500.0,-1891249.717,3736459.249,5509264.335
2027-04-01T00:26:00.000Z,1560.0,-2306807.442,3554846.628,5470565.284
2027-04-01T00:27:00.000Z,1620.0,-2712408.446,3357890.315,5408188.493
2027-04-01T00:28:00.000Z,1680.0,-3106299.301,3146437.057,5322398.505
2027-04-01T00:29:00.000Z,1740.0,-3486775.988,2921396.245,5213560.777
2027-04-01T00:30:00.000Z,1800.0,-3852191.196,2683736.143,5082140.265
2027-04-01T00:31:00.000Z,1860.0,-4200961.423,2434479.849,4928699.589
2027-04-01T00:32:00.000Z,1920.0,-4531573.849,2174701.025,4753896.787
2027-04-01T00:33:00.000Z,1980.0,-4842592.935,1905519.391,4558482.667
2027-04-01T00:34:00.000Z,2040.0,-5132666.740,1628096.004,4343297.748
2027-04-01T00:35:00.000Z,2100.0,-5400532.909,1343628.343,4109268.809
2027-04-01T00:36:00.000Z,2160.0,-5645024.320,1053345.201,3857405.047
2027-04-01T00:37:00.000Z,2220.0,-5865074.339,758501.424,3588793.860
2027-04-01T00:38:00.000Z,2280.0,-6059721.673,460372.504,3304596.257
2027-04-01T00:39:00.000Z,2340.0,-6228114.780,160249.045,3006041.929
2027-04-01T00:40:00.000Z,2400.0,-6369515.817,-140568.856,2694423.974
2027-04-01T00:41:00.000Z,2460.0,-6483304.095,-440777.311,2371093.317
2027-04-01T00:42:00.000Z,2520.0,-6568979.018,-739074.381,2037452.840
2027-04-01T00:43:00.000Z,2580.0,-6626162.485,-1034165.831,1694951.247
2027-04-01T00:44:00.000Z,2640.0,-6654600.741,-1324770.881,1345076.690
2027-04-01T00:45:00.000Z,2700.0,-6654165.655,-1609627.905,989350.191
2027-04-01T00:46:00.000Z,2760.0,-6624855.416,-1887500.064,629318.897
2027-04-01T00:47:00.000Z,2820.0,-6566794.639,-2157180.834,266549.185
2027-04-01T00:48:00.000Z,2880.0,-6480233.881,-2417499.399,-97380.326
2027-04-01T00:49:00.000Z,2940.0,-6365548.560,-2667325.891,-460885.831
2027-04-01T00:50:00.000Z,3000.0,-6223237.287,-2905576.428,-822385.427
2027-04-01T00:51:00.000Z,3060.0,-6053919.614,-3131217.939,-1180306.184
2027-04-01T00:52:00.000Z,3120.0,-5858333.223,-3343272.752,-1533091.174
2027-04-01T00:53:00.000Z,3180.0,-5637330.557,-3540822.902,-1879206.408
2027-04-01T00:54:00.000Z,3240.0,-5391874.927,-3723014.164,-2217147.656
2027-04-01T00:55:00.000Z,3300.0,-5123036.108,-3889059.769,-2545447.106
2027-04-01T00:56:00.000Z,3360.0,-4831985.460,-4038243.799,-2862679.833
2027-04-01T00:57:00.000Z,3420.0,-4519990.601,-4169924.243,-3167470.050
2027-04-01T00:58:00.000Z,3480.0,-4188409.657,-4283535.701,-3458497.098
2027-04-01T00:59:00.000Z,3540.0,-3838685.139,-4378591.730,-3734501.168
2027-04-01T01:00:00.000Z,3600.0,-3472337.456,-4454686.822,-3994288.715
2027-04-01T01:01:00.000Z,3660.0,-3090958.134,-4511498.013,-4236737.551
2027-04-01T01:02:00.000Z,3720.0,-2696202.740,-4548786.119,-4460801.590
2027-04-01T01:03:00.000Z,3780.0,-2289783.578,-4566396.600,-4665515.244
2027-04-01T01:04:00.000Z,3840.0,-1873462.174,-4564260.052,-4849997.438
2027-04-01T01:05:00.000Z,3900.0,-1449041.592,-4542392.337,-5013455.243
2027-04-01T01:06:00.000Z,3960.0,-1018358.618,-4500894.345,-5155187.121
2027-04-01T01:07:00.000Z,4020.0,-583275.834,-4439951.410,-5274585.764
2027-04-01T01:08:00.000Z,4080.0,-145673.634,-4359832.367,-5371140.528
2027-04-01T01:09:00.000Z,4140.0,292557.812,-4260888.280,-5444439.462
2027-04-01T01:10:00.000Z,4200.0,729526.595,-4143550.832,-5494170.920
2027-04-01T01:11:00.000Z,4260.0,1163347.084,-4008330.396,-5520124.762
2027-04-01T01:12:00.000Z,4320.0,1592147.902,-3855813.794,-5522193.138
2027-04-01T01:13:00.000Z,4380.0,2014079.817,-3686661.751,-5500370.861
2027-04-01T01:14:00.000Z,4440.0,2427323.543,-3501606.061,-5454755.363
2027-04-01T01:15:00.000Z,4500.0,2830097.403,-3301446.465,-5385546.240
2027-04-01T01:16:00.000Z,4560.0,3220664.848,-3087047.265,-5293044.386
2027-04-01T01:17:00.000Z,4620.0,3597341.786,-2859333.670,-5177650.721
2027-04-01T01:18:00.000Z,4680.0,3958503.719,-2619287.902,-5039864.510
2027-04-01T01:19:00.000Z,4740.0,4302592.640,-2367945.057,-4880281.281
2027-04-01T01:20:00.000Z,4800.0,4628123.674,-2106388.754,-4699590.353
2027-04-01T01:21:00.000Z,4860.0,4933691.438,-1835746.559,-4498571.963
2027-04-01T01:22:00.000Z,4920.0,5217976.093,-1557185.236,-4278094.015
2027-04-01T01:23:00.000Z,4980.0,5479749.052,-1271905.799,-4039108.457
2027-04-01T01:24:00.000Z,5040.0,5717878.332,-981138.420,-3782647.281
2027-04-01T01:25:00.000Z,5100.0,5931333.516,-686137.188,-3509818.182
2027-04-01T01:26:00.000Z,5160.0,6119190.296,-388174.745,-3221799.875
2027-04-01T01:27:00.000Z,5220.0,6280634.583,-88536.830,-2919837.076
2027-04-01T01:28:00.000Z,5280.0,6414966.147,211483.264,-2605235.200
2027-04-01T01:29:00.000Z,5340.0,6521601.780,510590.275,-2279354.753
2027-04-01T01:30:00.000Z,5400.0,6600077.949,807492.593,-1943605.474
2027-04-01T01:31:00.000Z,5460.0,6650052.928,1100907.880,-1599440.239
2027-04-01T01:32:00.000Z,5520.0,6671308.393,1389568.664,-1248348.747
2027-04-01T01:33:00.000Z,5580.0,6663750.469,1672227.879,-891851.036
2027-04-01T01:34:00.000Z,5640.0,6627410.214,1947664.326,-531490.841
2027-04-01T01:35:00.000Z,5700.0,6562443.546,2214688.027,-168828.833
2027-04-01T01:36:00.000Z,5760.0,6469130.593,2472145.445,194564.220
2027-04-01T01:37:00.000Z,5820.0,6347874.493,2718924.537,557114.349
2027-04-01T01:38:00.000Z,5880.0,6199199.617,2953959.620,917251.293
2027-04-01T01:39:00.000Z,5940.0,6023749.261,3176236.035,1273415.395
2027-04-01T01:40:00.000Z,6000.0,5822282.780,3384794.560,1624064.428
2027-04-01T01:41:00.000Z,6060.0,5595672.222,3578735.580,1967680.358
2027-04-01T01:42:00.000Z,6120.0,5344898.439,3757222.972,2302775.960
2027-04-01T01:43:00.000Z,6180.0,5071046.731,3919487.701,2627901.304
2027-04-01T01:44:00.000Z,6240.0,4775302.030,4064831.105,2941650.036
2027-04-01T01:45:00.000Z,6300.0,4458943.654,4192627.859,3242665.468
2027-04-01T01:46:00.000Z,6360.0,4123339.665,4302328.601,3529646.409
2027-04-01T01:47:00.000Z,6420.0,3769940.851,4393462.227,3801352.747
2027-04-01T01:48:00.000Z,6480.0,3400274.378,4465637.824,4056610.738
2027-04-01T01:49:00.000Z,6540.0,3015937.130,4518546.259,4294317.989
2027-04-01T01:50:00.000Z,6600.0,2618588.778,4551961.409,4513448.117
2027-04-01T01:51:00.000Z,6660.0,2209944.607,4565741.037,4713055.072
2027-04-01T01:52:00.000Z,6720.0,1791768.136,4559827.308,4892277.095
2027-04-01T01:53:00.000Z,6780.0,1365863.565,4534246.956,5050340.326
2027-04-01T01:54:00.000Z,6840.0,934068.066,4489111.098,5186562.022
2027-04-01T01:55:00.000Z,6900.0,498243.974,4424614.701,5300353.401
2027-04-01T01:56:00.000Z,6960.0,60270.882,4341035.715,5391222.088
2027-04-01T01:57:00.000Z,7020.0,-377962.313,4238733.861,5458774.173
2027-04-01T01:58:00.000Z,7080.0,-814565.391,4118149.100,5502715.857
2027-04-01T01:59:00.000Z,7140.0,-1247654.796,3979799.774,5522854.702
2027-04-01T02:00:00.000Z,7200.0,-1675361.583,3824280.439,5519100.469
2027-04-01T02:01:00.000Z,7260.0,-2095839.320,3652259.387,5491465.546
2027-04-01T02:02:00.000Z,7320.0,-2507271.909,3464475.870,5440064.964
2027-04-01T02:03:00.000Z,7380.0,-2907881.284,3261737.037,5365115.999
2027-04-01T02:04:00.000Z,7440.0,-3295934.995,3044914.588,5266937.357
2027-04-01T02:05:00.000Z,7500.0,-3669753.611,2814941.158,5145947.953
2027-04-01T02:06:00.000Z,7560.0,-4027717.941,2572806.439,5002665.262
2027-04-01T02:07:00.000Z,7620.0,-4368276.035,2319553.054,4837703.272
2027-04-01T02:08:00.000Z,7680.0,-4689949.938,2056272.191,4651770.020
2027-04-01T02:09:00.000Z,7740.0,-4991342.165,1784099.018,4445664.721
2027-04-01T02:10:00.000Z,7800.0,-5271141.872,1504207.886,4220274.501
2027-04-01T02:11:00.000Z,7860.0,-5528130.689,1217807.338,3976570.736
2027-04-01T02:12:00.000Z,7920.0,-5761188.188,926134.950,3715605.008
2027-04-01T02:13:00.000Z,7980.0,-5969296.957,630452.009,3438504.686
2027-04-01T02:14:00.000Z,8040.0,-6151547.244,332038.066,3146468.153
2027-04-01T02:15:00.000Z,8100.0,-6307141.157,32185.371,2840759.690
2027-04-01T02:16:00.000Z,8160.0,-6435396.376,-267806.772,2522704.037
2027-04-01T02:17:00.000Z,8220.0,-6535749.365,-566637.717,2193680.652
2027-04-01T02:18:00.000Z,8280.0,-6607758.059,-863011.208,1855117.699
2027-04-01T02:19:00.000Z,8340.0,-6651104.005,-1155641.131,1508485.778
2027-04-01T02:20:00.000Z,8400.0,-6665593.930,-1443257.227,1155291.443
2027-04-01T02:21:00.000Z,8460.0,-6651160.748,-1724610.760,797070.527
2027-04-01T02:22:00.000Z,8520.0,-6607863.964,-1998480.089,435381.314
2027-04-01T02:23:00.000Z,8580.0,-6535889.497,-2263676.135,71797.590
2027-04-01T02:24:00.000Z,8640.0,-6435548.900,-2519047.697,-292098.386
2027-04-01T02:25:00.000Z,8700.0,-6307277.994,-2763486.592,-654722.963
2027-04-01T02:26:00.000Z,8760.0,-6151634.913,-2995932.599,-1014498.176
2027-04-01T02:27:00.000Z,8820.0,-5969297.574,-3215378.168,-1369858.801
2027-04-01T02:28:00.000Z,8880.0,-5761060.590,-3420872.882,-1719259.343
2027-04-01T02:29:00.000Z,8940.0,-5527831.635,-3611527.635,-2061180.911
2027-04-01T02:30:00.000Z,9000.0,-5270627.302,-3786518.523,-2394137.957
2027-04-01T02:31:00.000Z,9060.0,-4990568.453,-3945090.413,-2716684.838
2027-04-01T02:32:00.000Z,9120.0,-4688875.120,-4086560.188,-3027422.173
2027-04-01T02:33:00.000Z,9180.0,-4366860.957,-4210319.639,-3325002.955
2027-04-01T02:34:00.000Z,9240.0,-4025927.302,-4315838.017,-3608138.405
2027-04-01T02:35:00.000Z,9300.0,-3667556.866,-4402664.210,-3875603.530
2027-04-01T02:36:00.000Z,9360.0,-3293307.092,-4470428.563,-4126242.365
2027-04-01T02:37:00.000Z,9420.0,-2904803.222,-4518844.322,-4358972.889
2027-04-01T02:38:00.000Z,9480.0,-2503731.096,-4547708.708,-4572791.578
2027-04-01T02:39:00.000Z,9540.0,-2091829.736,-4556903.622,-4766777.606
2027-04-01T02:40:00.000Z,9600.0,-1670883.738,-4546395.981,-4940096.649
2027-04-01T02:41:00.000Z,9660.0,-1242715.514,-4516237.693,-5092004.320
2027-04-01T02:42:00.000Z,9720.0,-809177.406,-4466565.272,-5221849.189
2027-04-01T02:43:00.000Z,9780.0,-372143.726,-4397599.102,-5329075.414
2027-04-01T02:44:00.000Z,9840.0,66497.271,-4309642.363,-5413224.955
2027-04-01T02:45:00.000Z,9900.0,504851.428,-4203079.616,-5473939.377
2027-04-01T02:46:00.000Z,9960.0,941026.733,-4078375.060,-5510961.250
2027-04-01T02:47:00.000Z,10020.0,1373141.322,-3936070.482,-5524135.120
2027-04-01T02:48:00.000Z,10080.0,1799331.432,-3776782.891,-5513408.074
2027-04-01T02:49:00.000Z,10140.0,2217759.256,-3601201.856,-5478829.895
2027-04-01T02:50:00.000Z,10200.0,2626620.691,-3410086.558,-5420552.790
2027-04-01T02:51:00.000Z,10260.0,3024152.946,-3204262.563,-5338830.722
2027-04-01T02:52:00.000Z,10320.0,3408641.979,-2984618.333,-5234018.320
2027-04-01T02:53:00.000Z,10380.0,3778429.748,-2752101.478,-5106569.391
2027-04-01T02:54:00.000Z,10440.0,4131921.242,-2507714.764,-4957035.024
2027-04-01T02:55:00.000Z,10500.0,4467591.269,-2252511.896,-4786061.298
2027-04-01T02:56:00.000Z,10560.0,4783990.971,-1987593.077,-4594386.590
2027-04-01T02:57:00.000Z,10620.0,5079754.047,-1714100.371,-4382838.507
2027-04-01T02:58:00.000Z,10680.0,5353602.653,-1433212.876,-4152330.425
2027-04-01T02:59:00.000Z,10740.0,5604352.943,-1146141.722,-3903857.669
2027-04-01T03:00:00.000Z,10800.0,5830920.248,-854124.929,-3638493.330
2027-04-01T03:01:00.000Z,10860.0,6032323.841,-558422.115,-3357383.731
2027-04-01T03:02:00.000Z,10920.0,6207691.281,-260309.110,-3061743.568
2027-04-01T03:03:00.000Z,10980.0,6356262.299,38927.537,-2752850.735
2027-04-01T03:04:00.000Z,11040.0,6477392.221,337996.101,-2432040.856
2027-04-01T03:05:00.000Z,11100.0,6570554.884,635605.281,-2100701.539
2027-04-01T03:06:00.000Z,11160.0,6635345.040,930469.810,-1760266.388
2027-04-01T03:07:00.000Z,11220.0,6671480.238,1221316.049,-1412208.785
2027-04-01T03:08:00.000Z,11280.0,6678802.148,1506887.554,-1058035.483
2027-04-01T03:09:00.000Z,11340.0,6657277.341,1785950.575,-699280.033
2027-04-01T03:10:00.000Z,11400.0,6606997.499,2057299.458,-337496.074
2027-04-01T03:11:00.000Z,11460.0,6528179.065,2319761.934,25749.475
2027-04-01T03:12:00.000Z,11520.0,6421162.321,2572204.256,388883.288
2027-04-01T03:13:00.000Z,11580.0,6286409.905,2813536.167,750332.539
2027-04-01T03:14:00.000Z,11640.0,6124504.772,3042715.670,1108531.806
2027-04-01T03:15:00.000Z,11700.0,5936147.611,3258753.569,1461929.942
2027-04-01T03:16:00.000Z,11760.0,5722153.728,3460717.779,1808996.859
2027-04-01T03:17:00.000Z,11820.0,5483449.421,3647737.357,2148230.228
2027-04-01T03:18:00.000Z,11880.0,5221067.855,3819006.259,2478162.020
2027-04-01T03:19:00.000Z,11940.0,4936144.476,3973786.798,2797364.891
2027-04-01T03:20:00.000Z,12000.0,4629911.977,4111412.778,3104458.363
2027-04-01T03:21:00.000Z,12060.0,4303694.851,4231292.314,3398114.775
2027-04-01T03:22:00.000Z,12120.0,3958903.555,4332910.306,3677064.989
2027-04-01T03:23:00.000Z,12180.0,3597028.324,4415830.575,3940103.812
2027-04-01T03:24:00.000Z,12240.0,3219632.662,4479697.648,4186095.127
2027-04-01T03:25:00.000Z,12300.0,2828346.536,4524238.190,4413976.701
2027-04-01T03:26:00.000Z,12360.0,2424859.322,4549262.078,4622764.669
2027-04-01T03:27:00.000Z,12420.0,2010912.521,4554663.125,4811557.660
2027-04-01T03:28:00.000Z,12480.0,1588292.279,4540419.447,4979540.571
2027-04-01T03:29:00.000Z,12540.0,1158821.751,4506593.481,5125987.965
2027-04-01T03:30:00.000Z,12600.0,724353.334,4453331.649,5250267.091
2027-04-01T03:31:00.000Z,12660.0,286760.795,4380863.695,5351840.515
2027-04-01T03:32:00.000Z,12720.0,-152068.662,4289501.663,5430268.357
2027-04-01T03:33:00.000Z,12780.0,-590242.381,4179638.565,5485210.133
2027-04-01T03:34:00.000Z,12840.0,-1025870.249,4051746.709,5516426.183
2027-04-01T03:35:00.000Z,12900.0,-1457072.669,3906375.721,5523778.708
2027-04-01T03:36:00.000Z,12960.0,-1881988.509,3744150.243,5507232.383
2027-04-01T03:37:00.000Z,13020.0,-2298782.965,3565767.348,5466854.567
2027-04-01T03:38:00.000Z,13080.0,-2705655.345,3371993.639,5402815.097
2027-04-01T03:39:00.000Z,13140.0,-3100846.719,3163662.081,5315385.667
2027-04-01T03:40:00.000Z,13200.0,-3482647.428,2941668.543,5204938.797
2027-04-01T03:41:00.000Z,13260.0,-3849404.416,2706968.082,5071946.380
2027-04-01T03:42:00.000Z,13320.0,-4199528.354,2460570.967,4916977.822
2027-04-01T03:43:00.000Z,13380.0,-4531500.536,2203538.461,4740697.773
2027-04-01T03:44:00.000Z,13440.0,-4843879.508,1936978.368,4543863.439
2027-04-01T03:45:00.000Z,13500.0,-5135307.410,1662040.366,4327321.505
2027-04-01T03:46:00.000Z,13560.0,-5404515.998,1379911.138,4092004.655
2027-04-01T03:47:00.000Z,13620.0,-5650332.305,1091809.316,3838927.701
2027-04-01T03:48:00.000Z,13680.0,-5871683.936,798980.261,3569183.340
2027-04-01T03:49:00.000Z,13740.0,-6067603.938,502690.698,3283937.545
2027-04-01T03:50:00.000Z,13800.0,-6237235.242,204223.222,2984424.605
2027-04-01T03:51:00.000Z,13860.0,-6379834.631,-95129.288,2671941.833
2027-04-01T03:52:00.000Z,13920.0,-6494776.223,-394069.335,2347843.966
2027-04-01T03:53:00.000Z,13980.0,-6581554.429,-691300.519,2013537.271
2027-04-01T03:54:00.000Z,14040.0,-6639786.380,-985533.265,1670473.397
2027-04-01T03:55:00.000Z,14100.0,-6669213.798,-1275490.555,1320142.984
2027-04-01T03:56:00.000Z,14160.0,-6669704.292,-1559913.606,964069.078
2027-04-01T03:57:00.000Z,14220.0,-6641252.072,-1837567.492,603800.366
2027-04-01T03:58:00.000Z,14280.0,-6583978.073,-2107246.663,240904.279
2027-04-01T03:59:00.000Z,14340.0,-6498129.486,-2367780.337,-123040.002
2027-04-01T04:00:00.000Z,14400.0,-6384078.687,-2618037.728,-486448.605
2027-04-01T04:01:00.000Z,14460.0,-6242321.582,-2856933.098,-847740.059
2027-04-01T04:02:00.000Z,14520.0,-6073475.372,-3083430.587,-1205342.356
2027-04-01T04:03:00.000Z,14580.0,-5878275.740,-3296548.810,-1557699.982
2027-04-01T04:04:00.000Z,14640.0,-5657573.500,-3495365.186,-1903280.841
2027-04-01T04:05:00.000Z,14700.0,-5412330.700,-3679019.986,-2240583.071
2027-04-01T04:06:00.000Z,14760.0,-5143616.231,-3846720.078,-2568141.683
2027-04-01T04:07:00.000Z,14820.0,-4852600.946,-3997742.347,-2884535.027
2027-04-01T04:08:00.000Z,14880.0,-4540552.337,-4131436.784,-3188391.012
2027-04-01T04:09:00.000Z,14940.0,-4208828.784,-4247229.226,-3478393.091
2027-04-01T04:10:00.000Z,15000.0,-3858873.432,-4344623.742,-3753285.955
2027-04-01T04:11:00.000Z,15060.0,-3492207.700,-4423204.650,-4011880.928
2027-04-01T04:12:00.000Z,15120.0,-3110424.497,-4482638.176,-4253061.033
2027-04-01T04:13:00.000Z,15180.0,-2715181.141,-4522673.733,-4475785.723
2027-04-01T04:14:00.000Z,15240.0,-2308192.046,-4543144.839,-4679095.239
2027-04-01T04:15:00.000Z,15300.0,-1891221.202,-4543969.663,-4862114.606
2027-04-01T04:16:00.000Z,15360.0,-1466074.479,-4525151.205,-5024057.237
2027-04-01T04:17:00.000Z,15420.0,-1034591.800,-4486777.121,-5164228.152
2027-04-01T04:18:00.000Z,15480.0,-598639.205,-4429019.191,-5282026.785
2027-04-01T04:19:00.000Z,15540.0,-160100.850,-4352132.441,-5376949.396
2027-04-01T04:20:00.000Z,15600.0,279129.045,-4256453.927,-5448591.063
2027-04-01T04:21:00.000Z,15660.0,717154.244,-4142401.188,-5496647.275
2027-04-01T04:22:00.000Z,15720.0,1152084.540,-4010470.380,-5520915.092
2027-04-01T04:23:00.000Z,15780.0,1582043.738,-3861234.091,-5521293.912
2027-04-01T04:24:00.000Z,15840.0,2005177.581,-3695338.863,-5497785.806
2027-04-01T04:25:00.000Z,15900.0,2419661.558,-3513502.415,-5450495.449
2027-04-01T04:26:00.000Z,15960.0,2823708.605,-3316510.581,-5379629.633
2027-04-01T04:27:00.000Z,16020.0,3215576.634,-3105213.985,-5285496.376
2027-04-01T04:28:00.000Z,16080.0,3593575.898,-2880524.445,-5168503.619
2027-04-01T04:29:00.000Z,16140.0,3956076.147,-2643411.136,-5029157.512
2027-04-01T04:30:00.000Z,16200.0,4301513.552,-2394896.505,-4868060.313
2027-04-01T04:31:00.000Z,16260.0,4628397.377,-2136051.974,-4685907.879
2027-04-01T04:32:00.000Z,16320.0,4935316.359,-1867993.419,-4483486.767
2027-04-01T04:33:00.000Z,16380.0,5220944.790,-1591876.463,-4261670.963
2027-04-01T04:34:00.000Z,16440.0,5484048.255,-1308891.585,-4021418.220
2027-04-01T04:35:00.000Z,16500.0,5723489.005,-1020259.065,-3763766.042
2027-04-01T04:36:00.000Z,16560.0,5938230.946,-727223.785,-3489827.316
2027-04-01T04:37:00.000Z,16620.0,6127344.211,-431049.911,-3200785.598
2027-04-01T04:38:00.000Z,16680.0,6290009.291,-133015.464,-2897890.086
2027-04-01T04:39:00.000Z,16740.0,6425520.699,165593.181,-2582450.279
2027-04-01T04:40:00.000Z,16800.0,6533290.158,463486.857,-2255830.363
2027-04-01T04:41:00.000Z,16860.0,6612849.273,759379.200,-1919443.329
2027-04-01T04:42:00.000Z,16920.0,6663851.685,1051992.240,-1574744.860
2027-04-01T04:43:00.000Z,16980.0,6686074.686,1340061.981,-1223227.008
2027-04-01T04:44:00.000Z,17040.0,6679420.281,1622343.925,-866411.693
2027-04-01T04:45:00.000Z,17100.0,6643915.690,1897618.520,-505844.051
2027-04-01T04:46:00.000Z,17160.0,6579713.290,2164696.510,-143085.672
2027-04-01T04:47:00.000Z,17220.0,6487089.979,2422424.144,220292.250
2027-04-01T04:48:00.000Z,17280.0,6366445.986,2669688.236,582715.813
2027-04-01T04:49:00.000Z,17340.0,6218303.111,2905421.036,942615.317
2027-04-01T04:50:00.000Z,17400.0,6043302.413,3128604.895,1298432.149
2027-04-01T04:51:00.000Z,17460.0,5842201.372,3338276.698,1648625.621
2027-04-01T04:52:00.000Z,17520.0,5615870.508,3533532.046,1991679.706
2027-04-01T04:53:00.000Z,17580.0,5365289.513,3713529.162,2326109.656
2027-04-01T04:54:00.000Z,17640.0,5091542.893,3877492.511,2650468.470
2027-04-01T04:55:00.000Z,17700.0,4795815.153,4024716.114,2963353.166
2027-04-01T04:56:00.000Z,17760.0,4479385.558,4154566.540,3263410.843
2027-04-01T04:57:00.000Z,17820.0,4143622.484,4266485.573,3549344.509
2027-04-01T04:58:00.000Z,17880.0,3789977.404,4359992.538,3819918.631
2027-04-01T04:59:00.000Z,17940.0,3419978.538,4434686.278,4073964.405
2027-04-01T05:00:00.000Z,18000.0,3035224.184,4490246.789,4310384.719
2027-04-01T05:01:00.000Z,18060.0,2637375.786,4526436.498,4528158.785
2027-04-01T05:02:00.000Z,18120.0,2228150.757,4543101.181,4726346.437
2027-04-01T05:03:00.000Z,18180.0,1809315.087,4540170.539,4904092.064
2027-04-01T05:04:00.000Z,18240.0,1382675.779,4517658.416,5060628.189
2027-04-01T05:05:00.000Z,18300.0,950073.139,4475662.667,5195278.664
2027-04-01T05:06:00.000Z,18360.0,513372.944,4414364.687,5307461.480
2027-04-01T05:07:00.000Z,18420.0,74458.532,4334028.594,5396691.190
2027-04-01T05:08:00.000Z,18480.0,-364777.170,4235000.087,5462580.933
2027-04-01T05:09:00.000Z,18540.0,-802439.642,4117704.970,5504844.057
2027-04-01T05:10:00.000Z,18600.0,-1236640.777,3982647.354,5523295.338
2027-04-01T05:11:00.000Z,18660.0,-1665506.844,3830407.552,5517851.785
2027-04-01T05:12:00.000Z,18720.0,-2087186.415,3661639.663,5488533.046
2027-04-01T05:13:00.000Z,18780.0,-2499858.197,3477068.857,5435461.387
2027-04-01T05:14:00.000Z,18840.0,-2901738.768,3277488.372,5358861.271
2027-04-01T05:15:00.000Z,18900.0,-3291090.170,3063756.230,5259058.511
2027-04-01T05:16:00.000Z,18960.0,-3666227.342,2836791.674,5136479.021
2027-04-01T05:17:00.000Z,19020.0,-4025525.369,2597571.357,4991647.136
2027-04-01T05:18:00.000Z,19080.0,-4367426.504,2347125.264,4825183.541
2027-04-01T05:19:00.000Z,19140.0,-4690446.953,2086532.407,4637802.772
2027-04-01T05:20:00.000Z,19200.0,-4993183.370,1816916.287,4430310.324
2027-04-01T05:21:00.000Z,19260.0,-5274319.062,1539440.153,4203599.351
2027-04-01T05:22:00.000Z,19320.0,-5532629.846,1255302.057,3958646.982
2027-04-01T05:23:00.000Z,19380.0,-5766989.543,965729.737,3696510.249
2027-04-01T05:24:00.000Z,19440.0,-5976375.076,671975.349,3418321.643
2027-04-01T05:25:00.000Z,19500.0,-6159871.148,375310.045,3125284.318
2027-04-01T05:26:00.000Z,19560.0,-6316674.455,77018.460,2818666.951
2027-04-01T05:27:00.000Z,19620.0,-6446097.435,-221606.911,2499798.283
2027-04-01T05:28:00.000Z,19680.0,-6547571.492,-519271.384,2170061.358
2027-04-01T05:29:00.000Z,19740.0,-6620649.717,-814683.802,1830887.491
2027-04-01T05:30:00.000Z,19800.0,-6665009.034,-1106562.255,1483749.986
2027-04-01T05:31:00.000Z,19860.0,-6680451.807,-1393639.780,1130157.637
2027-04-01T05:32:00.000Z,19920.0,-6666906.847,-1674670.009,771648.041
2027-04-01T05:33:00.000Z,19980.0,-6624429.849,-1948432.733,409780.765
2027-04-01T05:34:00.000Z,20040.0,-6553203.217,-2213739.360,46130.387
2027-04-01T05:35:00.000Z,20100.0,-6453535.308,-2469438.231,-317720.541
2027-04-01T05:36:00.000Z,20160.0,-6325859.076,-2714419.759,-680188.564
2027-04-01T05:37:00.000Z,20220.0,-6170730.124,-2947621.378,-1039696.413
2027-04-01T05:38:00.000Z,20280.0,-5988824.187,-3168032.265,-1394680.051
2027-04-01T05:39:00.000Z,20340.0,-5780934.054,-3374697.811,-1743595.655
2027-04-01T05:40:00.000Z,20400.0,-5547965.941,-3566723.827,-2084926.481
2027-04-01T05:41:00.000Z,20460.0,-5290935.346,-3743280.445,-2417189.595
2027-04-01T05:42:00.000Z,20520.0,-5010962.416,-3903605.725,-2738942.423
2027-04-01T05:43:00.000Z,20580.0,-4709266.838,-4047008.918,-3048789.083
2027-04-01T05:44:00.000Z,20640.0,-4387162.301,-4172873.406,-3345386.492
2027-04-01T05:45:00.000Z,20700.0,-4046050.550,-4280659.280,-3627450.193
2027-04-01T05:46:00.000Z,20760.0,-3687415.082,-4369905.563,-3893759.891
2027-04-01T05:47:00.000Z,20820.0,-3312814.496,-4440232.075,-4143164.680
2027-04-01T05:48:00.000Z,20880.0,-2923875.554,-4491340.918,-4374587.926
2027-04-01T05:49:00.000Z,20940.0,-2522285.980,-4523017.606,-4587031.804
2027-04-01T05:50:00.000Z,21000.0,-2109787.034,-4535131.819,-4779581.465
2027-04-01T05:51:00.000Z,21060.0,-1688165.894,-4527637.795,-4951408.818
2027-04-01T05:52:00.000Z,21120.0,-1259247.886,-4500574.357,-5101775.937
2027-04-01T05:53:00.000Z,21180.0,-824888.596,-4454064.589,-5230038.055
2027-04-01T05:54:00.000Z,21240.0,-386965.883,-4388315.159,-5335646.159
2027-04-01T05:55:00.000Z,21300.0,52628.149,-4303615.303,-5418149.184
2027-04-01T05:56:00.000Z,21360.0,491995.218,-4200335.471,-5477195.787
2027-04-01T05:57:00.000Z,21420.0,929238.924,-4078925.650,-5512535.710
2027-04-01T05:58:00.000Z,21480.0,1362472.768,-3939913.367,-5524020.727
2027-04-01T05:59:00.000Z,21540.0,1789828.130,-3783901.392,-5511605.186
2027-04-01T06:00:00.000Z,21600.0,2209462.142,-3611565.133,-5475346.119
2027-04-01T06:01:00.000Z,21660.0,2619565.460,-3423649.752,-5415402.959
2027-04-01T06:02:00.000Z,21720.0,3018369.892,-3220966.995,-5332036.827
2027-04-01T06:03:00.000Z,21780.0,3404155.864,-3004391.764,-5225609.427
2027-04-01T06:04:00.000Z,21840.0,3775259.692,-2774858.424,-5096581.517
2027-04-01T06:05:00.000Z,21900.0,4130080.640,-2533356.870,-4945510.992
2027-04-01T06:06:00.000Z,21960.0,4467087.734,-2280928.364,-4773050.560
2027-04-01T06:07:00.000Z,22020.0,4784826.303,-2018661.147,-4579945.026
2027-04-01T06:08:00.000Z,22080.0,5081924.231,-1747685.850,-4367028.189
2027-04-01T06:09:00.000Z,22140.0,5357097.876,-1469170.718,-4135219.365
2027-04-01T06:10:00.000Z,22200.0,5609157.650,-1184316.655,-3885519.532
2027-04-01T06:11:00.000Z,22260.0,5837013.211,-894352.121,-3619007.120
2027-04-01T06:12:00.000Z,22320.0,6039678.261,-600527.885,-3336833.462
2027-04-01T06:13:00.000Z,22380.0,6216274.913,-304111.673,-3040217.905
2027-04-01T06:14:00.000Z,22440.0,6366037.603,-6382.715,-2730442.614
2027-04-01T06:15:00.000Z,22500.0,6488316.529,291373.774,-2408847.085
2027-04-01T06:16:00.000Z,22560.0,6582580.598,587872.161,-2076822.377
2027-04-01T06:17:00.000Z,22620.0,6648419.846,881831.981,-1735805.109
2027-04-01T06:18:00.000Z,22680.0,6685547.337,1171983.511,-1387271.231
2027-04-01T06:19:00.000Z,22740.0,6693800.515,1457073.323,-1032729.596
2027-04-01T06:20:00.000Z,22800.0,6673141.988,1735869.761,-673715.381
2027-04-01T06:21:00.000Z,22860.0,6623659.767,2007168.343,-311783.370
2027-04-01T06:22:00.000Z,22920.0,6545566.918,2269797.038,51498.865
2027-04-01T06:23:00.000Z,22980.0,6439200.660,2522621.404,414557.833
2027-04-01T06:24:00.000Z,23040.0,6305020.892,2764549.560,775821.042
2027-04-01T06:25:00.000Z,23100.0,6143608.164,2994536.957,1133723.891
2027-04-01T06:26:00.000Z,23160.0,5955661.102,3211590.937,1486716.540
2027-04-01T06:27:00.000Z,23220.0,5741993.299,3414775.047,1833270.693
2027-04-01T06:28:00.000Z,23280.0,5503529.695,3603213.102,2171886.282
2027-04-01T06:29:00.000Z,23340.0,5241302.459,3776092.952,2501097.999
2027-04-01T06:30:00.000Z,23400.0,4956446.402,3932669.971,2819481.666
2027-04-01T06:31:00.000Z,23460.0,4650193.951,4072270.222,3125660.404
2027-04-01T06:32:00.000Z,23520.0,4323869.695,4194293.306,3418310.562
2027-04-01T06:33:00.000Z,23580.0,3978884.560,4298214.880,3696167.405
2027-04-01T06:34:00.000Z,23640.0,3616729.609,4383588.823,3958030.517
2027-04-01T06:35:00.000Z,23700.0,3238969.539,4450049.072,4202768.905
2027-04-01T06:36:00.000Z,23760.0,2847235.866,4497311.094,4429325.791
2027-04-01T06:37:00.000Z,23820.0,2443219.870,4525173.012,4636723.060
2027-04-01T06:38:00.000Z,23880.0,2028665.297,4533516.382,4824065.372
2027-04-01T06:39:00.000Z,23940.0,1605360.878,4522306.604,4990543.901
2027-04-01T06:40:00.000Z,24000.0,1175132.683,4491593.003,5135439.709
2027-04-01T06:41:00.000Z,24060.0,739836.336,4441508.553,5258126.740
2027-04-01T06:42:00.000Z,24120.0,301349.143,4372269.256,5358074.418
2027-04-01T06:43:00.000Z,24180.0,-138437.869,4284173.199,5434849.861
2027-04-01T06:44:00.000Z,24240.0,-577627.941,4177599.270,5488119.690
2027-04-01T06:45:00.000Z,24300.0,-1014326.595,4053005.549,5517651.432
2027-04-01T06:46:00.000Z,24360.0,-1446649.633,3910927.392,5523314.522
2027-04-01T06:47:00.000Z,24420.0,-1872731.093,3751975.195,5505080.895
2027-04-01T06:48:00.000Z,24480.0,-2290731.142,3576831.860,5463025.160
2027-04-01T06:49:00.000Z,24540.0,-2698843.877,3386249.969,5397324.367
2027-04-01T06:50:00.000Z,24600.0,-3095304.998,3181048.660,5308257.358
2027-04-01T06:51:00.000Z,24660.0,-3478399.342,2962110.246,5196203.704
2027-04-01T06:52:00.000Z,24720.0,-3846468.238,2730376.542,5061642.228
2027-04-01T06:53:00.000Z,24780.0,-4197916.659,2486844.958,4905149.114
2027-04-01T06:54:00.000Z,24840.0,-4531220.139,2232564.329,4727395.602
2027-04-01T06:55:00.000Z,24900.0,-4844931.433,1968630.517,4529145.287
2027-04-01T06:56:00.000Z,24960.0,-5137686.885,1696181.801,4311251.002
2027-04-01T06:57:00.000Z,25020.0,-5408212.471,1416394.052,4074651.314
2027-04-01T06:58:00.000Z,25080.0,-5655329.496,1130475.726,3820366.629
2027-04-01T06:59:00.000Z,25140.0,-5877959.905,839662.690,3549494.923
2027-04-01T07:00:00.000Z,25200.0,-6075131.188,545212.893,3263207.105
2027-04-01T07:01:00.000Z,25260.0,-6245980.840,248400.922,2962742.037
2027-04-01T07:02:00.000Z,25320.0,-6389760.359,-49487.561,2649401.220
2027-04-01T07:03:00.000Z,25380.0,-6505838.748,-347161.446,2324543.170
2027-04-01T07:04:00.000Z,25440.0,-6593705.499,-643329.860,1989577.511
2027-04-01T07:05:00.000Z,25500.0,-6652973.039,-936707.878,1645958.806
2027-04-01T07:06:00.000Z,25560.0,-6683378.625,-1226022.222,1295180.151
2027-04-01T07:07:00.000Z,25620.0,-6684785.653,-1510016.933,938766.579
2027-04-01T07:08:00.000Z,25680.0,-6657184.395,-1787458.974,578268.283
2027-04-01T07:09:00.000Z,25740.0,-6600692.137,-2057143.743,215253.717
2027-04-01T07:10:00.000Z,25800.0,-6515552.725,-2317900.453,-148697.413
2027-04-01T07:11:00.000Z,25860.0,-6402135.506,-2568597.371,-512001.205
2027-04-01T07:12:00.000Z,25920.0,-6260933.688,-2808146.863,-873076.651
2027-04-01T07:13:00.000Z,25980.0,-6092562.113,-3035510.240,-1230352.704
2027-04-01T07:14:00.000Z,26040.0,-5897754.454,-3249702.360,-1582275.295
2027-04-01T07:15:00.000Z,26100.0,-5677359.869,-3449795.979,-1927314.258
2027-04-01T07:16:00.000Z,26160.0,-5432339.114,-3634925.817,-2263970.128
2027-04-01T07:17:00.000Z,26220.0,-5163760.154,-3804292.327,-2590780.778
2027-04-01T07:18:00.000Z,26280.0,-4872793.287,-3957165.144,-2906327.855
2027-04-01T07:19:00.000Z,26340.0,-4560705.821,-4092886.210,-3209243.001
2027-04-01T07:20:00.000Z,26400.0,-4228856.325,-4210872.543,-3498213.806
2027-04-01T07:21:00.000Z,26460.0,-3878688.503,-4310618.666,-3771989.488
2027-04-01T07:22:00.000Z,26520.0,-3511724.706,-4391698.669,-4029386.266
2027-04-01T07:23:00.000Z,26580.0,-3129559.137,-4453767.907,-4269292.401
2027-04-01T07:24:00.000Z,26640.0,-2733850.770,-4496564.334,-4490672.902
2027-04-01T07:25:00.000Z,26700.0,-2326316.031,-4519909.469,-4692573.861
2027-04-01T07:26:00.000Z,26760.0,-1908721.267,-4523708.994,-4874126.421
2027-04-01T07:27:00.000Z,26820.0,-1482875.043,-4507952.991,-5034550.356
2027-04-01T07:28:00.000Z,26880.0,-1050620.305,-4472715.824,-5173157.254
2027-04-01T07:29:00.000Z,26940.0,-613826.429,-4418155.665,-5289353.308
2027-04-01T07:30:00.000Z,27000.0,-174381.209,-4344513.673,-5382641.689
2027-04-01T07:31:00.000Z,27060.0,265817.209,-4252112.845,-5452624.516
2027-04-01T07:32:00.000Z,27120.0,704868.395,-4141356.524,-5499004.415
2027-04-01T07:33:00.000Z,27180.0,1140877.692,-4012726.595,-5521585.654
2027-04-01T07:34:00.000Z,27240.0,1571964.227,-3866781.368,-5520274.879
2027-04-01T07:35:00.000Z,27300.0,1996268.845,-3704153.152,-5495081.420
2027-04-01T07:36:00.000Z,27360.0,2411961.951,-3525545.548,-5446117.192
2027-04-01T07:37:00.000Z,27420.0,2817251.221,-3331730.442,-5373596.181
2027-04-01T07:38:00.000Z,27480.0,3210389.167,-3123544.741,-5277833.523
2027-04-01T07:39:00.000Z,27540.0,3589680.516,-2901886.836,-5159244.168
2027-04-01T07:40:00.000Z,27600.0,3953489.397,-2667712.820,-5018341.147
2027-04-01T07:41:00.000Z,27660.0,4300246.289,-2422032.463,-4855733.431
2027-04-01T07:42:00.000Z,27720.0,4628454.716,-2165904.964,-4672123.401
2027-04-01T07:43:00.000Z,27780.0,4936697.660,-1900434.483,-4468303.923
2027-04-01T07:44:00.000Z,27840.0,5223643.663,-1626765.487,-4245155.040
2027-04-01T07:45:00.000Z,27900.0,5488052.590,-1346077.900,-4003640.293
2027-04-01T07:46:00.000Z,27960.0,5728781.038,-1059582.098,-3744802.678
2027-04-01T07:47:00.000Z,28020.0,5944787.339,-768513.750,-3469760.246
2027-04-01T07:48:00.000Z,28080.0,6135136.163,-474128.539,-3179701.376
2027-04-01T07:49:00.000Z,28140.0,6299002.671,-177696.771,-2875879.713
2027-04-01T07:50:00.000Z,28200.0,6435676.206,119502.097,-2559608.817
2027-04-01T07:51:00.000Z,28260.0,6544563.498,416184.985,-2232256.522
2027-04-01T07:52:00.000Z,28320.0,6625191.359,711070.762,-1895239.042
2027-04-01T07:53:00.000Z,28380.0,6677208.861,1002885.812,-1550014.834
2027-04-01T07:54:00.000Z,28440.0,6700388.962,1290369.595,-1198078.269
2027-04-01T07:55:00.000Z,28500.0,6694629.595,1572280.160,-840953.115
2027-04-01T07:56:00.000Z,28560.0,6659954.180,1847399.576,-480185.878
2027-04-01T07:57:00.000Z,28620.0,6596511.581,2114539.277,-117339.029
2027-04-01T07:58:00.000Z,28680.0,6504575.485,2372545.267,246015.845
2027-04-01T07:59:00.000Z,28740.0,6384543.224,2620303.182,608304.946
2027-04-01T08:00:00.000Z,28800.0,6236934.025,2856743.163,967959.165
2027-04-01T08:01:00.000Z,28860.0,6062386.710,3080844.531,1323420.977
2027-04-01T08:02:00.000Z,28920.0,5861656.859,3291640.234,1673151.258
2027-04-01T08:03:00.000Z,28980.0,5635613.446,3488221.039,2015636.026
2027-04-01T08:04:00.000Z,29040.0,5385234.967,3669739.469,2349393.042
2027-04-01T08:05:00.000Z,29100.0,5111605.091,3835413.439,2672978.266
2027-04-01T08:06:00.000Z,29160.0,4815907.847,3984529.598,2984992.116
2027-04-01T08:07:00.000Z,29220.0,4499422.386,4116446.358,3284085.514
2027-04-01T08:08:00.000Z,29280.0,4163517.332,4230596.591,3568965.689
2027-04-01T08:09:00.000Z,29340.0,3809644.771,4326489.996,3838401.715
2027-04-01T08:10:00.000Z,29400.0,3439333.891,4403715.117,4091229.754
2027-04-01T08:11:00.000Z,29460.0,3054184.318,4461941.022,4326357.998
2027-04-01T08:12:00.000Z,29520.0,2655859.177,4500918.626,4542771.275
2027-04-01T08:13:00.000Z,29580.0,2246077.903,4520481.666,4739535.322
2027-04-01T08:14:00.000Z,29640.0,1826608.852,4520547.320,4915800.696
2027-04-01T08:15:00.000Z,29700.0,1399261.722,4501116.485,5070806.319
2027-04-01T08:16:00.000Z,29760.0,965879.830,4462273.699,5203882.649
2027-04-01T08:17:00.000Z,29820.0,528332.281,4404186.726,5314454.464
2027-04-01T08:18:00.000Z,29880.0,88506.031,4327105.805,5402043.253
2027-04-01T08:19:00.000Z,29940.0,-351702.090,4231362.556,5466269.215
2027-04-01T08:20:00.000Z,30000.0,-790393.392,4117368.575,5506852.850
2027-04-01T08:21:00.000Z,30060.0,-1225675.348,3985613.694,5523616.150
2027-04-01T08:22:00.000Z,30120.0,-1655669.577,3836663.936,5516483.376
2027-04-01T08:23:00.000Z,30180.0,-2078519.784,3671159.161,5485481.433
2027-04-01T08:24:00.000Z,30240.0,-2492399.622,3489810.414,5430739.822
2027-04-01T08:25:00.000Z,30300.0,-2895520.443,3293396.982,5352490.187
2027-04-01T08:26:00.000Z,30360.0,-3286138.914,3082763.168,5251065.444
2027-04-01T08:27:00.000Z,30420.0,-3662564.479,2858814.794,5126898.492
2027-04-01T08:28:00.000Z,30480.0,-4023166.629,2622515.437,4980520.522
2027-04-01T08:29:00.000Z,30540.0,-4366381.949,2374882.419,4812558.897
2027-04-01T08:30:00.000Z,30600.0,-4690720.927,2116982.547,4623734.643
2027-04-01T08:31:00.000Z,30660.0,-4994774.483,1849927.637,4414859.513
2027-04-01T08:32:00.000Z,30720.0,-5277220.190,1574869.813,4186832.675
2027-04-01T08:33:00.000Z,30780.0,-5536828.165,1292996.623,3940636.989
2027-04-01T08:34:00.000Z,30840.0,-5772466.584,1005525.958,3677334.914
2027-04-01T08:35:00.000Z,30900.0,-5983106.813,713700.830,3398064.039
2027-04-01T08:36:00.000Z,30960.0,-6167828.100,418783.995,3104032.264
2027-04-01T08:37:00.000Z,31020.0,-6325821.826,122052.469,2796512.635
2027-04-01T08:38:00.000Z,31080.0,-6456395.263,-175208.054,2476837.864
2027-04-01T08:39:00.000Z,31140.0,-6558974.838,-471708.848,2146394.552
2027-04-01T08:40:00.000Z,31200.0,-6633108.858,-766163.841,1806617.134
2027-04-01T08:41:00.000Z,31260.0,-6678469.694,-1057295.311,1458981.585
2027-04-01T08:42:00.000Z,31320.0,-6694855.390,-1343839.572,1104998.905
2027-04-01T08:43:00.000Z,31380.0,-6682190.706,-1624552.599,746208.424
2027-04-01T08:44:00.000Z,31440.0,-6640527.555,-1898215.589,384170.955
2027-04-01T08:45:00.000Z,31500.0,-6570044.858,-2163640.410,20461.832
2027-04-01T08:46:00.000Z,31560.0,-6471047.791,-2419674.906,-343336.130
2027-04-01T08:47:00.000Z,31620.0,-6343966.447,-2665208.052,-705639.712
2027-04-01T08:48:00.000Z,31680.0,-6189353.898,-2899174.897,-1064872.374
2027-04-01T08:49:00.000Z,31740.0,-6007883.689,-3120561.302,-1419471.301
2027-04-01T08:50:00.000Z,31800.0,-5800346.765,-3328408.425,-1767894.375
2027-04-01T08:51:00.000Z,31860.0,-5567647.854,-3521816.940,-2108627.035
2027-04-01T08:52:00.000Z,31920.0,-5310801.325,-3699950.972,-2440188.992
2027-04-01T08:53:00.000Z,31980.0,-5030926.563,-3862041.717,-2761140.770
2027-04-01T08:54:00.000Z,32040.0,-4729242.856,-4007390.747,-3070090.021
2027-04-01T08:55:00.000Z,32100.0,-4407063.864,-4135372.977,-3365697.612
2027-04-01T08:56:00.000Z,32160.0,-4065791.674,-4245439.284,-3646683.435
2027-04-01T08:57:00.000Z,32220.0,-3706910.488,-4337118.769,-3911831.924
2027-04-01T08:58:00.000Z,32280.0,-3331979.975,-4410020.669,-4159997.251
2027-04-01T08:59:00.000Z,32340.0,-2942628.330,-4463835.887,-4390108.196
2027-04-01T09:00:00.000Z,32400.0,-2540545.061,-4498338.172,-4601172.650
2027-04-01T09:01:00.000Z,32460.0,-2127473.561,-4513384.927,-4792281.762
2027-04-01T09:02:00.000Z,32520.0,-1705203.482,-4508917.650,-4962613.694
2027-04-01T09:03:00.000Z,32580.0,-1275562.954,-4484962.024,-5111436.993
2027-04-01T09:04:00.000Z,32640.0,-840410.682,-4441627.649,-5238113.567
2027-04-01T09:05:00.000Z,32700.0,-401627.955,-4379107.420,-5342101.247
2027-04-01T09:06:00.000Z,32760.0,38889.402,-4297676.577,-5422955.953
2027-04-01T09:07:00.000Z,32820.0,479239.111,-4197691.407,-5480333.437
2027-04-01T09:08:00.000Z,32880.0,917520.511,-4079587.630,-5513990.619
2027-04-01T09:09:00.000Z,32940.0,1351842.605,-3943878.470,-5523786.510
2027-04-01T09:10:00.000Z,33000.0,1780332.047,-3791152.409,-5509682.711
2027-04-01T09:11:00.000Z,33060.0,2201141.044,-3622070.649,-5471743.511
2027-04-01T09:12:00.000Z,33120.0,2612455.144,-3437364.291,-5410135.559
2027-04-01T09:13:00.000Z,33180.0,3012500.890,-3237831.223,-5325127.135
2027-04-01T09:14:00.000Z,33240.0,3399553.307,-3024332.747,-5217087.004
2027-04-01T09:15:00.000Z,33300.0,3771943.201,-2797789.951,-5086482.871
2027-04-01T09:16:00.000Z,33360.0,4128064.241,-2559179.830,-4933879.424
2027-04-01T09:17:00.000Z,33420.0,4466379.795,-2309531.174,-4759935.987
2027-04-01T09:18:00.000Z,33480.0,4785429.505,-2049920.236,-4565403.777
2027-04-01T09:19:00.000Z,33540.0,5083835.558,-1781466.196,-4351122.771
2027-04-01T09:20:00.000Z,33600.0,5360308.633,-1505326.429,-4118018.202
2027-04-01T09:21:00.000Z,33660.0,5613653.506,-1222691.598,-3867096.678
2027-04-01T09:22:00.000Z,33720.0,5842774.270,-934780.593,-3599441.952
2027-04-01T09:23:00.000Z,33780.0,6046679.157,-642835.331,-3316210.339
2027-04-01T09:24:00.000Z,33840.0,6224484.927,-348115.431,-3018625.811
2027-04-01T09:25:00.000Z,33900.0,6375420.806,-51892.806,-2707974.778
2027-04-01T09:26:00.000Z,33960.0,6498831.948,244553.835,-2385600.574
2027-04-01T09:27:00.000Z,34020.0,6594182.400,539944.515,-2052897.684
2027-04-01T09:28:00.000Z,34080.0,6661057.548,833003.557,-1711305.711
2027-04-01T09:29:00.000Z,34140.0,6699166.033,1122465.140,-1362303.136
2027-04-01T09:30:00.000Z,34200.0,6708341.117,1407078.825,-1007400.881
2027-04-01T09:31:00.000Z,34260.0,6688541.490,1685615.030,-648135.715
2027-04-01T09:32:00.000Z,34320.0,6639851.519,1956870.414,-286063.531
2027-04-01T09:33:00.000Z,34380.0,6562480.921,2219673.155,77247.477
2027-04-01T09:34:00.000Z,34440.0,6456763.866,2472888.080,440223.694
2027-04-01T09:35:00.000Z,34500.0,6323157.520,2715421.646,801292.990
2027-04-01T09:36:00.000Z,34560.0,6162240.024,2946226.711,1158891.624
2027-04-01T09:37:00.000Z,34620.0,5974707.930,3164307.111,1511471.099
2027-04-01T09:38:00.000Z,34680.0,5761373.095,3368721.984,1857504.943
2027-04-01T09:39:00.000Z,34740.0,5523159.073,3558589.850,2195495.380
2027-04-01T09:40:00.000Z,34800.0,5261096.995,3733092.406,2523979.857
2027-04-01T09:41:00.000Z,34860.0,4976320.994,3891478.034,2841537.395
2027-04-01T09:42:00.000Z,34920.0,4670063.173,4033065.005,3146794.741
2027-04-01T09:43:00.000Z,34980.0,4343648.157,4157244.353,3438432.284
2027-04-01T09:44:00.000Z,35040.0,3998487.264,4263482.432,3715189.719
2027-04-01T09:45:00.000Z,35100.0,3636072.312,4351323.127,3975871.433
2027-04-01T09:46:00.000Z,35160.0,3257969.102,4420389.725,4219351.583
2027-04-01T09:47:00.000Z,35220.0,2865810.610,4470386.442,4444578.864
2027-04-01T09:48:00.000Z,35280.0,2461289.917,4501099.590,4650580.935
2027-04-01T09:49:00.000Z,35340.0,2046152.913,4512398.407,4836468.504
2027-04-01T09:50:00.000Z,35400.0,1622190.805,4504235.525,5001439.040
2027-04-01T09:51:00.000Z,35460.0,1191232.461,4476647.102,5144780.119
2027-04-01T09:52:00.000Z,35520.0,755136.617,4429752.602,5265872.390
2027-04-01T09:53:00.000Z,35580.0,315783.989,4363754.241,5364192.149
2027-04-01T09:54:00.000Z,35640.0,-124930.693,4278936.091,5439313.520
2027-04-01T09:55:00.000Z,35700.0,-565106.698,4175662.864,5490910.235
2027-04-01T09:56:00.000Z,35760.0,-1002845.317,4054378.364,5518757.013
2027-04-01T09:57:00.000Z,35820.0,-1436257.879,3915603.632,5522730.529
2027-04-01T09:58:00.000Z,35880.0,-1863473.730,3759934.768,5502809.973
2027-04-01T09:59:00.000Z,35940.0,-2282648.141,3588040.464,5459077.205
2027-04-01T10:00:00.000Z,36000.0,-2691970.132,3400659.235,5391716.484
2027-04-01T10:01:00.000Z,36060.0,-3089670.169,3198596.360,5301013.796
2027-04-01T10:02:00.000Z,36120.0,-3474027.717,2982720.555,5187355.755
2027-04-01T10:03:00.000Z,36180.0,-3843378.623,2753960.364,5051228.105
2027-04-01T10:04:00.000Z,36240.0,-4196122.290,2513300.305,4893213.791
2027-04-01T10:05:00.000Z,36300.0,-4530728.619,2261776.759,4713990.637
2027-04-01T10:06:00.000Z,36360.0,-4845744.699,2000473.628,4514328.606
2027-04-01T10:07:00.000Z,36420.0,-5139801.194,1730517.767,4295086.662
2027-04-01T10:08:00.000Z,36480.0,-5411618.419,1453074.221,4057209.238
2027-04-01T10:09:00.000Z,36540.0,-5660012.059,1169341.257,3801722.310
2027-04-01T10:10:00.000Z,36600.0,-5883898.506,880545.239,3529729.110
2027-04-01T10:11:00.000Z,36660.0,-6082299.791,587935.339,3242405.460
2027-04-01T10:12:00.000Z,36720.0,-6254348.068,292778.129,2940994.766
2027-04-01T10:13:00.000Z,36780.0,-6399289.634,-3647.939,2626802.690
2027-04-01T10:14:00.000Z,36840.0,-6516488.458,-300058.135,2301191.500
2027-04-01T10:15:00.000Z,36900.0,-6605429.184,-595167.106,1965574.144
2027-04-01T10:16:00.000Z,36960.0,-6665719.601,-887694.557,1621408.065
2027-04-01T10:17:00.000Z,37020.0,-6697092.554,-1176370.936,1270188.786
2027-04-01T10:18:00.000Z,37080.0,-6699407.274,-1459943.086,913443.292
2027-04-01T10:19:00.000Z,37140.0,-6672650.137,-1737179.834,552723.250
2027-04-01T10:20:00.000Z,37200.0,-6616934.807,-2006877.492,189598.097
2027-04-01T10:21:00.000Z,37260.0,-6532501.807,-2267865.243,-174351.966
2027-04-01T10:22:00.000Z,37320.0,-6419717.468,-2519010.367,-537543.044
2027-04-01T10:23:00.000Z,37380.0,-6279072.304,-2759223.299,-898394.627
2027-04-01T10:24:00.000Z,37440.0,-6111178.790,-2987462.476,-1255336.663
2027-04-01T10:25:00.000Z,37500.0,-5916768.573,-3202738.958,-1606816.565
2027-04-01T10:26:00.000Z,37560.0,-5696689.133,-3404120.790,-1951306.127
2027-04-01T10:27:00.000Z,37620.0,-5451899.900,-3590737.095,-2287308.318
2027-04-01T10:28:00.000Z,37680.0,-5183467.873,-3761781.859,-2613363.899
2027-04-01T10:29:00.000Z,37740.0,-4892562.742,-3916517.418,-2928057.851
2027-04-01T10:30:00.000Z,37800.0,-4580451.573,-4054277.608,-3230025.575
2027-04-01T10:31:00.000Z,37860.0,-4248493.059,-4174470.575,-3517958.829
2027-04-01T10:32:00.000Z,37920.0,-3898131.387,-4276581.242,-3790611.383
2027-04-01T10:33:00.000Z,37980.0,-3530889.759,-4360173.412,-4046804.377
2027-04-01T10:34:00.000Z,38040.0,-3148363.582,-4424891.515,-4285431.333
2027-04-01T10:35:00.000Z,38100.0,-2752213.395,-4470461.989,-4505462.838
2027-04-01T10:36:00.000Z,38160.0,-2344157.531,-4496694.295,-4705950.855
2027-04-01T10:37:00.000Z,38220.0,-1925964.588,-4503481.572,-4886032.665
2027-04-01T10:38:00.000Z,38280.0,-1499445.716,-4490800.929,-5044934.416
2027-04-01T10:39:00.000Z,38340.0,-1066446.764,-4458713.382,-5181974.282
2027-04-01T10:40:00.000Z,38400.0,-628840.326,-4407363.437,-5296565.224
2027-04-01T10:41:00.000Z,38460.0,-188517.709,-4336978.338,-5388217.336
2027-04-01T10:42:00.000Z,38520.0,252619.143,-4247866.967,-5456539.785
2027-04-01T10:43:00.000Z,38580.0,692665.735,-4140418.420,-5501242.340
2027-04-01T10:44:00.000Z,38640.0,1129723.095,-4015100.265,-5522136.484
2027-04-01T10:45:00.000Z,38700.0,1561905.801,-3872456.484,-5519136.111
2027-04-01T10:46:00.000Z,38760.0,1987349.937,-3713105.112,-5492257.810
2027-04-01T10:47:00.000Z,38820.0,2404220.957,-3537735.585,-5441620.734
2027-04-01T10:48:00.000Z,38880.0,2810721.415,-3347105.803,-5367446.060
2027-04-01T10:49:00.000Z,38940.0,3205098.552,-3142038.918,-5270056.034
2027-04-01T10:50:00.000Z,39000.0,3585651.705,-2923419.861,-5149872.609
2027-04-01T10:51:00.000Z,39060.0,3950739.511,-2692191.611,-5007415.684
2027-04-01T10:52:00.000Z,39120.0,4298786.884,-2449351.232,-4843300.933
2027-04-01T10:53:00.000Z,39180.0,4628291.736,-2195945.674,-4658237.247
2027-04-01T10:54:00.000Z,39240.0,4937831.413,-1933067.362,-4453023.781
2027-04-01T10:55:00.000Z,39300.0,5226068.823,-1661849.586,-4228546.621
2027-04-01T10:56:00.000Z,39360.0,5491758.231,-1383461.702,-3985775.075
2027-04-01T10:57:00.000Z,39420.0,5733750.680,-1099104.172,-3725757.608
2027-04-01T10:58:00.000Z,39480.0,5950999.037,-810003.444,-3449617.413
2027-04-01T10:59:00.000Z,39540.0,6142562.602,-517406.716,-3158547.663
2027-04-01T11:00:00.000Z,39600.0,6307611.299,-222576.577,-2853806.427
2027-04-01T11:01:00.000Z,39660.0,6445429.382,73214.426,-2536711.296
2027-04-01T11:02:00.000Z,39720.0,6555418.665,368689.294,-2208633.724
2027-04-01T11:03:00.000Z,39780.0,6637101.238,662572.115,-1870993.112
2027-04-01T11:04:00.000Z,39840.0,6690121.662,953593.613,-1525250.666
2027-04-01T11:05:00.000Z,39900.0,6714248.620,1240496.684,-1172903.039
2027-04-01T11:06:00.000Z,39960.0,6709376.012,1522041.899,-815475.814
2027-04-01T11:07:00.000Z,40020.0,6675523.496,1797012.922,-454516.833
2027-04-01T11:08:00.000Z,40080.0,6612836.450,2064221.846,-91589.413
2027-04-01T11:09:00.000Z,40140.0,6521585.371,2322514.399,271734.502
2027-04-01T11:10:00.000Z,40200.0,6402164.702,2570775.000,633881.250
2027-04-01T11:11:00.000Z,40260.0,6255091.099,2807931.643,993282.354
2027-04-01T11:12:00.000Z,40320.0,6081001.136,3032960.578,1348381.403
2027-04-01T11:13:00.000Z,40380.0,5880648.481,3244890.768,1697640.878
2027-04-01T11:14:00.000Z,40440.0,5654900.530,3442808.106,2039548.873
2027-04-01T11:15:00.000Z,40500.0,5404734.551,3625859.360,2372625.690
2027-04-01T11:16:00.000Z,40560.0,5131233.333,3793255.846,2695430.284
2027-04-01T11:17:00.000Z,40620.0,4835580.376,3944276.791,3006566.503
2027-04-01T11:18:00.000Z,40680.0,4519054.657,4078272.396,3304689.117
2027-04-01T11:19:00.000Z,40740.0,4183024.982,4194666.566,3588509.610
2027-04-01T11:20:00.000Z,40800.0,3828943.972,4292959.319,3856801.685
2027-04-01T11:21:00.000Z,40860.0,3458341.703,4372728.845,4108406.498
2027-04-01T11:22:00.000Z,40920.0,3072819.039,4433633.225,4342237.565
2027-04-01T11:23:00.000Z,40980.0,2674040.687,4475411.811,4557285.355
2027-04-01T11:24:00.000Z,41040.0,2263728.008,4497886.239,4752621.526
2027-04-01T11:25:00.000Z,41100.0,1843651.611,4500961.111,4927402.819
2027-04-01T11:26:00.000Z,41160.0,1415623.776,4484624.320,5080874.572
2027-04-01T11:27:00.000Z,41220.0,981490.721,4448947.034,5212373.864
2027-04-01T11:28:00.000Z,41280.0,543124.749,4394083.335,5321332.271
2027-04-01T11:29:00.000Z,41340.0,102416.315,4320269.523,5407278.228
2027-04-01T11:30:00.000Z,41400.0,-338733.978,4227823.096,5469839.001
2027-04-01T11:31:00.000Z,41460.0,-778423.401,4117141.388,5508742.248
2027-04-01T11:32:00.000Z,41520.0,-1214755.138,3988699.904,5523817.180
2027-04-01T11:33:00.000Z,41580.0,-1645846.290,3843050.333,5514995.313
2027-04-01T11:34:00.000Z,41640.0,-2069835.835,3680818.250,5482310.808
2027-04-01T11:35:00.000Z,41700.0,-2484892.504,3502700.537,5425900.398
2027-04-01T11:36:00.000Z,41760.0,-2889222.556,3309462.488,5346002.905
2027-04-01T11:37:00.000Z,41820.0,-3281077.421,3101934.654,5242958.336
2027-04-01T11:38:00.000Z,41880.0,-3658761.179,2881009.400,5117206.576
2027-04-01T11:39:00.000Z,41940.0,-4020637.856,2647637.199,4969285.651
2027-04-01T11:40:00.000Z,42000.0,-4365138.497,2402822.679,4799829.597
2027-04-01T11:41:00.000Z,42060.0,-4690768.000,2147620.423,4609565.909
2027-04-01T11:42:00.000Z,42120.0,-4996111.670,1883130.536,4399312.588
2027-04-01T11:43:00.000Z,42180.0,-5279841.465,1610494.006,4169974.792
2027-04-01T11:44:00.000Z,42240.0,-5540721.914,1330887.859,3922541.092
2027-04-01T11:45:00.000Z,42300.0,-5777615.658,1045520.131,3658079.353
2027-04-01T11:46:00.000Z,42360.0,-5989488.604,755624.684,3377732.239
2027-04-01T11:47:00.000Z,42420.0,-6175414.645,462455.876,3082712.368
2027-04-01T11:48:00.000Z,42480.0,-6334579.933,167283.104,2774297.129
2027-04-01T11:49:00.000Z,42540.0,-6466286.662,-128614.733,2453823.178
2027-04-01T11:50:00.000Z,42600.0,-6569956.351,-423954.858,2122680.639
2027-04-01T11:51:00.000Z,42660.0,-6645132.597,-717456.268,1782307.038
2027-04-01T11:52:00.000Z,42720.0,-6691483.270,-1007845.417,1434180.988
2027-04-01T11:53:00.000Z,42780.0,-6708802.155,-1293861.871,1079815.663
2027-04-01T11:54:00.000Z,42840.0,-6697009.995,-1574263.927,720752.092
2027-04-01T11:55:00.000Z,42900.0,-6656154.962,-1847834.162,358552.298
2027-04-01T11:56:00.000Z,42960.0,-6586412.515,-2113384.867,-5207.662
2027-04-01T11:57:00.000Z,43020.0,-6488084.667,-2369763.363,-368944.747
2027-04-01T11:58:00.000Z,43080.0,-6361598.656,-2615857.143,-731076.008
2027-04-01T11:59:00.000Z,43140.0,-6207505.023,-2850598.836,-1090025.669
2027-04-01T12:00:00.000Z,43200.0,-6026475.110,-3072970.943,-1444232.172
2027-04-01T12:01:00.000Z,43260.0,-5819297.999,-3282010.342,-1792155.137
2027-04-01T12:02:00.000Z,43320.0,-5586876.899,-3476812.528,-2132282.219
2027-04-01T12:03:00.000Z,43380.0,-5330225.016,-3656535.565,-2463135.810
2027-04-01T12:04:00.000Z,43440.0,-5050460.921,-3820403.737,-2783279.559
2027-04-01T12:05:00.000Z,43500.0,-4748803.452,-3967710.883,-3091324.684
2027-04-01T12:06:00.000Z,43560.0,-4426566.177,-4097823.399,-3385936.032
2027-04-01T12:07:00.000Z,43620.0,-4085151.451,-4210182.891,-3665837.871
2027-04-01T12:08:00.000Z,43680.0,-3726044.103,-4304308.486,-3929819.387
2027-04-01T12:09:00.000Z,43740.0,-3350804.790,-4379798.779,-4176739.859
2027-04-01T12:10:00.000Z,43800.0,-2961063.043,-4436333.420,-4405533.501
2027-04-01T12:11:00.000Z,43860.0,-2558510.058,-4473674.335,-4615213.943
2027-04-01T12:12:00.000Z,43920.0,-2144891.256,-4491666.592,-4804878.350
2027-04-01T12:13:00.000Z,43980.0,-1721998.654,-4490238.897,-4973711.151
2027-04-01T12:14:00.000Z,44040.0,-1291663.068,-4469403.737,-5120987.387
2027-04-01T12:15:00.000Z,44100.0,-855746.206,-4429257.171,-5246075.651
2027-04-01T12:16:00.000Z,44160.0,-416132.664,-4369978.270,-5348440.629
2027-04-01T12:17:00.000Z,44220.0,25278.142,-4291828.223,-5427645.236
2027-04-01T12:18:00.000Z,44280.0,466580.062,-4195149.105,-5483352.326
2027-04-01T12:19:00.000Z,44340.0,905868.309,-4080362.323,-5515326.004
2027-04-01T12:20:00.000Z,44400.0,1341247.519,-3947966.745,-5523432.516
2027-04-01T12:21:00.000Z,44460.0,1770839.757,-3798536.522,-5507640.724
2027-04-01T12:22:00.000Z,44520.0,2192792.437,-3632718.610,-5468022.166
2027-04-01T12:23:00.000Z,44580.0,2605286.134,-3451230.005,-5404750.710
2027-04-01T12:24:00.000Z,44640.0,3006542.262,-3254854.699,-5318101.785
2027-04-01T12:25:00.000Z,44700.0,3394830.577,-3044440.362,-5208451.214
2027-04-01T12:26:00.000Z,44760.0,3768476.507,-2820894.771,-5076273.635
2027-04-01T12:27:00.000Z,44820.0,4125868.253,-2585181.991,-4922140.521
2027-04-01T12:28:00.000Z,44880.0,4465463.658,-2338318.314,-4746717.799
2027-04-01T12:29:00.000Z,44940.0,4785796.796,-2081367.985,-4550763.080
2027-04-01T12:30:00.000Z,45000.0,5085484.275,-1815438.712,-4335122.503
2027-04-01T12:31:00.000Z,45060.0,5363231.213,-1541676.983,-4100727.200
2027-04-01T12:32:00.000Z,45120.0,5617836.861,-1261263.210,-3848589.388
2027-04-01T12:33:00.000Z,45180.0,5848199.852,-975406.707,-3579798.119
2027-04-01T12:34:00.000Z,45240.0,6053323.046,-685340.529,-3295514.666
2027-04-01T12:35:00.000Z,45300.0,6232317.944,-392316.193,-2996967.599
2027-04-01T12:36:00.000Z,45360.0,6384408.649,-97598.293,-2685447.545
2027-04-01T12:37:00.000Z,45420.0,6508935.352,197540.956,-2362301.652
2027-04-01T12:38:00.000Z,45480.0,6605357.312,491827.224,-2028927.793
2027-04-01T12:39:00.000Z,45540.0,6673255.331,783989.609,-1686768.528
2027-04-01T12:40:00.000Z,45600.0,6712333.681,1072766.171,-1337304.835
2027-04-01T12:41:00.000Z,45660.0,6722421.492,1356909.441,-982049.674
2027-04-01T12:42:00.000Z,45720.0,6703473.577,1635191.883,-622541.371
2027-04-01T12:43:00.000Z,45780.0,6655570.691,1906411.270,-260336.892
2027-04-01T12:44:00.000Z,45840.0,6578919.223,2169395.955,102994.982
2027-04-01T12:45:00.000Z,45900.0,6473850.309,2423010.002,465880.544
2027-04-01T12:46:00.000Z,45960.0,6340818.385,2666158.164,826748.066
2027-04-01T12:47:00.000Z,46020.0,6180399.181,2897790.671,1184034.698
2027-04-01T12:48:00.000Z,46080.0,5993287.160,3116907.805,1536193.319
2027-04-01T12:49:00.000Z,46140.0,5780292.423,3322564.250,1881699.318
2027-04-01T12:50:00.000Z,46200.0,5542337.104,3513873.186,2219057.244
2027-04-01T12:51:00.000Z,46260.0,5280451.261,3690010.104,2546807.329
2027-04-01T12:52:00.000Z,46320.0,4995768.296,3850216.348,2863531.826
2027-04-01T12:53:00.000Z,46380.0,4689519.932,3993802.340,3167861.137
2027-04-01T12:54:00.000Z,46440.0,4363030.768,4120150.495,3458479.719
2027-04-01T12:55:00.000Z,46500.0,4017712.443,4228717.811,3734131.728
2027-04-01T12:56:00.000Z,46560.0,3655057.446,4319038.121,3993626.374
2027-04-01T12:57:00.000Z,46620.0,3276632.599,4390724.010,4235842.991
2027-04-01T12:58:00.000Z,46680.0,2884072.241,4443468.384,4459735.769
2027-04-01T12:59:00.000Z,46740.0,2479071.159,4477045.690,4664338.162
2027-04-01T13:00:00.000Z,46800.0,2063377.280,4491312.791,4848766.944
2027-04-01T13:01:00.000Z,46860.0,1638784.176,4486209.498,5012225.894
2027-04-01T13:02:00.000Z,46920.0,1207123.398,4461758.747,5154009.119
2027-04-01T13:03:00.000Z,46980.0,770256.673,4418066.440,5273503.986
2027-04-01T13:04:00.000Z,47040.0,330068.007,4355320.950,5370193.674
2027-04-01T13:05:00.000Z,47100.0,-111544.299,4273792.286,5443659.319
2027-04-01T13:06:00.000Z,47160.0,-552675.667,4173830.935,5493581.774
2027-04-01T13:07:00.000Z,47220.0,-991423.290,4055866.377,5519742.952
2027-04-01T13:08:00.000Z,47280.0,-1425894.159,3920405.289,5522026.770
2027-04-01T13:09:00.000Z,47340.0,-1854213.061,3768029.434,5500419.677
2027-04-01T13:10:00.000Z,47400.0,-2274530.507,3599393.253,5455010.781
2027-04-01T13:11:00.000Z,47460.0,-2685030.575,3415221.152,5385991.547
2027-04-01T13:12:00.000Z,47520.0,-3083938.630,3216304.516,5293655.096
2027-04-01T13:13:00.000Z,47580.0,-3469528.902,3003498.429,5178395.081
2027-04-01T13:14:00.000Z,47640.0,-3840131.885,2777718.135,5040704.154
2027-04-01T13:15:00.000Z,47700.0,-4194141.540,2539935.230,4881172.013
2027-04-01T13:16:00.000Z,47760.0,-4530022.267,2291173.619,4700483.050
2027-04-01T13:17:00.000Z,47820.0,-4846315.608,2032505.217,4499413.581
2027-04-01T13:18:00.000Z,47880.0,-5141646.669,1765045.443,4278828.683
2027-04-01T13:19:00.000Z,47940.0,-5414730.219,1489948.498,4039678.634
2027-04-01T13:20:00.000Z,48000.0,-5664376.431,1208402.450,3782994.962
2027-04-01T13:21:00.000Z,48060.0,-5889496.252,921624.153,3509886.128
2027-04-01T13:22:00.000Z,48120.0,-6089106.350,630853.997,3221532.843
2027-04-01T13:23:00.000Z,48180.0,-6262333.633,337350.543,2919183.034
2027-04-01T13:24:00.000Z,48240.0,-6408419.282,42385.033,2604146.491
2027-04-01T13:25:00.000Z,48300.0,-6526722.311,-252764.174,2277789.207
2027-04-01T13:26:00.000Z,48360.0,-6616722.588,-546817.230,1941527.422
2027-04-01T13:27:00.000Z,48420.0,-6678023.326,-838498.460,1596821.431
2027-04-01T13:28:00.000Z,48480.0,-6710353.013,-1126542.017,1245169.147
2027-04-01T13:29:00.000Z,48540.0,-6713566.767,-1409697.522,888099.475
2027-04-01T13:30:00.000Z,48600.0,-6687647.098,-1686735.639,527165.522
2027-04-01T13:31:00.000Z,48660.0,-6632704.084,-1956453.570,163937.674
2027-04-01T13:32:00.000Z,48720.0,-6548974.942,-2217680.430,-200003.411
2027-04-01T13:33:00.000Z,48780.0,-6436823.001,-2469282.479,-563073.876
2027-04-01T13:34:00.000Z,48840.0,-6296736.079,-2710168.180,-923693.748
2027-04-01T13:35:00.000Z,48900.0,-6129324.279,-2939293.058,-1280294.002
2027-04-01T13:36:00.000Z,48960.0,-5935317.208,-3155664.330,-1631323.566
2027-04-01T13:37:00.000Z,49020.0,-5715560.640,-3358345.286,-1975256.232
2027-04-01T13:38:00.000Z,49080.0,-5471012.648,-3546459.399,-2310597.431
2027-04-01T13:39:00.000Z,49140.0,-5202739.216,-3719194.144,-2635890.849
2027-04-01T13:40:00.000Z,49200.0,-4911909.382,-3875804.503,-2949724.829
2027-04-01T13:41:00.000Z,49260.0,-4599789.906,-4015616.156,-3250738.561
2027-04-01T13:42:00.000Z,49320.0,-4267739.537,-4138028.321,-3537627.998
2027-04-01T13:43:00.000Z,49380.0,-3917202.873,-4242516.267,-3809151.492
2027-04-01T13:44:00.000Z,49440.0,-3549703.880,-4328633.455,-4064135.125
2027-04-01T13:45:00.000Z,49500.0,-3166839.086,-4396013.334,-4301477.707
2027-04-01T13:46:00.000Z,49560.0,-2770270.491,-4444370.768,-4520155.423
2027-04-01T13:47:00.000Z,49620.0,-2361718.237,-4473503.108,-4719226.130
2027-04-01T13:48:00.000Z,49680.0,-1942953.067,-4483290.894,-4897833.260
2027-04-01T13:49:00.000Z,49740.0,-1515788.599,-4473698.204,-5055209.354
2027-04-01T13:50:00.000Z,49800.0,-1082073.471,-4444772.653,-5190679.187
2027-04-01T13:51:00.000Z,49860.0,-643683.372,-4396645.032,-5303662.499
2027-04-01T13:52:00.000Z,49920.0,-202512.997,-4329528.612,-5393676.317
2027-04-01T13:53:00.000Z,49980.0,239532.041,-4243718.110,-5460336.866
2027-04-01T13:54:00.000Z,50040.0,680543.312,-4139588.329,-5503361.064
2027-04-01T13:55:00.000Z,50100.0,1118617.660,-4017592.471,-5522567.610
2027-04-01T13:56:00.000Z,50160.0,1551865.250,-3878260.145,-5517877.650
2027-04-01T13:57:00.000Z,50220.0,1978417.541,-3722195.066,-5489315.031
2027-04-01T13:58:00.000Z,50280.0,2396435.168,-3550072.468,-5437006.145
2027-04-01T13:59:00.000Z,50340.0,2804115.699,-3362636.226,-5361179.353
2027-04-01T14:00:00.000Z,50400.0,3199701.239,-3160695.700,-5262164.004
2027-04-01T14:01:00.000Z,50460.0,3581485.867,-2945122.327,-5140389.050
2027-04-01T14:02:00.000Z,50520.0,3947822.858,-2716845.944,-4996381.243
2027-04-01T14:03:00.000Z,50580.0,4297131.691,-2476850.882,-4830762.949
2027-04-01T14:04:00.000Z,50640.0,4627904.789,-2226171.819,-4644249.556
2027-04-01T14:05:00.000Z,50700.0,4938713.983,-1965889.423,-4437646.491
2027-04-01T14:06:00.000Z,50760.0,5228216.669,-1697125.792,-4211845.864
2027-04-01T14:07:00.000Z,50820.0,5495161.620,-1421039.701,-3967822.732
2027-04-01T14:08:00.000Z,50880.0,5738394.437,-1138821.687,-3706631.004
2027-04-01T14:09:00.000Z,50940.0,5956862.619,-851688.974,-3429398.994
2027-04-01T14:10:00.000Z,51000.0,6149620.199,-560880.271,-3137324.643
2027-04-01T14:11:00.000Z,51060.0,6315831.949,-267650.454,-2831670.416
2027-04-01T14:12:00.000Z,51120.0,6454777.120,26734.836,-2513757.909
2027-04-01T14:13:00.000Z,51180.0,6565852.684,321004.672,-2184962.163
2027-04-01T14:14:00.000Z,51240.0,6648576.079,613888.347,-1846705.740
2027-04-01T14:15:00.000Z,51300.0,6702587.417,904120.905,-1500452.556
2027-04-01T14:16:00.000Z,51360.0,6727651.153,1190448.663,-1147701.518
2027-04-01T14:17:00.000Z,51420.0,6723657.205,1471634.687,-789979.990
2027-04-01T14:18:00.000Z,51480.0,6690621.500,1746464.208,-428837.113
2027-04-01T14:19:00.000Z,51540.0,6628685.959,2013749.950,-65837.019
2027-04-01T14:20:00.000Z,51600.0,6538117.904,2272337.328,297448.028
2027-04-01T14:21:00.000Z,51660.0,6419308.901,2521109.510,659444.538
2027-04-01T14:22:00.000Z,51720.0,6272773.033,2758992.303,1018584.697
2027-04-01T14:23:00.000Z,51780.0,6099144.618,2984958.842,1373313.248
2027-04-01T14:24:00.000Z,51840.0,5899175.391,3198034.065,1722094.308
2027-04-01T14:25:00.000Z,51900.0,5673731.148,3397298.939,2063418.079
2027-04-01T14:26:00.000Z,51960.0,5423787.890,3581894.434,2395807.442
2027-04-01T14:27:00.000Z,52020.0,5150427.480,3751025.213,2717824.372
2027-04-01T14:28:00.000Z,52080.0,4854832.840,3903963.033,3028076.180
2027-04-01T14:29:00.000Z,52140.0,4538282.710,4040049.827,3325221.517
2027-04-01T14:30:00.000Z,52200.0,4202146.008,4158700.484,3607976.145
2027-04-01T14:31:00.000Z,52260.0,3847875.815,4259405.284,3875118.425
2027-04-01T14:32:00.000Z,52320.0,3477003.010,4341732.007,4125494.530
2027-04-01T14:33:00.000Z,52380.0,3091129.607,4405327.696,4358023.326
2027-04-01T14:34:00.000Z,52440.0,2691921.796,4449920.079,4571700.940
2027-04-01T14:35:00.000Z,52500.0,2281102.760,4475318.641,4765604.975
2027-04-01T14:36:00.000Z,52560.0,1860445.257,4481415.352,4938898.371
2027-04-01T14:37:00.000Z,52620.0,1431764.034,4468185.047,5090832.899
2027-04-01T14:38:00.000Z,52680.0,996908.088,4435685.469,5220752.271
2027-04-01T14:39:00.000Z,52740.0,557752.804,4384056.965,5328094.873
2027-04-01T14:40:00.000Z,52800.0,116192.006,4313521.851,5412396.098
2027-04-01T14:41:00.000Z,52860.0,-325870.056,4224383.444,5473290.285
2027-04-01T14:42:00.000Z,52920.0,-766526.747,4117024.777,5510512.256
2027-04-01T14:43:00.000Z,52980.0,-1203877.094,3991906.977,5523898.446
2027-04-01T14:44:00.000Z,53040.0,-1636033.817,3849567.355,5513387.625
2027-04-01T14:45:00.000Z,53100.0,-2061131.297,3690617.162,5479021.210
2027-04-01T14:46:00.000Z,53160.0,-2477333.481,3515739.072,5420943.164
2027-04-01T14:47:00.000Z,53220.0,-2882841.672,3325684.355,5339399.482
2027-04-01T14:48:00.000Z,53280.0,-3275902.195,3121269.772,5234737.258
2027-04-01T14:49:00.000Z,53340.0,-3654813.900,2903374.198,5107403.348
2027-04-01T14:50:00.000Z,53400.0,-4017935.477,2672934.976,4957942.610
2027-04-01T14:51:00.000Z,53460.0,-4363692.563,2430944.015,4786995.734
2027-04-01T14:52:00.000Z,53520.0,-4690584.588,2178443.648,4595296.674
2027-04-01T14:53:00.000Z,53580.0,-4997191.364,1916522.254,4383669.657
2027-04-01T14:54:00.000Z,53640.0,-5282179.352,1646309.666,4153025.816
2027-04-01T14:55:00.000Z,53700.0,-5544307.606,1368972.378,3904359.412
2027-04-01T14:56:00.000Z,53760.0,-5782433.338,1085708.562,3638743.694
2027-04-01T14:57:00.000Z,53820.0,-5995517.100,797742.928,3357326.375
2027-04-01T14:58:00.000Z,53880.0,-6182627.525,506321.428,3061324.767
2027-04-01T14:59:00.000Z,53940.0,-6342945.625,212705.851,2752020.575
2027-04-01T15:00:00.000Z,54000.0,-6475768.597,-81831.697,2430754.366
2027-04-01T15:01:00.000Z,54060.0,-6580513.130,-376014.375,2098919.764
2027-04-01T15:02:00.000Z,54120.0,-6656718.174,-668566.240,1757957.350
2027-04-01T15:03:00.000Z,54180.0,-6704047.163,-958217.898,1409348.344
2027-04-01T15:04:00.000Z,54240.0,-6722289.667,-1243712.151,1054608.061
2027-04-01T15:05:00.000Z,54300.0,-6711362.459,-1523809.592,695279.193
2027-04-01T15:06:00.000Z,54360.0,-6671310.001,-1797294.146,332924.942
2027-04-01T15:07:00.000Z,54420.0,-6602304.315,-2062978.502,-30877.950
2027-04-01T15:08:00.000Z,54480.0,-6504644.267,-2319709.419,-394546.249
2027-04-01T15:09:00.000Z,54540.0,-6378754.247,-2566372.876,-756497.311
2027-04-01T15:10:00.000Z,54600.0,-6225182.261,-2801899.036,-1115156.161
2027-04-01T15:11:00.000Z,54660.0,-6044597.436,-3025267.000,-1468962.529
2027-04-01T15:12:00.000Z,54720.0,-5837786.969,-3235509.324,-1816377.811
2027-04-01T15:13:00.000Z,54780.0,-5605652.523,-3431716.274,-2155891.909
2027-04-01T15:14:00.000Z,54840.0,-5349206.097,-3613039.804,-2486029.927
2027-04-01T15:15:00.000Z,54900.0,-5069565.404,-3778697.238,-2805358.674
2027-04-01T15:16:00.000Z,54960.0,-4767948.775,-3927974.630,-3112492.963
2027-04-01T15:17:00.000Z,55020.0,-4445669.621,-4060229.801,-3406101.648
2027-04-01T15:18:00.000Z,55080.0,-4104130.494,-4174895.036,-3684913.403
2027-04-01T15:19:00.000Z,55140.0,-3744816.773,-4271479.431,-3947722.191
2027-04-01T15:20:00.000Z,55200.0,-3369290.010,-4349570.886,-4193392.423
2027-04-01T15:21:00.000Z,55260.0,-2979180.984,-4408837.740,-4420863.768
2027-04-01T15:22:00.000Z,55320.0,-2576182.477,-4449030.042,-4629155.618
2027-04-01T15:23:00.000Z,55380.0,-2162041.835,-4469980.472,-4817371.171
2027-04-01T15:24:00.000Z,55440.0,-1738553.325,-4471604.886,-4984701.143
2027-04-01T15:25:00.000Z,55500.0,-1307550.336,-4453902.522,-5130427.079
2027-04-01T15:26:00.000Z,55560.0,-870897.461,-4416955.845,-5253924.275
2027-04-01T15:27:00.000Z,55620.0,-430482.475,-4360930.050,-5354664.283
2027-04-01T15:28:00.000Z,55680.0,11791.738,-4286072.226,-5432217.019
2027-04-01T15:29:00.000Z,55740.0,454015.289,-4192710.186,-5486252.449
2027-04-01T15:30:00.000Z,55800.0,894279.398,-4081250.974,-5516541.868
2027-04-01T15:31:00.000Z,55860.0,1330684.464,-3952179.060,-5522958.760
2027-04-01T15:32:00.000Z,55920.0,1761348.098,-3806054.218,-5505479.245
2027-04-01T15:33:00.000Z,55980.0,2184413.059,-3643509.117,-5464182.115
2027-04-01T15:34:00.000Z,56040.0,2598055.085,-3465246.611,-5399248.448
2027-04-01T15:35:00.000Z,56100.0,3000490.590,-3272036.757,-5310960.822
2027-04-01T15:36:00.000Z,56160.0,3389984.200,-3064713.561,-5199702.108
2027-04-01T15:37:00.000Z,56220.0,3764856.094,-2844171.459,-5065953.869
2027-04-01T15:38:00.000Z,56280.0,4123489.139,-2611361.557,-4910294.350
2027-04-01T15:39:00.000Z,56340.0,4464335.772,-2367287.626,-4733396.068
2027-04-01T15:40:00.000Z,56400.0,4785924.627,-2113001.882,-4536023.015
2027-04-01T15:41:00.000Z,56460.0,5086866.855,-1849600.541,-4319027.472
2027-04-01T15:42:00.000Z,56520.0,5365862.125,-1578219.193,-4083346.451
2027-04-01T15:43:00.000Z,56580.0,5621704.273,-1300027.988,-3829997.760
2027-04-01T15:44:00.000Z,56640.0,5853286.578,-1016226.655,-3560075.722
2027-04-01T15:45:00.000Z,56700.0,6059606.628,-728039.387,-3274746.547
2027-04-01T15:46:00.000Z,56760.0,6239770.759,-436709.596,-2975243.379
2027-04-01T15:47:00.000Z,56820.0,6392998.037,-143494.565,-2662861.029
2027-04-01T15:48:00.000Z,56880.0,6518623.766,150339.977,-2338950.432
2027-04-01T15:49:00.000Z,56940.0,6616102.493,443525.339,-2004912.823
2027-04-01T15:50:00.000Z,57000.0,6685010.498,734795.375,-1662193.680
2027-04-01T15:51:00.000Z,57060.0,6725047.742,1022892.006,-1312276.453
2027-04-01T15:52:00.000Z,57120.0,6736039.270,1306570.713,-956676.099
2027-04-01T15:53:00.000Z,57180.0,6717936.057,1584605.980,-596932.472
2027-04-01T15:54:00.000Z,57240.0,6670815.279,1855796.664,-234603.577
2027-04-01T15:55:00.000Z,57300.0,6594880.016,2118971.260,128741.256
2027-04-01T15:56:00.000Z,57360.0,6490458.383,2372993.032,491528.262
2027-04-01T15:57:00.000Z,57420.0,6358002.095,2616764.996,852186.148
2027-04-01T15:58:00.000Z,57480.0,6198084.460,2849234.707,1209152.991
2027-04-01T15:59:00.000Z,57540.0,6011397.840,3069398.855,1560883.083
2027-04-01T16:00:00.000Z,57600.0,5798750.556,3276307.623,1905853.702
2027-04-01T16:01:00.000Z,57660.0,5561063.293,3469068.802,2242571.761
2027-04-01T16:02:00.000Z,57720.0,5299364.990,3646851.632,2569580.307
2027-04-01T16:03:00.000Z,57780.0,5014788.274,3808890.364,2885464.854
2027-04-01T16:04:00.000Z,57840.0,4708564.430,3954487.522,3188859.491
2027-04-01T16:05:00.000Z,57900.0,4382017.962,4083016.847,3478452.774
2027-04-01T16:06:00.000Z,57960.0,4036560.759,4193925.929,3752993.340
2027-04-01T16:07:00.000Z,58020.0,3673685.901,4286738.496,4011295.256
2027-04-01T16:08:00.000Z,58080.0,3294961.141,4361056.375,4252243.050
2027-04-01T16:09:00.000Z,58140.0,2902022.091,4416561.107,4474796.433
2027-04-01T16:10:00.000Z,58200.0,2496565.139,4453015.218,4677994.675
2027-04-01T16:11:00.000Z,58260.0,2080340.146,4470263.146,4860960.632
2027-04-01T16:12:00.000Z,58320.0,1655142.936,4468231.823,5022904.411
2027-04-01T16:13:00.000Z,58380.0,1222807.627,4446930.910,5163126.665
2027-04-01T16:14:00.000Z,58440.0,785198.818,4406452.697,5281021.491
2027-04-01T16:15:00.000Z,58500.0,344203.679,4346971.663,5376078.961
2027-04-01T16:16:00.000Z,58560.0,-98276.043,4268743.705,5447887.234
2027-04-01T16:17:00.000Z,58620.0,-540332.058,4172105.034,5496134.289
2027-04-01T16:18:00.000Z,58680.0,-980057.589,4057470.762,5520609.239
2027-04-01T16:19:00.000Z,58740.0,-1415555.425,3925333.159,5521203.244
2027-04-01T16:20:00.000Z,58800.0,-1844945.928,3776259.607,5497910.014
2027-04-01T16:21:00.000Z,58860.0,-2266374.986,3610890.252,5450825.901
2027-04-01T16:22:00.000Z,58920.0,-2678021.870,3429935.362,5380149.574
2027-04-01T16:23:00.000Z,58980.0,-3078106.981,3234172.385,5286181.284
2027-04-01T16:24:00.000Z,59040.0,-3464899.442,3024442.745,5169321.716
2027-04-01T16:25:00.000Z,59100.0,-3836724.531,2801648.353,5030070.417
2027-04-01T16:26:00.000Z,59160.0,-4191970.899,2566747.863,4869023.829
2027-04-01T16:27:00.000Z,59220.0,-4529097.564,2320752.674,4686872.896
2027-04-01T16:28:00.000Z,59280.0,-4846640.649,2064722.698,4484400.273
2027-04-01T16:29:00.000Z,59340.0,-5143219.823,1799761.900,4262477.132
2027-04-01T16:30:00.000Z,59400.0,-5417544.420,1527013.625,4022059.575
2027-04-01T16:31:00.000Z,59460.0,-5668419.216,1247655.733,3764184.661
2027-04-01T16:32:00.000Z,59520.0,-5894749.814,962895.559,3489966.059
2027-04-01T16:33:00.000Z,59580.0,-6095547.620,673964.713,3200589.342
2027-04-01T16:34:00.000Z,59640.0,-6269934.386,382113.743,2897306.930
2027-04-01T16:35:00.000Z,59700.0,-6417146.265,88606.689,2581432.718
2027-04-01T16:36:00.000Z,59760.0,-6536537.393,-205284.453,2254336.389
2027-04-01T16:37:00.000Z,59820.0,-6627582.931,-498285.330,1917437.448
2027-04-01T16:38:00.000Z,59880.0,-6689881.583,-789124.866,1572199.009
2027-04-01T16:39:00.000Z,59940.0,-6723157.534,-1076540.902,1220121.341
2027-04-01T16:40:00.000Z,60000.0,-6727261.830,-1359285.813,862735.237
2027-04-01T16:41:00.000Z,60060.0,-6702173.159,-1636132.075,501595.209
2027-04-01T16:42:00.000Z,60120.0,-6647998.038,-1905877.747,138272.559
2027-04-01T16:43:00.000Z,60180.0,-6564970.399,-2167351.845,-225651.635
2027-04-01T16:44:00.000Z,60240.0,-6453450.576,-2419419.574,-588593.589
2027-04-01T16:45:00.000Z,60300.0,-6313923.697,-2660987.385,-948973.901
2027-04-01T16:46:00.000Z,60360.0,-6146997.484,-2891007.850,-1305224.607
2027-04-01T16:47:00.000Z,60420.0,-5953399.485,-3108484.300,-1655796.188
2027-04-01T16:48:00.000Z,60480.0,-5733973.743,-3312475.222,-1999164.462
2027-04-01T16:49:00.000Z,60540.0,-5489676.937,-3502098.396,-2333837.362
2027-04-01T16:50:00.000Z,60600.0,-5221573.998,-3676534.732,-2658361.523
2027-04-01T16:51:00.000Z,60660.0,-4930833.251,-3835031.811,-2971328.687
2027-04-01T16:52:00.000Z,60720.0,-4618721.096,-3976907.100,-3271381.860
2027-04-01T16:53:00.000Z,60780.0,-4286596.267,-4101550.842,-3557221.218
2027-04-01T16:54:00.000Z,60840.0,-3935903.697,-4208428.593,-3827609.723
2027-04-01T16:55:00.000Z,60900.0,-3568168.033,-4297083.421,-4081378.425
2027-04-01T16:56:00.000Z,60960.0,-3184986.829,-4367137.738,-4317431.441
2027-04-01T16:57:00.000Z,61020.0,-2788023.456,-4418294.781,-4534750.583
2027-04-01T16:58:00.000Z,61080.0,-2378999.759,-4450339.733,-4732399.614
2027-04-01T16:59:00.000Z,61140.0,-1959688.515,-4463140.481,-4909528.142
2027-04-01T17:00:00.000Z,61200.0,-1531905.699,-4456648.023,-5065375.113
2027-04-01T17:01:00.000Z,61260.0,-1097502.618,-4430896.515,-5199271.917
2027-04-01T17:02:00.000Z,61320.0,-658357.935,-4386002.981,-5310645.088
2027-04-01T17:03:00.000Z,61380.0,-216369.606,-4322166.672,-5399018.596
2027-04-01T17:04:00.000Z,61440.0,226553.213,-4239668.091,-5464015.728
2027-04-01T17:05:00.000Z,61500.0,668498.292,-4138867.698,-5505360.561
2027-04-01T17:06:00.000Z,61560.0,1107558.424,-4020204.282,-5522879.014
2027-04-01T17:07:00.000Z,61620.0,1541839.493,-3884193.037,-5516499.485
2027-04-01T17:08:00.000Z,61680.0,1969468.469,-3731423.318,-5486253.083
2027-04-01T17:09:00.000Z,61740.0,2388601.306,-3562556.116,-5432273.432
2027-04-01T17:10:00.000Z,61800.0,2797430.719,-3378321.242,-5354796.073
2027-04-01T17:11:00.000Z,61860.0,3194193.812,-3179514.233,-5254157.457
2027-04-01T17:12:00.000Z,61920.0,3577179.538,-2966993.001,-5130793.518
2027-04-01T17:13:00.000Z,61980.0,3944735.943,-2741674.211,-4985237.860
2027-04-01T17:14:00.000Z,62040.0,4295277.196,-2504529.436,-4818119.525
2027-04-01T17:15:00.000Z,62100.0,4627290.358,-2256581.061,-4630160.380
2027-04-01T17:16:00.000Z,62160.0,4939341.870,-1998897.979,-4422172.113
2027-04-01T17:17:00.000Z,62220.0,5230083.728,-1732591.080,-4195052.837
2027-04-01T17:18:00.000Z,62280.0,5498259.326,-1458808.546,-3949783.338
2027-04-01T17:19:00.000Z,62340.0,5742708.936,-1178730.983,-3687422.947
2027-04-01T17:20:00.000Z,62400.0,5962374.788,-893566.384,-3409105.076
2027-04-01T17:21:00.000Z,62460.0,6156305.742,-604544.970,-3116032.409
2027-04-01T17:22:00.000Z,62520.0,6323661.511,-312913.907,-2809471.780
2027-04-01T17:23:00.000Z,62580.0,6463716.424,-19931.936,-2490748.759
2027-04-01T17:24:00.000Z,62640.0,6575862.689,273136.075,-2161241.948
2027-04-01T17:25:00.000Z,62700.0,6659613.157,565024.611,-1822377.036
2027-04-01T17:26:00.000Z,62760.0,6714603.550,854473.022,-1475620.620
2027-04-01T17:27:00.000Z,62820.0,6740594.151,1140231.018,-1122473.827
2027-04-01T17:28:00.000Z,62880.0,6737470.936,1421064.138,-764465.767
2027-04-01T17:29:00.000Z,62940.0,6705246.138,1695759.156,-403146.847
2027-04-01T17:30:00.000Z,63000.0,6644058.246,1963129.390,-40081.977
2027-04-01T17:31:00.000Z,63060.0,6554171.425,2222019.912,323156.293
2027-04-01T17:32:00.000Z,63120.0,6435974.369,2471312.600,684994.677
2027-04-01T17:33:00.000Z,63180.0,6289978.589,2709931.035,1043866.062
2027-04-01T17:34:00.000Z,63240.0,6116816.138,2936845.196,1398216.380
2027-04-01T17:35:00.000Z,63300.0,5917236.798,3151075.949,1746511.415
2027-04-01T17:36:00.000Z,63360.0,5692104.735,3351699.292,2087243.515
2027-04-01T17:37:00.000Z,63420.0,5442394.649,3537850.348,2418938.166
2027-04-01T17:38:00.000Z,63480.0,5169187.431,3708727.078,2740160.402
2027-04-01T17:39:00.000Z,63540.0,4873665.368,3863593.715,3049521.024
2027-04-01T17:40:00.000Z,63600.0,4557106.904,4001783.877,3345682.592
2027-04-01T17:41:00.000Z,63660.0,4220880.999,4122703.380,3627365.175
2027-04-01T17:42:00.000Z,63720.0,3866441.116,4225832.714,3893351.822
2027-04-01T17:43:00.000Z,63780.0,3495318.855,4310729.195,4142493.742
2027-04-01T17:44:00.000Z,63840.0,3109117.282,4377028.774,4373715.177
2027-04-01T17:45:00.000Z,63900.0,2709503.979,4424447.501,4586017.933
2027-04-01T17:46:00.000Z,63960.0,2298203.844,4452782.655,4778485.576
2027-04-01T17:47:00.000Z,64020.0,1876991.674,4461913.520,4950287.266
2027-04-01T17:48:00.000Z,64080.0,1447684.571,4451801.823,5100681.220
2027-04-01T17:49:00.000Z,64140.0,1012134.192,4422491.828,5229017.798
2027-04-01T17:50:00.000Z,64200.0,572218.879,4374110.097,5334742.208
2027-04-01T17:51:00.000Z,64260.0,129835.699,4306864.911,5417396.808
2027-04-01T17:52:00.000Z,64320.0,-313107.579,4221045.362,5476623.021
2027-04-01T17:53:00.000Z,64380.0,-754700.545,4117020.129,5512162.836
2027-04-01T17:54:00.000Z,64440.0,-1193038.206,3995235.924,5523859.916
2027-04-01T17:55:00.000Z,64500.0,-1626229.031,3856215.631,5511660.289
2027-04-01T17:56:00.000Z,64560.0,-2052402.945,3700556.140,5475612.626
2027-04-01T17:57:00.000Z,64620.0,-2469719.244,3528925.879,5415868.117
2027-04-01T17:58:00.000Z,64680.0,-2876374.410,3342062.056,5332679.925
2027-04-01T17:59:00.000Z,64740.0,-3270609.798,3140767.610,5226402.225
2027-04-01T18:00:00.000Z,64800.0,-3650719.161,2925907.899,5097488.837
2027-04-01T18:01:00.000Z,64860.0,-4015055.987,2698407.105,4946491.434
2027-04-01T18:02:00.000Z,64920.0,-4362040.628,2459244.396,4774057.355
2027-04-01T18:03:00.000Z,64980.0,-4690167.176,2209449.834,4580926.991
2027-04-01T18:04:00.000Z,65040.0,-4998010.069,1950100.054,4367930.785
2027-04-01T18:05:00.000Z,65100.0,-5284230.390,1682313.722,4135985.821
2027-04-01T18:06:00.000Z,65160.0,-5547581.828,1407246.786,3886092.032
2027-04-01T18:07:00.000Z,65220.0,-5786916.277,1126087.550,3619328.027
2027-04-01T18:08:00.000Z,65280.0,-6001189.032,840051.566,3336846.546
2027-04-01T18:09:00.000Z,65340.0,-6189463.564,550376.385,3039869.568
2027-04-01T18:10:00.000Z,65400.0,-6350915.832,258316.186,2729683.085
2027-04-01T18:11:00.000Z,65460.0,-6484838.120,-34863.706,2407631.552
2027-04-01T18:12:00.000Z,65520.0,-6590642.359,-327892.377,2075112.054
2027-04-01T18:13:00.000Z,65580.0,-6667862.921,-619498.927,1733568.203
2027-04-01T18:14:00.000Z,65640.0,-6716158.860,-908418.099,1384483.792
2027-04-01T18:15:00.000Z,65700.0,-6735315.582,-1193395.904,1029376.243
2027-04-01T18:16:00.000Z,65760.0,-6725245.934,-1473195.209,669789.876
2027-04-01T18:17:00.000Z,65820.0,-6685990.697,-1746601.260,307289.039
2027-04-01T18:18:00.000Z,65880.0,-6617718.481,-2012427.109,-56548.875
2027-04-01T18:19:00.000Z,65940.0,-6520725.019,-2269518.919,-420140.476
2027-04-01T18:20:00.000Z,66000.0,-6395431.860,-2516761.117,-781903.460
2027-04-01T18:21:00.000Z,66060.0,-6242384.468,-2753081.364,-1140263.686
2027-04-01T18:22:00.000Z,66120.0,-6062249.745,-2977455.316,-1493662.210
2027-04-01T18:23:00.000Z,66180.0,-5855812.982,-3188911.161,-1840562.234
2027-04-01T18:24:00.000Z,66240.0,-5623974.260,-3386533.890,-2179455.943
2027-04-01T18:25:00.000Z,66300.0,-5367744.335,-3569469.302,-2508871.183
2027-04-01T18:26:00.000Z,66360.0,-5088240.014,-3736927.707,-2827377.959
2027-04-01T18:27:00.000Z,66420.0,-4786679.060,-3888187.323,-3133594.703
2027-04-01T18:28:00.000Z,66480.0,-4464374.665,-4022597.348,-3426194.310
2027-04-01T18:29:00.000Z,66540.0,-4122729.504,-4139580.689,-3703909.885
2027-04-01T18:30:00.000Z,66600.0,-3763229.423,-4238636.359,-3965540.196
2027-04-01T18:31:00.000Z,66660.0,-3387436.787,-4319341.507,-4209954.807
2027-04-01T18:32:00.000Z,66720.0,-2996983.523,-4381353.107,-4436098.869
2027-04-01T18:33:00.000Z,66780.0,-2593563.902,-4424409.280,-4642997.552
2027-04-01T18:34:00.000Z,66840.0,-2178927.086,-4448330.260,-4829760.110
2027-04-01T18:35:00.000Z,66900.0,-1754869.482,-4453019.003,-4995583.560
2027-04-01T18:36:00.000Z,66960.0,-1323226.937,-4438461.444,-5139755.972
2027-04-01T18:37:00.000Z,67020.0,-885866.804,-4404726.403,-5261659.351
2027-04-01T18:38:00.000Z,67080.0,-444679.915,-4351965.147,-5360772.130
2027-04-01T18:39:00.000Z,67140.0,-1572.495,-4280410.616,-5436671.235
2027-04-01T18:40:00.000Z,67200.0,441541.961,-4190376.313,-5489033.750
2027-04-01T18:41:00.000Z,67260.0,882750.808,-4082254.875,-5517638.164
2027-04-01T18:42:00.000Z,67320.0,1320150.348,-3956516.328,-5522365.204
2027-04-01T18:43:00.000Z,67380.0,1751853.872,-3813706.029,-5503198.251
2027-04-01T18:44:00.000Z,67440.0,2175999.617,-3654442.318,-5460223.346
2027-04-01T18:45:00.000Z,67500.0,2590758.620,-3479413.871,-5393628.777
2027-04-01T18:46:00.000Z,67560.0,2994342.434,-3289376.777,-5303704.260
2027-04-01T18:47:00.000Z,67620.0,3385010.685,-3085151.343,-5190839.713
2027-04-01T18:48:00.000Z,67680.0,3761078.437,-2867618.636,-5055523.613
2027-04-01T18:49:00.000Z,67740.0,4120923.349,-2637716.778,-4898340.964
2027-04-01T18:50:00.000Z,67800.0,4462992.585,-2396436.998,-4719970.860
2027-04-01T18:51:00.000Z,67860.0,4785809.459,-2144819.458,-4521183.659
2027-04-01T18:52:00.000Z,67920.0,5087979.784,-1883948.872,-4302837.768
2027-04-01T18:53:00.000Z,67980.0,5368197.895,-1614949.917,-4065876.057
2027-04-01T18:54:00.000Z,68040.0,5625252.326,-1338982.470,-3811321.906
2027-04-01T18:55:00.000Z,68100.0,5858031.105,-1057236.672,-3540274.886
2027-04-01T18:56:00.000Z,68160.0,6065526.647,-770927.852,-3253906.120
2027-04-01T18:57:00.000Z,68220.0,6246840.215,-481291.319,-2953453.296
2027-04-01T18:58:00.000Z,68280.0,6401185.925,-189577.050,-2640215.387
2027-04-01T18:59:00.000Z,68340.0,6527894.274,102955.704,-2315547.082
2027-04-01T19:00:00.000Z,68400.0,6626415.168,395043.874,-1980852.947
2027-04-01T19:01:00.000Z,68460.0,6696320.428,685426.057,-1637581.351
2027-04-01T19:02:00.000Z,68520.0,6737305.757,972848.016,-1287218.178
2027-04-01T19:03:00.000Z,68580.0,6749192.168,1256068.156,-931280.354
2027-04-01T19:04:00.000Z,68640.0,6731926.833,1533862.954,-571309.221
2027-04-01T19:05:00.000Z,68700.0,6685583.379,1805032.323,-208863.792
2027-04-01T19:06:00.000Z,68760.0,6610361.600,2068404.867,154486.088
2027-04-01T19:07:00.000Z,68820.0,6506586.602,2322843.015,517166.633
2027-04-01T19:08:00.000Z,68880.0,6374707.377,2567248.005,877607.019
2027-04-01T19:09:00.000Z,68940.0,6215294.811,2800564.679,1234246.285
2027-04-01T19:10:00.000Z,69000.0,6029039.147,3021786.089,1585540.171
2027-04-01T19:11:00.000Z,69060.0,5816746.904,3229957.875,1929967.879
2027-04-01T19:12:00.000Z,69120.0,5579337.281,3424182.391,2266038.715
2027-04-01T19:13:00.000Z,69180.0,5317838.062,3603622.575,2592298.577
2027-04-01T19:14:00.000Z,69240.0,5033381.044,3767505.539,2907336.269
2027-04-01T19:15:00.000Z,69300.0,4727197.016,3915125.854,3209789.599
2027-04-01T19:16:00.000Z,69360.0,4400610.323,4045848.539,3498351.246
2027-04-01T19:17:00.000Z,69420.0,4055033.027,4159111.720,3771774.361
2027-04-01T19:18:00.000Z,69480.0,3691958.719,4254428.966,4028877.889
2027-04-01T19:19:00.000Z,69540.0,3312955.997,4331391.294,4268551.580
2027-04-01T19:20:00.000Z,69600.0,2919661.645,4389668.825,4489760.686
2027-04-01T19:21:00.000Z,69660.0,2513773.555,4429012.114,4691550.311
2027-04-01T19:22:00.000Z,69720.0,2097043.413,4449253.117,4873049.415
2027-04-01T19:23:00.000Z,69780.0,1671269.184,4450305.836,5033474.451
2027-04-01T19:24:00.000Z,69840.0,1238287.436,4432166.606,5172132.627
2027-04-01T19:25:00.000Z,69900.0,799965.517,4394914.054,5288424.789
2027-04-01T19:26:00.000Z,69960.0,358193.636,4338708.716,5381847.907
2027-04-01T19:27:00.000Z,70020.0,-85123.141,4263792.325,5451997.177
2027-04-01T19:28:00.000Z,70080.0,-528072.941,4170486.775,5498567.707
2027-04-01T19:29:00.000Z,70140.0,-968745.155,4059192.762,5521355.815
2027-04-01T19:30:00.000Z,70200.0,-1405238.501,3930388.106,5520259.907
2027-04-01T19:31:00.000Z,70260.0,-1835669.053,3784625.767,5495280.955
2027-04-01T19:32:00.000Z,70320.0,-2258178.210,3622531.563,5446522.553
2027-04-01T19:33:00.000Z,70380.0,-2670940.576,3444801.579,5374190.571
2027-04-01T19:34:00.000Z,70440.0,-3072171.718,3252199.301,5278592.384
2027-04-01T19:35:00.000Z,70500.0,-3460135.793,3045552.458,5160135.697
2027-04-01T19:36:00.000Z,70560.0,-3833152.989,2825749.601,5019326.949
2027-04-01T19:37:00.000Z,70620.0,-4189606.776,2593736.415,4856769.310
2027-04-01T19:38:00.000Z,70680.0,-4527950.924,2350511.776,4673160.263
2027-04-01T19:39:00.000Z,70740.0,-4846716.257,2097123.572,4469288.786
2027-04-01T19:40:00.000Z,70800.0,-5144517.123,1834664.299,4246032.127
2027-04-01T19:41:00.000Z,70860.0,-5420057.542,1564266.434,4004352.196
2027-04-01T19:42:00.000Z,70920.0,-5672136.997,1287097.622,3745291.559
2027-04-01T19:43:00.000Z,70980.0,-5899655.854,1004355.676,3469969.070
2027-04-01T19:44:00.000Z,71040.0,-6101620.358,717263.421,3179575.137
2027-04-01T19:45:00.000Z,71100.0,-6277147.192,427063.398,2875366.650
2027-04-01T19:46:00.000Z,71160.0,-6425467.570,135012.450,2558661.577
2027-04-01T19:47:00.000Z,71220.0,-6545930.826,-157623.779,2230833.264
2027-04-01T19:48:00.000Z,71280.0,-6638007.488,-449576.417,1893304.452
2027-04-01T19:49:00.000Z,71340.0,-6701291.806,-739578.972,1547541.036
2027-04-01T19:50:00.000Z,71400.0,-6735503.720,-1026372.950,1195045.616
2027-04-01T19:51:00.000Z,71460.0,-6740490.252,-1308713.457,837350.835
2027-04-01T19:52:00.000Z,71520.0,-6716226.300,-1585374.754,476012.574
2027-04-01T19:53:00.000Z,71580.0,-6662814.850,-1855155.726,112603.019
2027-04-01T19:54:00.000Z,71640.0,-6580486.568,-2116885.258,-251296.366
2027-04-01T19:55:00.000Z,71700.0,-6469598.803,-2369427.460,-614101.907
2027-04-01T19:56:00.000Z,71760.0,-6330633.991,-2611686.739,-974234.806
2027-04-01T19:57:00.000Z,71820.0,-6164197.466,-2842612.667,-1330128.200
2027-04-01T19:58:00.000Z,71880.0,-5971014.697,-3061204.646,-1680234.150
2027-04-01T19:59:00.000Z,71940.0,-5751927.972,-3266516.318,-2023030.541
2027-04-01T20:00:00.000Z,72000.0,-5507892.536,-3457659.720,-2357027.833
2027-04-01T20:01:00.000Z,72060.0,-5239972.223,-3633809.148,-2680775.650
2027-04-01T20:02:00.000Z,72120.0,-4949334.596,-3794204.731,-2992869.158
2027-04-01T20:03:00.000Z,72180.0,-4637245.628,-3938155.676,-3291955.211
2027-04-01T20:04:00.000Z,72240.0,-4305063.971,-4065043.192,-3576738.237
2027-04-01T20:05:00.000Z,72300.0,-3954234.813,-4174323.076,-3845985.831
2027-04-01T20:06:00.000Z,72360.0,-3586283.401,-4265527.943,-4098534.041
2027-04-01T20:07:00.000Z,72420.0,-3202808.222,-4338269.118,-4333292.314
2027-04-01T20:08:00.000Z,72480.0,-2805473.917,-4392238.156,-4549248.105
2027-04-01T20:09:00.000Z,72540.0,-2396003.935,-4427208.020,-4745471.109
2027-04-01T20:10:00.000Z,72600.0,-1976172.973,-4443033.891,-4921117.126
2027-04-01T20:11:00.000Z,72660.0,-1547799.252,-4439653.630,-5075431.523
2027-04-01T20:12:00.000Z,72720.0,-1112736.629,-4417087.889,-5207752.321
2027-04-01T20:13:00.000Z,72780.0,-672866.613,-4375439.872,-5317512.856
2027-04-01T20:14:00.000Z,72840.0,-230090.299,-4314894.759,-5404244.053
2027-04-01T20:15:00.000Z,72900.0,213679.748,-4235718.793,-5467576.272
2027-04-01T20:16:00.000Z,72960.0,656527.624,-4138258.043,-5507240.753
2027-04-01T20:17:00.000Z,73020.0,1096542.208,-4022936.845,-5523070.636
2027-04-01T20:18:00.000Z,73080.0,1531825.240,-3890255.932,-5515001.579
2027-04-01T20:19:00.000Z,73140.0,1960499.335,-3740790.259,-5483071.946
2027-04-01T20:20:00.000Z,73200.0,2380715.901,-3575186.538,-5427422.595
2027-04-01T20:21:00.000Z,73260.0,2790662.937,-3394160.481,-5348296.244
2027-04-01T20:22:00.000Z,73320.0,3188572.681,-3198493.770,-5246036.435
2027-04-01T20:23:00.000Z,73380.0,3572729.092,-2989030.758,-5121086.082
2027-04-01T20:24:00.000Z,73440.0,3941475.117,-2766674.918,-4973985.623
2027-04-01T20:25:00.000Z,73500.0,4293219.747,-2532385.036,-4805370.767
2027-04-01T20:26:00.000Z,73560.0,4626444.805,-2287171.186,-4615969.850
2027-04-01T20:27:00.000Z,73620.0,4939711.460,-2032090.468,-4406600.797
2027-04-01T20:28:00.000Z,73680.0,5231666.428,-1768242.551,-4178167.710
2027-04-01T20:29:00.000Z,73740.0,5501047.841,-1496765.016,-3931657.082
2027-04-01T20:30:00.000Z,73800.0,5746690.741,-1218828.527,-3668133.647
2027-04-01T20:31:00.000Z,73860.0,5967532.196,-935631.847,-3388735.888
2027-04-01T20:32:00.000Z,73920.0,6162615.989,-648396.708,-3094671.206
2027-04-01T20:33:00.000Z,73980.0,6331096.862,-358362.571,-2787210.781
2027-04-01T20:34:00.000Z,74040.0,6472244.303,-66781.284,-2467684.125
2027-04-01T20:35:00.000Z,74100.0,6585445.833,225088.331,-2137473.373
2027-04-01T20:36:00.000Z,74160.0,6670209.781,515985.938,-1798007.309
2027-04-01T20:37:00.000Z,74220.0,6726167.543,804655.170,-1450755.178
2027-04-01T20:38:00.000Z,74280.0,6753075.278,1089849.113,-1097220.295
2027-04-01T20:39:00.000Z,74340.0,6750815.061,1370335.753,-738933.482
2027-04-01T20:40:00.000Z,74400.0,6719395.467,1644903.373,-377446.378
2027-04-01T20:41:00.000Z,74460.0,6658951.577,1912365.861,-14324.638
2027-04-01T20:42:00.000Z,74520.0,6569744.415,2171567.906,348858.938
2027-04-01T20:43:00.000Z,74580.0,6452159.813,2421390.061,710531.307
2027-04-01T20:44:00.000Z,74640.0,6306706.706,2660753.641,1069126.088
2027-04-01T20:45:00.000Z,74700.0,6134014.869,2888625.427,1423090.436
2027-04-01T20:46:00.000Z,74760.0,5934832.113,3104022.170,1770891.838
2027-04-01T20:47:00.000Z,74820.0,5710020.944,3306014.852,2111024.821
2027-04-01T20:48:00.000Z,74880.0,5460554.722,3493732.699,2442017.510
2027-04-01T20:49:00.000Z,74940.0,5187513.322,3666366.926,2762438.027
2027-04-01T20:50:00.000Z,75000.0,4892078.341,3823174.187,3070900.695
2027-04-01T20:51:00.000Z,75060.0,4575527.863,3963479.736,3366072.012
2027-04-01T20:52:00.000Z,75120.0,4239230.820,4086680.262,3646676.383
2027-04-01T20:53:00.000Z,75180.0,3884640.975,4192246.414,3911501.566
2027-04-01T20:54:00.000Z,75240.0,3513290.565,4279724.992,4159403.839
2027-04-01T20:55:00.000Z,75300.0,3126783.619,4348740.797,4389312.838
2027-04-01T20:56:00.000Z,75360.0,2726789.009,4398998.153,4600236.071
2027-04-01T20:57:00.000Z,75420.0,2315033.244,4430282.078,4791263.086
2027-04-01T20:58:00.000Z,75480.0,1893293.049,4442459.119,4961569.279
2027-04-01T20:59:00.000Z,75540.0,1463387.766,4435477.840,5110419.329
2027-04-01T21:00:00.000Z,75600.0,1027171.593,4409368.981,5237170.260
2027-04-01T21:01:00.000Z,75660.0,586525.706,4364245.266,5341274.111
2027-04-01T21:02:00.000Z,75720.0,143350.288,4300300.892,5422280.218
2027-04-01T21:03:00.000Z,75780.0,-300443.507,4217810.682,5479837.092
2027-04-01T21:04:00.000Z,75840.0,-742941.621,4117128.916,5513693.897
2027-04-01T21:05:00.000Z,75900.0,-1182235.177,3998687.843,5523701.527
2027-04-01T21:06:00.000Z,75960.0,-1616428.532,3862995.886,5509813.266
2027-04-01T21:07:00.000Z,76020.0,-2043647.286,3710635.532,5472085.043
2027-04-01T21:08:00.000Z,76080.0,-2462046.222,3542260.927,5410675.271
2027-04-01T21:09:00.000Z,76140.0,-2869817.139,3358595.181,5325844.276
2027-04-01T21:10:00.000Z,76200.0,-3265196.555,3160427.385,5217953.306
2027-04-01T21:11:00.000Z,76260.0,-3646473.259,2948609.345,5087463.135
2027-04-01T21:12:00.000Z,76320.0,-4011995.669,2724052.061,4934932.246
2027-04-01T21:13:00.000Z,76380.0,-4360178.981,2487721.935,4761014.606
2027-04-01T21:14:00.000Z,76440.0,-4689512.072,2240636.742,4566457.035
2027-04-01T21:15:00.000Z,76500.0,-4998564.131,1983861.354,4352096.170
2027-04-01T21:16:00.000Z,76560.0,-5285990.976,1718503.257,4118855.030
2027-04-01T21:17:00.000Z,76620.0,-5550541.047,1445707.849,3867739.200
2027-04-01T21:18:00.000Z,76680.0,-5791061.025,1166653.555,3599832.624
2027-04-01T21:19:00.000Z,76740.0,-6006501.051,882546.768,3316293.045
2027-04-01T21:20:00.000Z,76800.0,-6195919.527,594616.641,3018347.086
2027-04-01T21:21:00.000Z,76860.0,-6358487.449,304109.748,2707284.995
2027-04-01T21:22:00.000Z,76920.0,-6493492.267,12284.641,2384455.086
2027-04-01T21:23:00.000Z,76980.0,-6600341.231,-279593.680,2051257.881
2027-04-01T21:24:00.000Z,77040.0,-6678564.198,-570259.342,1709139.984
2027-04-01T21:25:00.000Z,77100.0,-6727815.901,-858451.205,1359587.732
2027-04-01T21:26:00.000Z,77160.0,-6747877.632,-1142918.469,1004120.619
2027-04-01T21:27:00.000Z,77220.0,-6738658.350,-1422426.247,644284.563
2027-04-01T21:28:00.000Z,77280.0,-6700195.189,-1695761.076,281645.019
2027-04-01T21:29:00.000Z,77340.0,-6632653.370,-1961736.340,-82220.001
2027-04-01T21:30:00.000Z,77400.0,-6536325.507,-2219197.572,-445726.988
2027-04-01T21:31:00.000Z,77460.0,-6411630.310,-2467027.610,-807294.012
2027-04-01T21:32:00.000Z,77520.0,-6259110.699,-2704151.568,-1165347.801
2027-04-01T21:33:00.000Z,77580.0,-6079431.336,-2929541.620,-1518330.771
2027-04-01T21:34:00.000Z,77640.0,-5873375.579,-3142221.539,-1864707.966
2027-04-01T21:35:00.000Z,77700.0,-5641841.901,-3341270.995,-2202973.885
2027-04-01T21:36:00.000Z,77760.0,-5385839.770,-3525829.584,-2531659.152
2027-04-01T21:37:00.000Z,77820.0,-5106485.037,-3695100.553,-2849336.993
2027-04-01T21:38:00.000Z,77880.0,-4804994.842,-3848354.234,-3154629.496
2027-04-01T21:39:00.000Z,77940.0,-4482682.089,-3984931.147,-3446213.623
2027-04-01T21:40:00.000Z,78000.0,-4140949.502,-4104244.773,-3722826.937
2027-04-01T21:41:00.000Z,78060.0,-3781283.314,-4205783.985,-3983273.036
2027-04-01T21:42:00.000Z,78120.0,-3405246.611,-4289115.132,-4226426.665
2027-04-01T21:43:00.000Z,78180.0,-3014472.378,-4353883.769,-4451238.476
2027-04-01T21:44:00.000Z,78240.0,-2610656.269,-4399816.033,-4656739.440
2027-04-01T21:45:00.000Z,78300.0,-2195549.156,-4426719.661,-4842044.885
2027-04-01T21:46:00.000Z,78360.0,-1770949.475,-4434484.656,-5006358.148
2027-04-01T21:47:00.000Z,78420.0,-1338695.411,-4423083.599,-5148973.833
2027-04-01T21:48:00.000Z,78480.0,-900656.956,-4392571.616,-5269280.675
2027-04-01T21:49:00.000Z,78540.0,-458727.875,-4343085.996,-5366763.993
2027-04-01T21:50:00.000Z,78600.0,-14817.604,-4274845.482,-5441007.735
2027-04-01T21:51:00.000Z,78660.0,429156.886,-4188149.222,-5491696.109
2027-04-01T21:52:00.000Z,78720.0,871279.222,-4083375.400,-5518614.806
2027-04-01T21:53:00.000Z,78780.0,1309641.739,-3960979.555,-5521651.794
2027-04-01T21:54:00.000Z,78840.0,1742353.545,-3821492.588,-5500797.719
2027-04-01T21:55:00.000Z,78900.0,2167548.493,-3665518.472,-5456145.867
2027-04-01T21:56:00.000Z,78960.0,2583393.054,-3493731.669,-5387891.735
2027-04-01T21:57:00.000Z,79020.0,2988094.055,-3306874.266,-5296332.174
2027-04-01T21:58:00.000Z,79080.0,3379906.256,-3105752.843,-5181864.136
2027-04-01T21:59:00.000Z,79140.0,3757139.740,-2891235.070,-5044983.004
2027-04-01T22:00:00.000Z,79200.0,4118167.086,-2664246.060,-4886280.533
2027-04-01T22:01:00.000Z,79260.0,4461430.312,-2425764.475,-4706442.378
2027-04-01T22:02:00.000Z,79320.0,4785447.537,-2176818.413,-4506245.246
2027-04-01T22:03:00.000Z,79380.0,5088819.353,-1918481.065,-4286553.654
2027-04-01T22:04:00.000Z,79440.0,5370234.878,-1651866.187,-4048316.314
2027-04-01T22:05:00.000Z,79500.0,5628477.454,-1378123.374,-3792562.149
2027-04-01T22:06:00.000Z,79560.0,5862429.961,-1098433.177,-3520395.962
2027-04-01T22:07:00.000Z,79620.0,6071079.742,-814002.059,-3232993.760
2027-04-01T22:08:00.000Z,79680.0,6253523.077,-526057.228,-2931597.751
2027-04-01T22:09:00.000Z,79740.0,6408969.218,-235841.364,-2617511.042
2027-04-01T22:10:00.000Z,79800.0,6536743.934,55392.752,-2292092.046
2027-04-01T22:11:00.000Z,79860.0,6636292.560,346387.657,-1956748.630
2027-04-01T22:12:00.000Z,79920.0,6707182.521,635886.675,-1612932.021
2027-04-01T22:13:00.000Z,79980.0,6749105.320,922639.389,-1262130.506
2027-04-01T22:14:00.000Z,80040.0,6761877.979,1205407.104,-905862.945
2027-04-01T22:15:00.000Z,80100.0,6745443.909,1482968.264,-545672.138
2027-04-01T22:16:00.000Z,80160.0,6699873.215,1754123.806,-183118.067
2027-04-01T22:17:00.000Z,80220.0,6625362.426,2017702.411,180228.943
2027-04-01T22:18:00.000Z,80280.0,6522233.649,2272565.637,542795.117
2027-04-01T22:19:00.000Z,80340.0,6390933.157,2517612.904,903010.139
2027-04-01T22:20:00.000Z,80400.0,6232029.406,2751786.301,1259314.042
2027-04-01T22:21:00.000Z,80460.0,6046210.503,2974075.202,1610164.048
2027-04-01T22:22:00.000Z,80520.0,5834281.139,3183520.653,1954041.317
2027-04-01T22:23:00.000Z,80580.0,5597158.996,3379219.527,2289457.583
2027-04-01T22:24:00.000Z,80640.0,5335870.656,3560328.414,2614961.625
2027-04-01T22:25:00.000Z,80700.0,5051547.038,3726067.233,2929145.570
2027-04-01T22:26:00.000Z,80760.0,4745418.375,3875722.556,3230650.973
2027-04-01T22:27:00.000Z,80820.0,4418808.784,4008650.625,3518174.667
2027-04-01T22:28:00.000Z,80880.0,4073130.426,4124280.050,3790474.342
2027-04-01T22:29:00.000Z,80940.0,3709877.320,4222114.191,4046373.846
2027-04-01T22:30:00.000Z,81000.0,3330618.817,4301733.200,4284768.177
2027-04-01T22:31:00.000Z,81060.0,2936992.782,4362795.728,4504628.147
2027-04-01T22:32:00.000Z,81120.0,2530698.505,4405040.302,4705004.718
2027-04-01T22:33:00.000Z,81180.0,2113489.389,4428286.348,4885032.971
2027-04-01T22:34:00.000Z,81240.0,1687165.428,4432434.886,5043935.719
2027-04-01T22:35:00.000Z,81300.0,1253565.520,4417468.874,5181026.744
2027-04-01T22:36:00.000Z,81360.0,814559.643,4383453.225,5295713.649
2027-04-01T22:37:00.000Z,81420.0,372040.918,4330534.485,5387500.319
2027-04-01T22:38:00.000Z,81480.0,-72082.400,4258940.180,5455988.987
2027-04-01T22:39:00.000Z,81540.0,-515894.987,4168977.838,5500881.903
2027-04-01T22:40:00.000Z,81600.0,-957482.534,4061033.696,5521982.592
2027-04-01T22:41:00.000Z,81660.0,-1394939.824,3935571.084,5519196.710
2027-04-01T22:42:00.000Z,81720.0,-1826378.780,3793128.502,5492532.489
2027-04-01T22:43:00.000Z,81780.0,-2249936.448,3634317.398,5442100.765
2027-04-01T22:44:00.000Z,81840.0,-2663782.898,3459819.645,5368114.603
2027-04-01T22:45:00.000Z,81900.0,-3066129.004,3270384.732,5270888.497
2027-04-01T22:46:00.000Z,81960.0,-3455234.087,3066826.665,5150837.167
2027-04-01T22:47:00.000Z,82020.0,-3829413.380,2850020.611,5008473.931
2027-04-01T22:48:00.000Z,82080.0,-4187045.303,2620899.259,4844408.675
2027-04-01T22:49:00.000Z,82140.0,-4526578.500,2380448.944,4659345.407
2027-04-01T22:50:00.000Z,82200.0,-4846538.623,2129705.514,4454079.412
2027-04-01T22:51:00.000Z,82260.0,-5145534.818,1869749.980,4229493.998
2027-04-01T22:52:00.000Z,82320.0,-5422265.904,1601703.943,3986556.859
2027-04-01T22:53:00.000Z,82380.0,-5675526.185,1326724.825,3726316.049
2027-04-01T22:54:00.000Z,82440.0,-5904210.891,1046000.914,3449895.583
2027-04-01T22:55:00.000Z,82500.0,-6107321.201,760746.252,3158490.681
2027-04-01T22:56:00.000Z,82560.0,-6283968.827,472195.375,2853362.673
2027-04-01T22:57:00.000Z,82620.0,-6433380.123,181597.939,2535833.574
2027-04-01T22:58:00.000Z,82680.0,-6554899.700,-109786.755,2207280.364
2027-04-01T22:59:00.000Z,82740.0,-6647993.522,-400695.302,1869128.983
2027-04-01T23:00:00.000Z,82800.0,-6712251.449,-689865.773,1522848.084
2027-04-01T23:01:00.000Z,82860.0,-6747389.228,-976043.320,1169942.558
2027-04-01T23:02:00.000Z,82920.0,-6753249.898,-1257985.756,811946.867
2027-04-01T23:03:00.000Z,82980.0,-6729804.609,-1534469.095,450418.229
2027-04-01T23:04:00.000Z,83040.0,-6677152.837,-1804293.022,86929.676
2027-04-01T23:05:00.000Z,83100.0,-6595522.002,-2066286.254,-276936.977
2027-04-01T23:06:00.000Z,83160.0,-6485266.478,-2319311.772,-639598.201
2027-04-01T23:07:00.000Z,83220.0,-6346866.006,-2562271.895,-999475.837
2027-04-01T23:08:00.000Z,83280.0,-6180923.522,-2794113.160,-1355004.154
2027-04-01T23:09:00.000Z,83340.0,-5988162.398,-3013830.994,-1704636.834
2027-04-01T23:10:00.000Z,83400.0,-5769423.137,-3220474.148,-2046853.856
2027-04-01T23:11:00.000Z,83460.0,-5525659.517,-3413148.868,-2380168.246
2027-04-01T23:12:00.000Z,83520.0,-5257934.225,-3591022.791,-2703132.644
2027-04-01T23:13:00.000Z,83580.0,-4967414.006,-3753328.541,-3014345.673
2027-04-01T23:14:00.000Z,83640.0,-4655364.348,-3899367.014,-3312458.064
2027-04-01T23:15:00.000Z,83700.0,-4323143.746,-4028510.336,-3596178.526
2027-04-01T23:16:00.000Z,83760.0,-3972197.568,-4140204.488,-3864279.314
2027-04-01T23:17:00.000Z,83820.0,-3604051.571,-4233971.586,-4115601.495
2027-04-01T23:18:00.000Z,83880.0,-3220305.087,-4309411.809,-4349059.874
2027-04-01T23:19:00.000Z,83940.0,-2822623.926,-4366204.982,-4563647.570
2027-04-01T23:20:00.000Z,84000.0,-2412733.033,-4404111.791,-4758440.230
2027-04-01T23:21:00.000Z,84060.0,-1992408.921,-4422974.662,-4932599.860
2027-04-01T23:22:00.000Z,84120.0,-1563471.935,-4422718.269,-5085378.269
2027-04-01T23:23:00.000Z,84180.0,-1127778.364,-4403349.708,-5216120.119
2027-04-01T23:24:00.000Z,84240.0,-687212.443,-4364958.313,-5324265.564
2027-04-01T23:25:00.000Z,84300.0,-243678.274,-4307715.147,-5409352.491
2027-04-01T23:26:00.000Z,84360.0,200908.297,-4231872.146,-5471018.342
2027-04-01T23:27:00.000Z,84420.0,644627.828,-4137760.944,-5509001.523
2027-04-01T23:28:00.000Z,84480.0,1085565.416,-4025791.379,-5523142.406
2027-04-01T23:29:00.000Z,84540.0,1521818.792,-3896449.685,-5513383.902
2027-04-01T23:30:00.000Z,84600.0,1951506.352,-3750296.378,-5479771.636
2027-04-01T23:31:00.000Z,84660.0,2372775.097,-3587963.854,-5422453.696
2027-04-01T23:32:00.000Z,84720.0,2783808.443,-3410153.693,-5341679.971
2027-04-01T23:33:00.000Z,84780.0,3182833.900,-3217633.690,-5237801.089
2027-04-01T23:34:00.000Z,84840.0,3568130.563,-3011234.614,-5111266.934
2027-04-01T23:35:00.000Z,84900.0,3938036.415,-2791846.716,-4962624.769
2027-04-01T23:36:00.000Z,84960.0,4290955.393,-2560415.978,-4792516.958
2027-04-01T23:37:00.000Z,85020.0,4625364.209,-2317940.142,-4601678.287
2027-04-01T23:38:00.000Z,85080.0,4939818.884,-2065464.500,-4390932.906
2027-04-01T23:39:00.000Z,85140.0,5232960.970,-1804077.486,-4161190.886
2027-04-01T23:40:00.000Z,85200.0,5503523.445,-1534906.072,-3913444.406
2027-04-01T23:41:00.000Z,85260.0,5750336.235,-1259110.978,-3648763.581
2027-04-01T23:42:00.000Z,85320.0,5972331.344,-977881.731,-3368291.940
2027-04-01T23:43:00.000Z,85380.0,6168547.571,-692431.579,-3073241.579
2027-04-01T23:44:00.000Z,85440.0,6338134.779,-403992.282,-2764887.992
2027-04-01T23:45:00.000Z,85500.0,6480357.697,-113808.805,-2444564.608
2027-04-01T23:46:00.000Z,85560.0,6594599.230,176866.064,-2113657.062
2027-04-01T23:47:00.000Z,85620.0,6680363.257,466777.151,-1773597.204
2027-04-01T23:48:00.000Z,85680.0,6737276.899,754672.354,-1425856.896
2027-04-01T23:49:00.000Z,85740.0,6765092.245,1039308.111,-1071941.605
2027-04-01T23:50:00.000Z,85800.0,6763687.514,1319454.828,-713383.834
2027-04-01T23:51:00.000Z,85860.0,6733067.651,1593902.271,-351736.418
2027-04-01T23:52:00.000Z,85920.0,6673364.355,1861464.861,11434.281
2027-04-01T23:53:00.000Z,85980.0,6584835.525,2120986.874,374555.244
2027-04-01T23:54:00.000Z,86040.0,6467864.135,2371347.500,736053.706
2027-04-01T23:55:00.000Z,86100.0,6322956.541,2611465.745,1094364.055
2027-04-01T23:56:00.000Z,86160.0,6150740.229,2840305.153,1447934.701
2027-04-01T23:57:00.000Z,86220.0,5951961.016,3056878.314,1795234.872
2027-04-01T23:58:00.000Z,86280.0,5727479.721,3260251.148,2134761.304
2027-04-01T23:59:00.000Z,86340.0,5478268.323,3449546.939,2465044.794
2027-04-02T00:00:00.000Z,86400.0,5205405.632,3623950.104,2784656.585
