"Time (EpSec)","x (m)","y (m)","z (m)","vx (m/sec)","vy (m/sec)","vz (m/sec)"
0.0,6510318.807,2369563.529,0.000,-1561.261165,4289.527503,6057.721141
60.0,6402737.057,2621442.810,363425.468,-2025.828496,4109.977549,6044.639898
120.0,6267529.582,2862013.661,725281.351,-2481.667071,3912.727290,6005.452668
180.0,6105279.037,3090240.068,1084004.841,-2926.810070,3698.627567,5940.328693
240.0,5916684.762,3305139.259,1438046.659,-3359.336764,3468.601776,5849.549236
300.0,5702559.769,3505785.939,1785877.747,-3777.380811,3223.641893,5733.506362
360.0,5463827.233,3691316.273,2125995.869,-4179.138306,2964.804188,5592.701243
420.0,5201516.518,3860931.605,2456932.100,-4562.875563,2693.204680,5427.741998
480.0,4916758.735,4013901.897,2777257.171,-4926.936600,2410.014315,5239.341064
540.0,4610781.865,4149568.868,3085587.641,-5269.750285,2116.453925,5028.312119
600.0,4284905.463,4267348.832,3380591.872,-5589.837111,1813.788962,4795.566569
660.0,3940534.970,4366735.203,3660995.781,-5885.815588,1503.324045,4542.109611
720.0,3579155.646,4447300.680,3925588.340,-6156.408204,1186.397333,4269.035891
780.0,3202326.172,4508699.077,4173226.810,-6400.446934,864.374760,3977.524778
840.0,2811671.920,4550666.819,4402841.674,-6616.878289,538.644149,3668.835270
900.0,2408877.945,4573024.067,4613441.256,-6804.767858,210.609227,3344.300555
960.0,1995681.719,4575675.489,4804116.004,-6963.304346,-118.316421,3005.322254
1020.0,1573865.633,4558610.672,4974042.420,-7091.803076,-446.715445,2653.364370
1080.0,1145249.308,4521904.156,5122486.615,-7189.708945,-773.172836,2289.946962
1140.0,711681.750,4465715.110,5248807.477,-7256.598824,-1096.282025,1916.639580
1200.0,275033.368,4390286.646,5352459.445,-7292.183382,-1414.650942,1535.054489
1260.0,-162812.091,4295944.760,5432994.858,-7296.308344,-1726.908013,1146.839703
1320.0,-599965.670,4183096.932,5490065.896,-7268.955157,-2031.708069,753.671871
1380.0,-1034541.353,4052230.355,5523426.077,-7210.241071,-2327.738145,357.249031
1440.0,-1464664.198,3903909.844,5532931.322,-7120.418639,-2613.723128,-40.716719
1500.0,-1888478.431,3738775.386,5518540.579,-6999.874632,-2888.431257,-438.506619
1560.0,-2304155.447,3557539.390,5480316.000,-6849.128369,-3150.679421,-834.402668
1620.0,-2709901.706,3360983.604,5418422.672,-6668.829484,-3399.338262,-1226.695044
1680.0,-3103966.469,3149955.748,5333127.903,-6459.755126,-3633.337033,-1613.689489
1740.0,-3484649.351,2925365.858,5224800.072,-6222.806605,-3851.668210,-1993.714625
1800.0,-3850307.658,2688182.361,5093907.030,-5959.005512,-4053.391831,-2365.129175
1860.0,-4199363.478,2439427.895,4941014.087,-5669.489312,-4237.639543,-2726.329051
1920.0,-4530310.491,2180174.909,4766781.568,-5355.506438,-4403.618337,-3075.754276
1980.0,-4841720.462,1911541.029,4571961.959,-5018.410912,-4550.613966,-3411.895732
2040.0,-5132249.414,1634684.247,4357396.660,-4659.656500,-4677.994014,-3733.301669
2100.0,-5400643.424,1350797.927,4124012.350,-4280.790447,-4785.210618,-4038.583976
2160.0,-5645744.032,1061105.661,3872816.984,-3883.446803,-4871.802826,-4326.424182
2220.0,-5866493.248,766855.995,3604895.442,-3469.339372,-4937.398578,-4595.579142
2280.0,-6061938.113,469317.050,3321404.840,-3040.254327,-4981.716303,-4844.886413
2340.0,-6231234.817,169771.052,3023569.536,-2598.042498,-5004.566129,-5073.269270
2400.0,-6373652.338,-130491.187,2712675.841,-2144.611394,-5005.850698,-5279.741357
2460.0,-6488575.602,-430175.839,2390066.464,-1681.916973,-4985.565577,-5463.410951
2520.0,-6575508.138,-727991.626,2057134.710,-1211.955205,-4943.799274,-5623.484806
2580.0,-6634074.223,-1022655.394,1715318.468,-736.753459,-4880.732854,-5759.271585
2640.0,-6664020.505,-1312897.634,1366093.995,-258.361761,-4796.639152,-5870.184843
2700.0,-6665217.102,-1597467.952,1010969.546,221.156051,-4691.881591,-5955.745561
2760.0,-6637658.160,-1875140.461,651478.855,699.731230,-4566.912614,-6015.584213
2820.0,-6581461.886,-2144719.057,289174.514,1175.299050,-4422.271731,-6049.442364
2880.0,-6496870.040,-2405042.573,-74378.732,1645.807706,-4258.583187,-6057.173786
2940.0,-6384246.893,-2654989.781,-437610.747,2109.227171,-4076.553268,-6038.745088
3000.0,-6244077.660,-2893484.219,-798952.780,2563.557957,-3876.967255,-5994.235860
3060.0,-6076966.409,-3119498.830,-1156844.242,3006.839736,-3660.686037,-5923.838332
3120.0,-5883633.459,-3332060.383,-1509739.450,3437.159803,-3428.642394,-5827.856541
3180.0,-5664912.273,-3530253.666,-1856114.296,3852.661326,-3181.836979,-5706.705020
3240.0,-5421745.867,-3713225.421,-2194472.833,4251.551361,-2921.333998,-5560.907007
3300.0,-5155182.741,-3880188.025,-2523353.737,4632.108588,-2648.256625,-5391.092182
3360.0,-4866372.363,-4030422.876,-2841336.615,4992.690738,-2363.782157,-5197.993954
3420.0,-4556560.208,-4163283.483,-3147048.141,5331.741681,-2069.136941,-4982.446288
3480.0,-4227082.388,-4278198.257,-3439167.989,5647.798140,-1765.591083,-4745.380105
3540.0,-3879359.891,-4374672.959,-3716434.532,5939.496009,-1454.452978,-4487.819263
3600.0,-3514892.453,-4452292.835,-3977650.293,6205.576240,-1137.063667,-4210.876131
3660.0,-3135252.086,-4510724.393,-4221687.116,6444.890274,-814.791057,-3915.746791
3720.0,-2742076.300,-4549716.839,-4447491.039,6656.405004,-489.024029,-3603.705866
3780.0,-2337061.043,-4569103.151,-4654086.846,6839.207230,-161.166447,-3276.101019
3840.0,-1921953.379,-4568800.798,-4840582.276,6992.507605,167.368886,-2934.347132
3900.0,-1498543.957,-4548812.086,-5006171.881,7115.644043,495.166321,-2579.920193
3960.0,-1068659.285,-4509224.150,-5150140.502,7208.084578,820.813460,-2214.350926
4020.0,-634153.850,-4450208.568,-5271866.357,7269.429660,1142.907244,-1839.218173
4080.0,-196902.119,-4372020.622,-5370823.729,7299.413886,1460.059994,-1456.142085
4140.0,241209.547,-4274998.190,-5446585.235,7297.907146,1770.905394,-1066.777114
4200.0,678291.033,-4159560.291,-5498823.669,7264.915187,2074.104376,-672.804876
4260.0,1112456.622,-4026205.270,-5527313.423,7200.579593,2368.350886,-275.926885
4320.0,1541833.132,-3875508.650,-5531931.452,7105.177176,2652.377513,122.142798
4380.0,1964568.000,-3708120.645,-5512657.812,6979.118787,2924.960946,519.684963
4440.0,2378837.270,-3524763.359,-5469575.742,6822.947544,3184.927244,914.982678
4500.0,2782853.466,-3326227.667,-5402871.309,6637.336494,3431.156892,1306.328706
4560.0,3174873.304,-3113369.807,-5312832.600,6423.085712,3662.589621,1692.032875
4620.0,3553205.215,-2887107.683,-5199848.480,6181.118851,3878.228973,2070.429381
4680.0,3916216.641,-2648416.911,-5064406.913,5912.479163,4077.146593,2439.883981
4740.0,4262341.083,-2398326.609,-4907092.852,5618.324998,4258.486227,2798.801050
4800.0,4590084.861,-2137914.962,-4728585.716,5299.924809,4421.467403,3145.630472
4860.0,4898033.558,-1868304.573,-4529656.453,4958.651686,4565.388794,3478.874339
4920.0,5184858.123,-1590657.625,-4311164.211,4595.977431,4689.631233,3797.093414
4980.0,5449320.611,-1306170.868,-4074052.630,4213.466211,4793.660382,4098.913353
5040.0,5690279.523,-1016070.463,-3819345.763,3812.767815,4877.029023,4383.030635
5100.0,5906694.734,-721606.698,-3548143.654,3395.610533,4939.378984,4648.218196
5160.0,6097631.982,-424048.598,-3261617.589,2963.793708,4980.442681,4893.330727
5220.0,6262266.902,-124678.453,-2961005.035,2519.179967,5000.044260,5117.309619
5280.0,6399888.587,175213.699,-2647604.298,2063.687196,4998.100353,5319.187537
5340.0,6509902.654,474335.641,-2322768.914,1599.280258,4974.620435,5498.092599
5400.0,6591833.812,771398.540,-1987901.802,1127.962524,4929.706772,5653.252137
5460.0,6645327.919,1065122.498,-1644449.209,651.767225,4863.553984,5783.996038
5520.0,6670153.508,1354242.074,-1293894.461,172.748687,4776.448195,5889.759636
5580.0,6666202.791,1637511.726,-937751.557,-307.026537,4668.765797,5970.086153
5640.0,6633492.128,1913711.187,-577558.629,-785.488580,4540.971826,6024.628670
5700.0,6572161.956,2181650.714,-214871.303,-1260.573190,4393.617951,6053.151624
5760.0,6482476.190,2440176.214,148744.023,-1730.230638,4227.340093,6055.531828
5820.0,6364821.083,2688174.220,511716.944,-2192.434559,4042.855683,6031.759004
5880.0,6219703.568,2924576.681,872479.827,-2645.190699,3840.960562,5981.935821
5940.0,6047749.069,3148365.565,1229474.588,-3086.545514,3622.525553,5906.277462
6000.0,5849698.807,3358577.240,1581159.413,-3514.594604,3388.492700,5805.110682
6060.0,5626406.605,3554306.627,1926015.423,-3927.490927,3139.871211,5678.872409
6120.0,5378835.210,3734711.094,2262553.230,-4323.452772,2877.733099,5528.107848
6180.0,5108052.136,3899014.086,2589319.374,-4700.771444,2603.208565,5353.468132
6240.0,4815225.067,4046508.466,2904902.595,-5057.818641,2317.481125,5155.707505
6300.0,4501616.816,4176559.557,3207939.932,-5393.053477,2021.782503,4935.680070
6360.0,4168579.884,4288607.877,3497122.606,-5705.029136,1717.387327,4694.336095
6420.0,3817550.625,4382171.541,3771201.678,-5992.399114,1405.607631,4432.717912
6480.0,3450043.052,4456848.340,4028993.436,-6253.923031,1087.787201,4151.955416
6540.0,3067642.303,4512317.463,4269384.512,-6488.471983,765.295783,3853.261182
6600.0,2671997.811,4548340.877,4491336.689,-6695.033419,439.523181,3537.925230
6660.0,2264816.183,4564764.354,4693891.386,-6872.715510,111.873265,3207.309454
6720.0,1847853.842,4561518.122,4876173.796,-7020.750999,-216.242078,2862.841738
6780.0,1422909.451,4538617.169,5037396.667,-7138.500514,-543.409027,2506.009794
6840.0,991816.149,4496161.172,5176863.697,-7225.455331,-868.217918,2138.354730
6900.0,556433.650,4434334.059,5293972.548,-7281.239571,-1189.269322,1761.464399
6960.0,118640.216,4353403.220,5388217.442,-7305.611826,-1505.180069,1376.966539
7020.0,-319675.445,4253718.342,5459191.348,-7298.466201,-1814.589212,986.521746
7080.0,-756622.328,4135709.904,5506587.739,-7259.832775,-2116.163886,591.816298
7140.0,-1190315.286,3999887.319,5530201.917,-7189.877478,-2408.605053,194.554874
7200.0,-1618883.168,3846836.727,5529931.896,-7088.901373,-2690.653093,-203.546805
7260.0,-2040476.888,3677218.475,5505778.841,-6957.339364,-2961.093236,-600.769394
7320.0,-2453277.405,3491764.263,5457847.066,-6795.758321,-3218.760789,-995.397340
7380.0,-2855503.573,3291273.985,5386343.583,-6604.854640,-3462.546151,-1385.726298
7440.0,-3245419.821,3076612.287,5291577.204,-6385.451238,-3691.399597,-1770.070491
7500.0,-3621343.649,2848704.831,5173957.214,-6138.494008,-3904.335793,-2146.769986
7560.0,-3981652.882,2608534.304,5033991.597,-5865.047741,-4100.438039,-2514.197871
7620.0,-4324792.674,2357136.186,4872284.846,-5566.291533,-4278.862218,-2870.767272
7680.0,-4649282.213,2095594.278,4689535.351,-5243.513706,-4438.840426,-3214.938215
7740.0,-4953721.119,1825036.038,4486532.383,-4898.106245,-4579.684282,-3545.224271
7800.0,-5236795.480,1546627.714,4264152.683,-4531.558801,-4700.787882,-3860.198979
7860.0,-5497283.526,1261569.319,4023356.680,-4145.452264,-4801.630414,-4158.502006
7920.0,-5734060.903,971089.460,3765184.340,-3741.451943,-4881.778393,-4438.845022
7980.0,-5946105.523,676440.043,3490750.674,-3321.300389,-4940.887523,-4700.017261
8040.0,-6132501.981,378890.872,3201240.924,-2886.809873,-4978.704182,-4940.890757
8100.0,-6292445.500,79724.186,2897905.445,-2439.854571,-4995.066504,-5160.425209
8160.0,-6425245.415,-219770.876,2582054.301,-1982.362483,-4989.905076,-5357.672477
8220.0,-6530328.144,-518303.822,2255051.611,-1516.307109,-4963.243228,-5531.780676
8280.0,-6607239.676,-814588.374,1918309.656,-1043.698945,-4915.196934,-5681.997858
8340.0,-6655647.525,-1107348.005,1573282.779,-566.576802,-4845.974300,-5807.675254
8400.0,-6675342.173,-1395321.443,1221461.105,-86.999014,-4755.874671,-5908.270079
8460.0,-6666237.972,-1677268.103,864364.104,392.965439,-4645.287328,-5983.347880
8520.0,-6628373.518,-1951973.430,503534.031,871.245864,-4514.689812,-6032.584404
8580.0,-6561911.491,-2218254.133,140529.262,1345.778782,-4364.645861,-6055.767006
8640.0,-6467137.951,-2474963.282,-223082.434,1814.516831,-4195.802973,-6052.795563
8700.0,-6344461.108,-2720995.246,-585730.667,2275.437607,-4008.889617,-6023.682908
8760.0,-6194409.566,-2955290.458,-945849.208,2726.552378,-3804.712087,-5968.554776
8820.0,-6017630.045,-3176839.975,-1301882.753,3165.914674,-3584.151022,-5887.649256
8880.0,-5814884.591,-3384689.825,-1652293.641,3591.628684,-3348.157613,-5781.315770
8940.0,-5587047.292,-3577945.113,-1995568.495,4001.857431,-3097.749496,-5650.013557
9000.0,-5335100.511,-3755773.877,-2330224.756,4394.830706,-2834.006367,-5494.309694
9060.0,-5060130.651,-3917410.664,-2654817.090,4768.852702,-2558.065323,-5314.876645
9120.0,-4763323.466,-4062159.831,-2967943.624,5122.309331,-2271.115965,-5112.489358
9180.0,-4445958.953,-4189398.535,-3268252.009,5453.675197,-1974.395263,-4888.021915
9240.0,-4109405.829,-4298579.414,-3554445.252,5761.520168,-1669.182231,-4642.443761
9300.0,-3755115.627,-4389232.941,-3825287.323,6044.515559,-1356.792407,-4376.815516
9360.0,-3384616.441,-4460969.446,-4079608.491,6301.439860,-1038.572187,-4092.284392
9420.0,-2999506.327,-4513480.786,-4316310.378,6531.184010,-715.893020,-3790.079242
9480.0,-2601446.416,-4546541.673,-4534370.700,6732.756185,-390.145499,-3471.505248
9540.0,-2192153.750,-4560010.639,-4732847.684,6905.286081,-62.733366,-3137.938288
9600.0,-1773393.869,-4553830.640,-4910884.134,7048.028670,264.932533,-2790.818995
9660.0,-1346973.202,-4528029.300,-5067711.134,7160.367416,591.440334,-2431.646529
9720.0,-914731.270,-4482718.786,-5202651.370,7241.816941,915.383231,-2061.972108
9780.0,-478532.751,-4418095.319,-5315122.054,7292.025121,1235.365544,-1683.392306
9840.0,-40259.440,-4334438.329,-5404637.438,7310.774606,1550.008727,-1297.542159
9900.0,398197.874,-4232109.241,-5470810.919,7297.983765,1857.957310,-906.088101
9960.0,834947.566,-4111549.918,-5513356.702,7253.707038,2157.884738,-510.720771
10020.0,1268105.329,-3973280.749,-5532091.038,7178.134707,2448.499086,-113.147706
10080.0,1695802.311,-3817898.409,-5526933.015,7071.592075,2728.548620,284.914029
10140.0,2116193.176,-3646073.276,-5497904.910,6934.538069,2996.827192,681.745258
10200.0,2527464.063,-3458546.545,-5445132.092,6767.563261,3252.179437,1075.632121
10260.0,2927840.416,-3256127.028,-5368842.479,6571.387325,3493.505742,1464.873473
10320.0,3315594.639,-3039687.667,-5269365.557,6346.855934,3719.766987,1847.788233
10380.0,3689053.551,-2810161.768,-5147130.952,6094.937114,3929.989017,2222.722644
10440.0,4046605.605,-2568538.976,-5002666.579,5816.717071,4123.266834,2588.057414
10500.0,4386707.845,-2315861.011,-4836596.360,5513.395509,4298.768498,2942.214712
10560.0,4707892.559,-2053217.174,-4649637.532,5186.280454,4455.738704,3283.664979
10620.0,5008773.620,-1781739.651,-4442597.543,4836.782617,4593.502035,3610.933538
10680.0,5288052.462,-1502598.635,-4216370.571,4466.409306,4711.465865,3922.606960
10740.0,5544523.686,-1216997.278,-3971933.661,4076.757929,4809.122911,4217.339169
10800.0,5777080.266,-926166.510,-3710342.503,3669.509102,4886.053414,4493.857256
10860.0,5984718.322,-631359.728,-3432726.874,3246.419401,4941.926943,4750.966976
10920.0,6166541.459,-333847.401,-3140285.758,2809.313785,4976.503814,4987.557909
10980.0,6321764.632,-34911.588,-2834282.169,2360.077728,4989.636117,5202.608248
11040.0,6449717.538,264159.582,-2516037.696,1900.649077,4981.268353,5395.189220
11100.0,6549847.511,562077.461,-2186926.794,1433.009704,4951.437663,5564.469094
11160.0,6621721.908,857558.438,-1848370.849,959.176948,4900.273665,5709.716774
11220.0,6665029.978,1149329.464,-1501832.038,481.194915,4827.997893,5830.304953
11280.0,6679584.207,1436133.543,-1148807.016,1.125663,4734.922836,5925.712827
11340.0,6665321.129,1716735.143,-790820.451,-478.959699,4621.450587,5995.528343
11400.0,6622301.603,1989925.518,-429418.439,-956.989944,4488.071107,6039.449978
11460.0,6550710.554,2254527.920,-66161.826,-1430.902661,4335.360105,6057.288038
11520.0,6450856.175,2509402.662,297380.531,-1898.653156,4163.976561,6048.965484
11580.0,6323168.605,2753452.030,659638.542,-2358.223273,3974.659876,6014.518261
11640.0,6168198.072,2985625.011,1019047.662,-2807.630099,3768.226682,5954.095140
11700.0,5986612.524,3204921.815,1374055.652,-3244.934524,3545.567325,5867.957082
11760.0,5779194.752,3410398.187,1723129.280,-3668.249605,3307.642019,5756.476105
11820.0,5546839.010,3601169.467,2064760.944,-4075.748711,3055.476706,5620.133681
11880.0,5290547.165,3776414.401,2397475.183,-4465.673398,2790.158637,5459.518653
11940.0,5011424.374,3935378.679,2719835.048,-4836.341008,2512.831677,5275.324697
12000.0,4710674.318,4077378.176,3030448.311,-5186.151920,2224.691379,5068.347322
12060.0,4389594.016,4201801.902,3327973.474,-5513.596458,1926.979827,4839.480435
12120.0,4049568.226,4308114.625,3611125.567,-5817.261408,1620.980285,4589.712482
12180.0,3692063.474,4395859.179,3878681.693,-6095.836113,1308.011659,4320.122177
12240.0,3318621.732,4464658.428,4129486.313,-6348.118133,989.422822,4031.873844
12300.0,2930853.764,4514216.886,4362456.236,-6573.018433,666.586790,3726.212389
12360.0,2530432.179,4544321.985,4576585.297,-6769.566088,340.894813,3404.457923
12420.0,2119084.217,4554844.989,4770948.700,-6936.912469,13.750376,3068.000060
12480.0,1698584.299,4545741.546,4944707.015,-7074.334911,-313.436849,2718.291917
12540.0,1270746.369,4517051.869,5097109.805,-7181.239835,-639.257078,2356.843836
12600.0,837416.076,4468900.564,5227498.862,-7257.165306,-962.306486,1985.216863
12660.0,400462.804,4401496.086,5335311.053,-7301.783036,-1281.193259,1605.016004
12720.0,-38228.385,4315129.838,5420080.752,-7314.899798,-1594.543591,1217.883297
12780.0,-476764.891,4210174.910,5481441.850,-7296.458267,-1901.007597,825.490716
12840.0,-913254.735,4087084.469,5519129.336,-7246.537266,-2199.265135,429.532951
12900.0,-1345814.722,3946389.798,5532980.443,-7165.351435,-2488.031489,31.720090
12960.0,-1772578.570,3788698.011,5522935.351,-7053.250302,-2766.062903,-366.229765
13020.0,-2191704.959,3614689.423,5489037.442,-6910.716781,-3032.161938,-762.597923
13080.0,-2601385.475,3425114.625,5431433.117,-6738.365095,-3285.182630,-1155.672522
13140.0,-2999852.416,3220791.238,5350371.162,-6536.938121,-3524.035426,-1543.755928
13200.0,-3385386.417,3002600.393,5246201.672,-6307.304197,-3747.691871,-1925.172058
13260.0,-3756323.867,2771482.926,5119374.541,-6050.453371,-3955.189043,-2298.273629
13320.0,-4111064.093,2528435.324,4970437.518,-5767.493140,-4145.633695,-2661.449265
13380.0,-4448076.263,2274505.431,4800033.844,-5459.643667,-4318.206099,-3013.130458
13440.0,-4765905.992,2010787.923,4608899.467,-5128.232525,-4472.163577,-3351.798346
13500.0,-5063181.623,1738419.596,4397859.872,-4774.688969,-4606.843697,-3675.990266
13560.0,-5338620.140,1458574.464,4167826.511,-4400.537775,-4721.667121,-3984.306078
13620.0,-5591032.711,1172458.696,3919792.867,-4007.392660,-4816.140100,-4275.414207
13680.0,-5819329.818,881305.419,3654830.163,-3596.949326,-4889.856594,-4548.057396
13740.0,-6022525.956,586369.403,3374082.738,-3170.978142,-4942.500020,-4801.058135
13800.0,-6199743.891,288921.657,3078763.104,-2731.316513,-4973.844608,-5033.323749
13860.0,-6350218.449,-9756.057,2770146.704,-2279.860950,-4983.756374,-5243.851113
13920.0,-6473299.813,-308376.738,2449566.413,-1818.558890,-4972.193689,-5431.730988
13980.0,-6568456.336,-605653.697,2118406.773,-1349.400297,-4939.207454,-5596.151946
14040.0,-6635276.833,-900306.099,1778098.019,-874.409078,-4884.940879,-5736.403875
14100.0,-6673472.362,-1191064.484,1430109.898,-395.634349,-4809.628856,-5851.881046
14160.0,-6682877.468,-1476676.232,1075945.324,84.858402,-4713.596948,-5942.084728
14220.0,-6663450.905,-1755910.964,717133.887,564.996226,-4597.259977,-6006.625343
14280.0,-6615275.813,-2027565.839,355225.245,1042.707659,-4461.120235,-6045.224150
14340.0,-6538559.365,-2290470.736,-8217.567,1515.931656,-4305.765315,-6057.714446
14400.0,-6433631.873,-2543493.298,-371624.888,1982.626483,-4131.865574,-6044.042286
14460.0,-6300945.369,-2785543.801,-733427.212,2440.778529,-3940.171239,-6004.266718
14520.0,-6141071.657,-3015579.855,-1092061.962,2888.410990,-3731.509174,-5938.559529
14580.0,-5954699.846,-3232610.891,-1445980.242,3323.592403,-3506.779311,-5847.204498
14640.0,-5742633.383,-3435702.422,-1793653.529,3744.444976,-3266.950769,-5730.596176
14700.0,-5505786.589,-3623980.074,-2133580.266,4149.152694,-3013.057675,-5589.238178
14760.0,-5245180.714,-3796633.345,-2464292.357,4535.969150,-2746.194705,-5423.741011
14820.0,-4961939.537,-3952919.094,-2784361.499,4903.225089,-2467.512363,-5234.819434
14880.0,-4657284.518,-4092164.746,-3092405.359,5249.335603,-2178.212024,-5023.289376
14940.0,-4332529.533,-4213771.177,-3387093.534,5572.806978,-1879.540751,-4790.064404
15000.0,-3989075.203,-4317215.299,-3667153.307,5872.243136,-1572.785923,-4536.151787
15060.0,-3628402.858,-4402052.307,-3931375.138,6146.351661,-1259.269684,-4262.648140
15120.0,-3252068.147,-4467917.593,-4178617.887,6393.949379,-940.343244,-3970.734688
15180.0,-2861694.325,-4514528.310,-4407813.746,6613.967465,-617.381057,-3661.672165
15240.0,-2458965.255,-4541684.592,-4617972.849,6805.456054,-291.774896,-3336.795372
15300.0,-2045618.144,-4549270.404,-4808187.547,6967.588344,35.072142,-2997.507408
15360.0,-1623436.047,-4537254.045,-4977636.329,7099.664167,361.751686,-2645.273611
15420.0,-1194240.179,-4505688.274,-5125587.368,7201.113011,686.856156,-2281.615233
15480.0,-759882.056,-4454710.083,-5251401.683,7271.496484,1008.984831,-1908.102865
15540.0,-322235.509,-4384540.099,-5354535.899,7310.510209,1326.749880,-1526.349657
15600.0,116811.400,-4295481.633,-5434544.593,7317.985143,1638.782348,-1138.004350
15660.0,555364.525,-4187919.365,-5491082.218,7293.888305,1943.738044,-744.744154
15720.0,991531.805,-4062317.685,-5523904.597,7238.322922,2240.303341,-348.267509
15780.0,1423431.428,-3919218.688,-5532869.973,7151.527991,2527.200828,49.713257
15840.0,1849199.952,-3759239.831,-5517939.626,7033.877247,2803.194816,447.479319
15900.0,2267000.342,-3583071.274,-5479178.039,6885.877555,3067.096657,843.312777
15960.0,2675029.897,-3391472.899,-5416752.617,6708.166726,3317.769867,1235.504080
16020.0,3071528.029,-3185271.032,-5330932.968,6501.510769,3554.135016,1622.359407
16080.0,3454783.859,-2965354.882,-5222089.735,6266.800590,3775.174381,2002.207982
16140.0,3823143.600,-2732672.703,-5090692.998,6005.048148,3979.936323,2373.409289
16200.0,4175017.693,-2488227.711,-4937310.240,5717.382095,4167.539387,2734.360160
16260.0,4508887.666,-2233073.750,-4762603.903,5405.042908,4337.176097,3083.501696
16320.0,4823312.686,-1968310.755,-4567328.519,5069.377542,4488.116428,3419.326003
16380.0,5116935.779,-1695080.012,-4352327.456,4711.833616,4619.710953,3740.382699
16440.0,5388489.686,-1414559.229,-4118529.274,4333.953175,4731.393631,4045.285185
16500.0,5636802.331,-1127957.471,-3866943.718,3937.366040,4822.684246,4332.716627
16560.0,5860801.880,-836509.942,-3598657.351,3523.782772,4893.190472,4601.435647
16620.0,6059521.370,-541472.663,-3314828.866,3094.987302,4942.609556,4850.281685
16680.0,6232102.881,-244117.058,-3016684.080,2652.829228,4970.729619,5078.180007
16740.0,6377801.238,54275.521,-2705510.640,2199.215845,4977.430567,5284.146351
16800.0,6495987.235,352419.321,-2382652.464,1736.103913,4962.684599,5467.291177
16860.0,6586150.344,649029.723,-2049503.931,1265.491215,4926.556329,5626.823506
16920.0,6647900.927,942828.782,-1707503.865,789.407944,4869.202495,5762.054339
16980.0,6680971.916,1232550.728,-1358129.320,309.907938,4790.871284,5872.399633
17040.0,6685219.971,1516947.425,-1002889.196,-170.940173,4691.901258,5957.382822
17100.0,6660626.098,1794793.741,-643317.729,-651.061898,4572.719888,6016.636874
17160.0,6607295.736,2064892.834,-280967.859,-1128.385829,4433.841712,6049.905878
17220.0,6525458.303,2326081.299,82595.474,-1600.852584,4275.866107,6057.046152
17280.0,6415466.214,2577234.185,445802.088,-2066.423686,4099.474708,6038.026856
17340.0,6277793.356,2817269.838,807083.343,-2523.090361,3905.428466,5992.930132
17400.0,6113033.054,3045154.560,1164878.913,-2968.882207,3694.564361,5921.950748
17460.0,5921895.506,3259907.059,1517643.527,-3401.875691,3467.791799,5825.395254
17520.0,5705204.729,3460602.677,1863853.643,-3820.202454,3226.088683,5703.680659
17580.0,5463895.003,3646377.370,2202014.025,-4222.057370,2970.497199,5557.332633
17640.0,5199006.842,3816431.427,2530664.203,-4605.706334,2702.119325,5386.983234
17700.0,4911682.511,3970032.913,2848384.783,-4969.493750,2422.112072,5193.368177
17760.0,4603161.094,4106520.822,3153803.572,-5311.849670,2131.682507,4977.323660
17820.0,4274773.159,4225307.917,3445601.506,-5631.296573,1832.082539,4739.782751
17880.0,3927935.012,4325883.259,3722518.350,-5926.455740,1524.603530,4481.771356
17940.0,3564142.591,4407814.406,3983358.136,-6196.053205,1210.570724,4204.403792
18000.0,3184965.017,4470749.270,4226994.334,-6438.925255,891.337538,3908.877972
18060.0,2792037.822,4514417.629,4452374.710,-6654.023449,568.279728,3596.470233
18120.0,2387055.895,4538632.293,4658525.878,-6840.419148,242.789462,3268.529822
18180.0,1971766.174,4543289.898,4844557.498,-6997.307524,-83.730684,2926.473070
18240.0,1547960.106,4528371.355,5009666.124,-7124.011033,-409.873764,2571.777273
18300.0,1117465.923,4493941.922,5153138.675,-7219.982342,-734.234528,2205.974315
18360.0,682140.754,4440150.923,5274355.512,-7284.806694,-1055.415477,1830.644051
18420.0,243862.612,4367231.098,5372793.115,-7318.203700,-1372.032883,1447.407480
18480.0,-195477.706,4275497.596,5448026.346,-7320.028552,-1682.722748,1057.919751
18540.0,-633984.778,4165346.614,5499730.282,-7290.272649,-1986.146686,663.863008
18600.0,-1069766.730,4037253.686,5527681.622,-7229.063640,-2280.997683,266.939131
18660.0,-1500943.407,3891771.627,5531759.646,-7136.664877,-2566.005729,-131.137621
18720.0,-1925654.473,3729528.152,5511946.743,-7013.474277,-2839.943290,-528.648007
18780.0,-2342067.448,3551223.165,5468328.483,-6860.022615,-3101.630591,-923.875234
18840.0,-2748385.609,3357625.738,5401093.245,-6676.971230,-3349.940701,-1315.112367
18900.0,-3142855.743,3149570.796,5310531.411,-6465.109182,-3583.804384,-1700.669707
18960.0,-3523775.715,2927955.519,5197034.105,-6225.349845,-3802.214702,-2078.882082
19020.0,-3889501.807,2693735.465,5061091.505,-5958.726973,-4004.231355,-2448.116045
19080.0,-4238455.818,2447920.459,4903290.731,-5666.390239,-4188.984722,-2806.776923
19140.0,-4569131.867,2191570.233,4724313.303,-5349.600284,-4355.679613,-3153.315708
19200.0,-4880102.898,1925789.861,4524932.199,-5009.723273,-4503.598683,-3486.235746
19260.0,-5170026.834,1651724.990,4306008.521,-4648.225008,-4632.105525,-3804.099200
19320.0,-5437652.371,1370556.910,4068487.770,-4266.664608,-4740.647405,-4105.533260
19380.0,-5681824.380,1083497.456,3813395.767,-3866.687777,-4828.757643,-4389.236073
19440.0,-5901488.888,791783.785,3541834.219,-3450.019717,-4896.057613,-4653.982364
19500.0,-6095697.634,496673.048,3254975.964,-3018.457675,-4942.258377,-4898.628731
19560.0,-6263612.158,199436.970,2954059.906,-2573.863202,-4967.161920,-5122.118577
19620.0,-6404507.420,-98643.632,2640385.659,-2118.154113,-4970.662003,-5323.486681
19680.0,-6517774.937,-396284.363,2315307.941,-1653.296222,-4952.744613,-5501.863361
19740.0,-6602925.404,-692202.791,1980230.718,-1181.294858,-4913.488020,-5656.478231
19800.0,-6659590.810,-985123.967,1636601.145,-704.186215,-4853.062435,-5786.663531
19860.0,-6687526.029,-1273785.920,1285903.312,-224.028568,-4771.729271,-5891.857008
19920.0,-6686609.883,-1556945.095,929651.834,257.106606,-4669.840016,-5971.604346
19980.0,-6656845.662,-1833381.709,569385.315,737.143566,-4547.834708,-6025.561126
20040.0,-6598361.116,-2101905.004,206659.698,1214.011258,-4406.240038,-6053.494316
20100.0,-6511407.907,-2361358.381,-156958.456,1685.652259,-4245.667078,-6055.283277
20160.0,-6396360.526,-2610624.376,-519898.726,2150.031645,-4066.808640,-6030.920282
20220.0,-6253714.677,-2848629.476,-880593.624,2605.145774,-3870.436290,-5980.510552
20280.0,-6084085.148,-3074348.743,-1237485.356,3049.030932,-3657.397015,-5904.271800
20340.0,-5888203.153,-3286810.226,-1589032.555,3479.771806,-3428.609577,-5802.533291
20400.0,-5666913.186,-3485099.145,-1933716.936,3895.509746,-3185.060544,-5675.734419
20460.0,-5421169.377,-3668361.834,-2270049.853,4294.450788,-2927.800038,-5524.422812
20520.0,-5152031.382,-3835809.411,-2596578.729,4674.873394,-2657.937210,-5349.251965
20580.0,-4860659.807,-3986721.180,-2911893.330,5035.135879,-2376.635454,-5150.978416
20640.0,-4548311.211,-4120447.725,-3214631.855,5373.683500,-2085.107392,-4930.458483
20700.0,-4216332.681,-4236413.712,-3503486.816,5689.055160,-1784.609650,-4688.644562
20760.0,-3866156.026,-4334120.360,-3777210.688,5979.889720,-1476.437438,-4426.581014
20820.0,-3499291.598,-4413147.586,-4034621.294,6244.931868,-1161.918968,-4145.399657
20880.0,-3117321.781,-4473155.815,-4274606.913,6483.037542,-842.409730,-3846.314875
20940.0,-2721894.166,-4513887.435,-4496131.078,6693.178863,-519.286653,-3530.618376
21000.0,-2314714.440,-4535167.904,-4698237.056,6874.448579,-193.942164,-3199.673610
21060.0,-1897539.034,-4536906.500,-4880051.979,7026.063976,132.221806,-2854.909883
21120.0,-1472167.542,-4519096.704,-5040790.613,7147.370260,457.799865,-2497.816184
21180.0,-1040434.960,-4481816.227,-5179758.748,7237.843387,781.389215,-2129.934751
21240.0,-604203.770,-4425226.670,-5296356.201,7297.092322,1101.595699,-1752.854417
21300.0,-165355.905,-4349572.824,-5390079.403,7324.860734,1417.039803,-1368.203739
21360.0,274215.370,-4255181.607,-5460523.575,7321.028102,1726.362603,-977.643974
21420.0,712613.626,-4142460.660,-5507384.479,7285.610239,2028.231618,-582.861895
21480.0,1147947.451,-4011896.576,-5530459.728,7218.759229,2321.346548,-185.562514
21540.0,1578338.610,-3864052.809,-5529649.664,7120.762768,2604.444878,212.538287
21600.0,2001930.151,-3699567.236,-5504957.786,6992.042933,2876.307315,609.721163
21660.0,2416894.414,-3519149.408,-5456490.734,6833.154359,3135.763038,1004.270736
21720.0,2821440.918,-3323577.486,-5384457.831,6644.781853,3381.694744,1394.482998
21780.0,3213824.087,-3113694.890,-5289170.177,6427.737438,3613.043452,1778.672675
21840.0,3592350.780,-2890406.657,-5171039.307,6182.956857,3828.813073,2155.180503
21900.0,3955387.602,-2654675.540,-5030575.413,5911.495536,4028.074689,2522.380396
21960.0,4301367.946,-2407517.856,-4868385.139,5614.524035,4209.970561,2878.686467
22020.0,4628798.756,-2149999.107,-4685168.963,5293.322999,4373.717813,3222.559878
22080.0,4936266.972,-1883229.383,-4481718.171,4949.277635,4518.611807,3552.515485
22140.0,5222445.626,-1608358.580,-4258911.440,4583.871742,4644.029174,3867.128254
22200.0,5486099.570,-1326571.441,-4017711.042,4198.681305,4749.430493,4165.039416
22260.0,5726090.805,-1039082.451,-3759158.689,3795.367706,4834.362615,4444.962331
22320.0,5941383.395,-747130.600,-3484371.035,3375.670551,4898.460610,4705.688051
22380.0,6131047.940,-451974.049,-3194534.850,2941.400169,4941.449332,4946.090536
22440.0,6294265.584,-154884.702,-2890901.897,2494.429806,4963.144605,5165.131519
22500.0,6430331.553,142857.272,-2574783.528,2036.687542,4963.454008,5361.864993
22560.0,6538658.197,439968.955,-2247545.014,1570.147973,4942.377271,5535.441292
22620.0,6618777.532,735170.210,-1910599.654,1096.823694,4900.006269,5685.110763
22680.0,6670343.254,1027189.194,-1565402.672,618.756620,4836.524626,5810.227004
22740.0,6693132.244,1314767.839,-1213444.925,138.009171,4752.206913,5910.249654
22800.0,6687045.528,1596667.273,-856246.473,-343.344619,4647.417466,5984.746729
22860.0,6652108.708,1871673.154,-495350.007,-823.228054,4522.608810,6033.396487
22920.0,6588471.858,2138600.904,-132314.191,-1299.570736,4378.319703,6055.988815
22980.0,6496408.872,2396300.810,231293.073,-1770.317492,4215.172813,6052.426140
23040.0,6376316.294,2643662.975,593901.412,-2233.437249,4033.872028,6022.723849
23100.0,6228711.602,2879622.101,953944.771,-2686.931791,3835.199421,5967.010222
23160.0,6054230.983,3103162.075,1309868.171,-3128.844381,3620.011879,5885.525879
23220.0,5853626.591,3313320.345,1660134.426,-3557.268209,3389.237400,5778.622740
23280.0,5627763.301,3509192.065,2003230.783,-3970.354614,3143.871099,5646.762505
23340.0,5377614.984,3689933.989,2337675.455,-4366.321065,2884.970911,5490.514661
23400.0,5104260.305,3854768.104,2662024.021,-4743.458850,2613.653033,5310.554021
23460.0,4808878.076,4002984.979,2974875.662,-5100.140451,2331.087109,5107.657811
23520.0,4492742.165,4133946.813,3274879.215,-5434.826568,2038.491192,4882.702313
23580.0,4157216.012,4247090.188,3560739.004,-5746.072763,1737.126489,4636.659078
23640.0,3803746.740,4341928.486,3831220.439,-6032.535689,1428.291926,4370.590736
23700.0,3433858.918,4418053.984,4085155.348,-6292.978893,1113.318550,4085.646399
23760.0,3049147.985,4475139.609,4321447.019,-6526.278153,793.563794,3783.056703
23820.0,2651273.368,4512940.340,4539074.940,-6731.426325,470.405622,3464.128494
23880.0,2241951.323,4531294.260,4737099.206,-6907.537699,145.236597,3130.239178
23940.0,1822947.534,4530123.253,4914664.576,-7053.851815,-180.542126,2782.830780
24000.0,1396069.494,4509433.332,5071004.170,-7169.736754,-505.526834,2423.403709
24060.0,963158.709,4469314.610,5205442.777,-7254.691862,-828.317302,2053.510283
24120.0,526082.756,4409940.912,5317399.776,-7308.349913,-1147.522833,1674.748021
24180.0,86727.222,4331569.015,5406391.639,-7330.478702,-1461.768242,1288.752748
24240.0,-353012.427,4234537.540,5472034.022,-7320.982043,-1769.699788,897.191524
24300.0,-791239.026,4119265.493,5514043.425,-7279.900190,-2069.990997,501.755451
24360.0,-1226061.894,3986250.450,5532238.414,-7207.409669,-2361.348384,104.152363
24420.0,-1655604.992,3836066.412,5526540.408,-7103.822514,-2642.517021,-293.900544
24480.0,-2078015.017,3669361.326,5496974.016,-6969.584928,-2912.285941,-690.684135
24540.0,-2491469.399,3486854.293,5443666.932,-6805.275360,-3169.493357,-1084.484754
24600.0,-2894184.162,3289332.464,5366849.380,-6611.602012,-3413.031661,-1473.601628
24660.0,-3284421.626,3077647.643,5266853.127,-6389.399787,-3641.852199,-1856.354215
24720.0,-3660497.902,2852712.618,5144110.041,-6139.626688,-3854.969780,-2231.089457
24780.0,-4020790.159,2615497.221,4999150.236,-5863.359692,-4051.466924,-2596.188924
24840.0,-4363743.625,2367024.149,4832599.771,-5561.790101,-4230.497807,-2950.075799
24900.0,-4687878.300,2108364.554,4645177.956,-5236.218409,-4391.291905,-3291.221692
24960.0,-4991795.338,1840633.425,4437694.242,-4888.048690,-4533.157307,-3618.153241
25020.0,-5274183.090,1564984.784,4211044.722,-4518.782548,-4655.483696,-3929.458472
25080.0,-5533822.759,1282606.706,3966208.264,-4130.012635,-4757.744973,-4223.792899
25140.0,-5769593.664,994716.207,3704242.286,-3723.415785,-4839.501518,-4499.885331
25200.0,-5980478.074,702553.989,3426278.183,-3300.745783,-4900.402081,-4756.543363
25260.0,-6165565.607,407379.102,3133516.444,-2863.825795,-4940.185294,-4992.658522
25320.0,-6324057.153,110463.512,2827221.468,-2414.540511,-4958.680786,-5207.211060
25380.0,-6455268.329,-186913.378,2508716.102,-1954.828009,-4955.809921,-5399.274352
25440.0,-6558632.432,-483470.240,2179375.928,-1486.671397,-4931.586124,-5568.018902
25500.0,-6633702.889,-777929.343,1840623.322,-1012.090259,-4886.114825,-5712.715927
25560.0,-6680155.181,-1069022.057,1493921.311,-533.131944,-4819.592997,-5832.740498
25620.0,-6697788.255,-1355494.321,1140767.255,-51.862728,-4732.308301,-5927.574246
25680.0,-6686525.383,-1636112.045,782686.378,429.641093,-4624.637848,-5996.807597
25740.0,-6646414.506,-1909666.423,421225.183,909.302165,-4497.046563,-6040.141540
25800.0,-6577628.023,-2174979.145,57944.773,1385.051038,-4350.085183,-6057.388923
25860.0,-6480462.054,-2430907.467,-305585.892,1854.835093,-4184.387875,-6048.475257
25920.0,-6355335.164,-2676349.140,-667796.773,2316.627399,-4000.669504,-6013.439037
25980.0,-6202786.557,-2910247.150,-1027123.529,2768.435458,-3799.722545,-5952.431582
26040.0,-6023473.759,-3131594.276,-1382014.277,3208.309802,-3582.413667,-5865.716374
26100.0,-5818169.777,-3339437.421,-1730936.290,3634.352406,-3349.679993,-5753.667924
26160.0,-5587759.773,-3532881.724,-2072382.622,4044.724875,-3102.525062,-5616.770154
26220.0,-5333237.242,-3711094.404,-2404878.612,4437.656380,-2842.014499,-5455.614309
26280.0,-5055699.730,-3873308.353,-2726988.254,4811.451296,-2569.271422,-5270.896397
26340.0,-4756344.103,-4018825.432,-3037320.399,5164.496524,-2285.471597,-5063.414191
26400.0,-4436461.386,-4147019.479,-3334534.766,5495.268447,-1991.838375,-4834.063780
26460.0,-4097431.189,-4257339.003,-3617347.724,5802.339509,-1689.637412,-4583.835695
26520.0,-3740715.767,-4349309.553,-3884537.843,6084.384374,-1380.171221,-4313.810640
26580.0,-3367853.702,-4422535.765,-4134951.165,6340.185647,-1064.773551,-4025.154815
26640.0,-2980453.278,-4476703.056,-4367506.187,6568.639131,-744.803643,-3719.114888
26700.0,-2580185.534,-4511578.977,-4581198.537,6768.758588,-421.640370,-3397.012602
26760.0,-2168777.062,-4527014.212,-4775105.305,6939.680003,-96.676297,-3060.239075
26820.0,-1748002.559,-4522943.213,-4948389.034,7080.665309,228.688322,-2710.248786
26880.0,-1319677.168,-4499384.486,-5100301.335,7191.105577,553.051574,-2348.553296
26940.0,-885648.650,-4456440.498,-5230186.120,7270.523645,875.015932,-1976.714720
27000.0,-447789.415,-4394297.238,-5337482.432,7318.576182,1193.194275,-1596.338979
27060.0,-7988.439,-4313223.408,-5421726.875,7335.055167,1506.215861,-1209.068863
27120.0,431856.881,-4213569.264,-5482555.607,7319.888796,1812.732236,-816.576942
27180.0,869848.913,-4095765.099,-5519705.917,7273.141788,2111.423041,-420.558334
27240.0,1304097.978,-3960319.390,-5533017.358,7195.015116,2401.001700,-22.723392
27300.0,1732730.506,-3807816.596,-5522432.440,7085.845138,2680.220963,375.209690
27360.0,2153897.111,-3638914.645,-5487996.878,6946.102150,2947.878274,771.522292
27420.0,2565780.581,-3454342.089,-5429859.394,6776.388360,3202.820957,1164.502792
27480.0,2966603.710,-3254894.963,-5348271.076,6577.435295,3443.951173,1552.453961
27540.0,3354636.971,-3041433.354,-5243584.293,6350.100644,3670.230652,1933.700290
27600.0,3728205.979,-2814877.688,-5116251.173,6095.364564,3880.685162,2306.595227
27660.0,4085698.714,-2576204.766,-4966821.652,5814.325453,4074.408704,2669.528289
27720.0,4425572.476,-2326443.546,-4795941.094,5508.195211,4250.567411,3020.932016
27780.0,4746360.547,-2066670.717,-4604347.511,5178.294020,4408.403138,3359.288743
27840.0,5046678.517,-1798006.045,-4392868.368,4826.044643,4547.236727,3683.137154
27900.0,5325230.259,-1521607.557,-4162417.017,4452.966296,4666.470926,3991.078589
27960.0,5580813.523,-1238666.544,-3913988.746,4060.668091,4765.592959,4281.783092
28020.0,5812325.128,-950402.427,-3648656.483,3650.842094,4844.176735,4553.995148
28080.0,6018765.717,-658057.503,-3367566.162,3225.256035,4901.884672,4806.539111
28140.0,6199244.079,-362891.591,-3071931.774,2785.745671,4938.469154,5038.324276
28200.0,6352980.991,-66176.601,-2763030.126,2334.206881,4953.773593,5248.349595
28260.0,6479312.582,230808.944,-2442195.322,1872.587476,4947.733093,5435.707997
28320.0,6577693.203,526785.419,-2110813.004,1402.878803,4920.374734,5599.590305
28380.0,6647697.784,820477.610,-1770314.368,927.107155,4871.817442,5739.288735
28440.0,6689023.665,1110620.207,-1422169.982,447.325026,4802.271478,5854.199947
28500.0,6701491.912,1395963.259,-1067883.434,-34.397739,4712.037526,5943.827655
28560.0,6685048.086,1675277.553,-708984.842,-515.982879,4601.505392,6007.784769
28620.0,6639762.483,1947359.915,-347024.239,-995.352679,4471.152322,6045.795068
28680.0,6565829.835,2211038.389,16435.116,-1470.438934,4321.540937,6057.694389
28740.0,6463568.469,2465177.288,379823.489,-1939.191874,4153.316812,6043.431341
28800.0,6333418.939,2708682.081,741571.455,-2399.589007,3967.205683,6003.067525
28860.0,6175942.127,2940504.112,1100116.674,-2849.643847,3764.010320,5936.777266
28920.0,5991816.829,3159645.113,1453910.636,-3287.414480,3544.607063,5844.846862
28980.0,5781836.823,3365161.503,1801425.354,-3711.011950,3309.942046,5727.673350
29040.0,5546907.451,3556168.452,2141159.957,-4118.608404,3061.027109,5585.762785
29100.0,5288041.716,3731843.690,2471647.178,-4508.444983,2798.935445,5419.728061
29160.0,5006355.914,3891431.045,2791459.687,-4878.839410,2524.796965,5230.286259
29220.0,4703064.815,4034243.701,3099216.256,-5228.193249,2239.793430,5018.255552
29280.0,4379476.433,4159667.151,3393587.725,-5554.998807,1945.153359,4784.551673
29340.0,4036986.378,4267161.845,3673302.745,-5857.845634,1642.146727,4530.183958
29400.0,3677071.839,4356265.505,3937153.264,-6135.426618,1332.079500,4256.250987
29460.0,3301285.215,4426595.119,4183999.746,-6386.543621,1016.287997,3963.935838
29520.0,2911247.413,4477848.582,4412776.095,-6610.112651,696.133137,3654.500983
29580.0,2508640.866,4509805.999,4622494.256,-6805.168546,372.994572,3329.282829
29640.0,2095202.265,4522330.625,4812248.485,-6970.869134,48.264741,2989.685950
29700.0,1672715.076,4515369.449,4981219.259,-7106.498875,-276.657129,2637.177017
29760.0,1243001.842,4488953.423,5128676.815,-7211.471946,-600.371050,2273.278472
29820.0,807916.323,4443197.320,5253984.305,-7285.334777,-921.482313,1899.561942
29880.0,369335.498,4378299.238,5356600.542,-7327.768006,-1238.607486,1517.641459
29940.0,-70848.532,4294539.739,5436082.340,-7338.587859,-1550.380383,1129.166486
30000.0,-510736.707,4192280.641,5492086.428,-7317.746951,-1855.457946,735.814794
30060.0,-948431.202,4071963.451,5524370.932,-7265.334492,-2152.526029,339.285218
30120.0,-1382043.613,3934107.461,5532796.420,-7181.575900,-2440.305064,-58.709686
30180.0,-1809703.106,3779307.506,5517326.502,-7066.831839,-2717.555567,-456.451031
30240.0,-2229564.486,3608231.396,5478027.992,-6921.596660,-2983.083479,-852.221025
30300.0,-2639816.163,3421617.038,5415070.615,-6746.496276,-3235.745308,-1244.310391
30360.0,-3038687.964,3220269.250,5328726.274,-6542.285459,-3474.453054,-1631.025747
30420.0,-3424458.775,3005056.292,5219367.880,-6309.844594,-3698.178894,-2010.696922
30480.0,-3795463.964,2776906.123,5087467.737,-6050.175875,-3905.959607,-2381.684167
30540.0,-4150102.565,2536802.396,4933595.503,-5764.398991,-4096.900721,-2742.385238
30600.0,-4486844.190,2285780.220,4758415.733,-5453.746295,-4270.180365,-3091.242315
30660.0,-4804235.628,2024921.697,4562685.004,-5119.557487,-4425.052804,-3426.748731
30720.0,-5100907.118,1755351.256,4347248.651,-4763.273843,-4560.851650,-3747.455479
30780.0,-5375578.263,1478230.810,4113037.114,-4386.431993,-4676.992729,-4051.977471
30840.0,-5627063.553,1194754.742,3861061.923,-3990.657298,-4772.976595,-4338.999515
30900.0,-5854277.483,906144.762,3592411.323,-3577.656835,-4848.390677,-4607.282003
30960.0,-6056239.239,613644.640,3308245.581,-3149.212040,-4902.911049,-4855.666259
31020.0,-6232076.932,318514.847,3009791.970,-2707.171018,-4936.303827,-5083.079544
31080.0,-6381031.358,22027.119,2698339.472,-2253.440574,-4948.426171,-5288.539690
31140.0,-6502459.283,-274541.015,2375233.208,-1789.977989,-4939.226890,-5471.159344
31200.0,-6595836.216,-569911.747,2041868.630,-1318.782574,-4908.746669,-5630.149795
31260.0,-6660758.674,-862812.487,1699685.496,-841.887046,-4857.117876,-5764.824384
31320.0,-6696945.929,-1151981.351,1350161.649,-361.348760,-4784.564000,-5874.601471
31380.0,-6704241.219,-1436172.598,994806.634,120.759167,-4691.398674,-5959.006943
31440.0,-6682612.427,-1714161.993,635155.184,602.356799,-4578.024325,-6017.676263
31500.0,-6632152.224,-1984752.084,272760.583,1081.366358,-4444.930431,-6050.356048
31560.0,-6553077.672,-2246777.358,-90812.034,1555.721183,-4292.691412,-6056.905157
31620.0,-6445729.288,-2499109.260,-453992.446,2023.374650,-4121.964151,-6037.295306
31680.0,-6310569.581,-2740661.060,-815212.126,2482.309003,-3933.485153,-5991.611186
31740.0,-6148181.055,-2970392.525,-1172911.014,2930.544055,-3728.067377,-5920.050103
31800.0,-5959263.704,-3187314.405,-1525544.256,3366.145737,-3506.596724,-5822.921117
31860.0,-5744631.990,-3390492.688,-1871588.878,3787.234443,-3270.028215,-5700.643717
31920.0,-5505211.332,-3579052.626,-2209550.359,4191.993136,-3019.381879,-5553.746002
31980.0,-5242034.119,-3752182.498,-2537969.088,4578.675195,-2755.738349,-5382.862403
32040.0,-4956235.256,-3909137.106,-2855426.669,4945.611945,-2480.234205,-5188.730945
32100.0,-4649047.271,-4049240.982,-3160552.046,5291.219865,-2194.057075,-4972.190054
32160.0,-4321794.998,-4171891.292,-3452027.423,5614.007417,-1898.440515,-4734.174941
32220.0,-3975889.865,-4276560.437,-3728593.957,5912.581485,-1594.658689,-4475.713562
32280.0,-3612823.807,-4362798.315,-3989057.194,6185.653385,-1284.020884,-4197.922178
32340.0,-3234162.827,-4430234.259,-4232292.229,6432.044433,-967.865858,-3902.000531
32400.0,-2841540.247,-4478578.634,-4457248.561,6650.691024,-647.556078,-3589.226667
32460.0,-2436649.659,-4507624.075,-4662954.635,6840.649233,-324.471846,-3260.951415
32520.0,-2021237.621,-4517246.379,-4848522.034,7001.098882,-0.005346,-2918.592552
32580.0,-1597096.124,-4507405.039,-5013149.318,7131.347086,324.445344,-2563.628680
32640.0,-1166054.857,-4478143.407,-5156125.482,7230.831242,647.482289,-2197.592839
32700.0,-729973.322,-4429588.512,-5276833.032,7299.121462,967.713709,-1822.065890
32760.0,-290732.805,-4361950.502,-5374750.649,7335.922430,1283.759984,-1438.669682
32820.0,149771.738,-4275521.738,-5449455.440,7341.074676,1594.259590,-1049.060054
32880.0,589639.855,-4170675.526,-5500624.764,7314.555274,1897.874972,-654.919676
32940.0,1026973.795,-4047864.512,-5528037.627,7256.477934,2193.298299,-257.950788
33000.0,1459886.704,-3907618.719,-5531575.639,7167.092524,2479.257102,140.132155
33060.0,1886510.753,-3750543.268,-5511223.517,7046.783988,2754.519755,537.609886
33120.0,2305005.210,-3577315.761,-5467069.162,6896.070694,3017.900774,932.765752
33180.0,2713564.373,-3388683.359,-5399303.268,6715.602195,3268.265930,1323.893128
33240.0,3110425.364,-3185459.561,-5308218.508,6506.156434,3504.537128,1709.302787
33300.0,3493875.736,-2968520.696,-5194208.265,6268.636387,3725.697053,2087.330197
33360.0,3862260.864,-2738802.143,-5057764.934,6004.066174,3930.793548,2456.342708
33420.0,4213991.080,-2497294.297,-4899477.795,5713.586639,4118.943713,2814.746605
33480.0,4547548.537,-2245038.299,-4720030.469,5398.450434,4289.337706,3160.993989
33540.0,4861493.757,-1983121.553,-4520197.966,5060.016614,4441.242233,3493.589464
33600.0,5154471.845,-1712673.030,-4300843.333,4699.744780,4574.003694,3811.096595
33660.0,5425218.336,-1434858.407,-4062913.936,4319.188779,4687.051007,4112.144111
33720.0,5672564.648,-1150875.043,-3807437.359,3919.990007,4779.898055,4395.431829
33780.0,5895443.132,-861946.816,-3535516.971,3503.870328,4852.145781,4659.736268
33840.0,6092891.678,-569318.850,-3248327.160,3072.624644,4903.483903,4903.915930
33900.0,6264057.866,-274252.148,-2947108.260,2628.113157,4933.692245,5126.916238
33960.0,6408202.650,21981.839,-2633161.195,2172.253341,4942.641681,5327.774083
34020.0,6524703.546,318106.694,-2307841.860,1707.011677,4930.294688,5505.621987
34080.0,6613057.321,612846.534,-1972555.266,1234.395162,4896.705505,5659.691848
34140.0,6672882.168,904931.504,-1628749.471,756.442656,4842.019891,5789.318261
34200.0,6703919.352,1193103.251,-1277909.325,275.216086,4766.474494,5893.941384
34260.0,6706034.335,1476120.343,-921550.061,-207.208452,4670.395829,5973.109366
34320.0,6679217.356,1752763.619,-561210.745,-688.749645,4554.198862,6026.480291
34380.0,6623583.473,2021841.440,-198447.636,-1167.329948,4418.385223,6053.823656
34440.0,6539372.074,2282194.821,165172.542,-1640.884541,4263.541038,6055.021369
34500.0,6426945.846,2532702.424,528079.362,-2107.370246,4090.334398,6030.068258
34560.0,6286789.211,2772285.389,888705.478,-2564.774332,3899.512481,5979.072092
34620.0,6119506.240,2999911.977,1245493.395,-3011.123209,3691.898323,5902.253116
34680.0,5925818.050,3214602.015,1596902.192,-3444.490936,3468.387271,5799.943100
34740.0,5706559.694,3415431.117,1941414.184,-3863.007539,3229.943125,5672.583910
34800.0,5462676.562,3601534.664,2277541.468,-4264.867070,2977.593975,5520.725590
34860.0,5195220.304,3772111.523,2603832.356,-4648.335409,2712.427774,5345.023998
34920.0,4905344.296,3926427.504,2918877.642,-5011.757743,2435.587645,5146.237965
34980.0,4594298.665,4063818.508,3221316.688,-5353.565707,2148.266954,4925.226021
35040.0,4263424.899,4183693.397,3509843.298,-5672.284154,1851.704166,4682.942687
35100.0,3914150.061,4285536.529,3783211.367,-5966.537518,1547.177503,4420.434352
35160.0,3547980.633,4368909.980,4040240.254,-6235.055758,1235.999442,4138.834754
35220.0,3166496.019,4433455.425,4279819.885,-6476.679829,919.511051,3839.360085
35280.0,2771341.733,4478895.680,4500915.549,-6690.366696,599.076214,3523.303734
35340.0,2364222.300,4505035.891,4702572.363,-6875.193828,276.075753,3192.030708
35400.0,1946893.905,4511764.370,4883919.397,-7030.363187,-48.098526,2846.971730
35460.0,1521156.817,4499053.071,5044173.440,-7155.204669,-372.049825,2489.617063
35520.0,1088847.622,4466957.708,5182642.375,-7249.178999,-694.382374,2121.510075
35580.0,651831.298,4415617.511,5298728.173,-7311.880065,-1013.707449,1744.240568
35640.0,211993.177,4345254.621,5391929.475,-7343.036667,-1328.649349,1359.437922
35700.0,-228769.196,4256173.130,5461843.757,-7342.513691,-1637.851326,968.764045
35760.0,-668554.249,4148757.766,5508169.070,-7310.312699,-1939.981431,573.906206
35820.0,-1105464.580,4023472.232,5530705.340,-7246.571922,-2233.738247,176.569744
35880.0,-1537615.151,3880857.201,5529355.236,-7151.565665,-2517.856499,-221.529300
35940.0,-1963141.417,3721527.990,5504124.588,-7025.703133,-2791.112503,-618.671588
36000.0,-2380207.372,3546171.898,5455122.366,-6869.526659,-3052.329434,-1013.141917
36060.0,-2787013.469,3355545.244,5382560.202,-6683.709378,-3300.382399,-1403.236622
36120.0,-3181804.387,3150470.106,5286751.483,-6469.052315,-3534.203275,-1787.270936
36180.0,-3562876.604,2931830.773,5168109.995,-6226.480941,-3752.785312,-2163.586266
36240.0,-3928585.747,2700569.934,5027148.133,-5957.041177,-3955.187469,-2530.557359
36300.0,-4277353.689,2457684.615,4864474.693,-5661.894886,-4140.538461,-2886.599313
36360.0,-4607675.359,2204221.877,4680792.240,-5342.314865,-4308.040513,-3230.174433
36420.0,-4918125.235,1941274.303,4476894.073,-4999.679351,-4456.972794,-3559.798863
36480.0,-5207363.498,1669975.291,4253660.802,-4635.466084,-4586.694515,-3874.048999
36540.0,-5474141.813,1391494.165,4012056.541,-4251.245927,-4696.647693,-4171.567638
36600.0,-5717308.719,1107031.139,3753124.746,-3848.676097,-4786.359541,-4451.069836
36660.0,-5935814.595,817812.139,3477983.710,-3429.493010,-4855.444512,-4711.348461
36720.0,-6128716.196,525083.527,3187821.728,-2995.504799,-4903.605949,-4951.279405
36780.0,-6295180.718,230106.722,2883891.973,-2548.583508,-4930.637358,-5169.826437
36840.0,-6434489.401,-65847.230,2567507.075,-2090.657022,-4936.423299,-5366.045683
36900.0,-6546040.626,-361503.135,2240033.458,-1623.700748,-4920.939874,-5539.089698
36960.0,-6629352.517,-655587.146,1902885.438,-1149.729091,-4884.254828,-5688.211128
37020.0,-6684065.021,-946832.249,1557519.111,-670.786770,-4826.527251,-5812.765938
37080.0,-6709941.464,-1233983.724,1205426.069,-188.939994,-4748.006890,-5912.216192
37140.0,-6706869.577,-1515804.551,848126.952,293.732455,-4649.033066,-5986.132378
37200.0,-6674861.980,-1791080.736,487164.890,775.148185,-4530.033210,-6034.195261
37260.0,-6614056.132,-2058626.544,124098.827,1253.230180,-4391.521017,-6056.197266
37320.0,-6524713.741,-2317289.604,-239503.201,1725.915762,-4234.094225,-6052.043367
37380.0,-6407219.635,-2565955.872,-602070.848,2191.165492,-4058.432042,-6021.751505
37440.0,-6262080.108,-2803554.432,-962038.231,2646.971963,-3865.292208,-5965.452507
37500.0,-6089920.738,-3029062.105,-1317850.700,3091.368469,-3655.507733,-5883.389521
37560.0,-5891483.686,-3241507.856,-1667971.549,3522.437485,-3429.983299,-5775.916964
37620.0,-5667624.503,-3439976.979,-2010888.653,3938.318945,-3189.691362,-5643.498998
37680.0,-5419308.436,-3623615.027,-2345120.998,4337.218267,-2935.667960,-5486.707517
37740.0,-5147606.271,-3791631.500,-2669225.081,4717.414094,-2669.008239,-5306.219683
37800.0,-4853689.712,-3943303.240,-2981801.139,5077.265728,-2390.861741,-5102.814998
37860.0,-4538826.326,-4077977.548,-3281499.198,5415.220203,-2102.427442,-4877.371941
37920.0,-4204374.084,-4195074.993,-3567024.903,5729.818994,-1804.948586,-4630.864168
37980.0,-3851775.497,-4294091.901,-3837145.105,6019.704307,-1499.707324,-4364.356315
38040.0,-3482551.397,-4374602.526,-4090693.193,6283.624940,-1188.019192,-4078.999393
38100.0,-3098294.377,-4436260.877,-4326574.127,6520.441687,-871.227439,-3776.025820
38160.0,-2700661.924,-4478802.208,-4543769.167,6729.132250,-550.697236,-3456.744099
38220.0,-2291369.265,-4502044.152,-4741340.279,6908.795654,-227.809797,-3122.533163
38280.0,-1872181.972,-4505887.503,-4918434.178,7058.656138,96.043576,-2774.836426
38340.0,-1444908.343,-4490316.643,-5074286.020,7178.066507,419.467485,-2415.155543
38400.0,-1011391.604,-4455399.601,-5208222.702,7266.510918,741.068451,-2045.043928
38460.0,-573501.954,-4401287.755,-5319665.769,7323.607120,1059.460919,-1666.100042
38520.0,-133128.502,-4328215.182,-5408133.914,7349.108098,1373.273221,-1279.960494
38580.0,307828.889,-4236497.638,-5473245.055,7342.903143,1681.153495,-888.292968
38640.0,747467.792,-4126531.200,-5514717.984,7305.018336,1981.775498,-492.789024
38700.0,1183891.430,-3998790.550,-5532373.587,7235.616436,2273.844328,-95.156791
38760.0,1615216.855,-3853826.930,-5526135.612,7134.996178,2556.101995,302.886412
38820.0,2039583.074,-3692265.761,-5496030.998,7003.590993,2827.332844,699.621489
38880.0,2455159.076,-3514803.946,-5442189.764,6841.967139,3086.368790,1093.334995
38940.0,2860151.736,-3322206.863,-5364844.443,6650.821256,3332.094344,1482.326533
39000.0,3252813.550,-3115305.064,-5264329.079,6430.977370,3563.451422,1864.916103
39060.0,3631450.175,-2894990.696,-5141077.785,6183.383339,3779.443898,2239.451350
39120.0,3994427.740,-2662213.648,-4995622.865,5909.106761,3979.141897,2604.314707
39180.0,4340179.898,-2417977.462,-4828592.522,5609.330379,4161.685790,2957.930379
39240.0,4667214.583,-2163335.004,-4640708.135,5285.346975,4326.289903,3298.771146
39300.0,4974120.451,-1899383.922,-4432781.152,4938.553795,4472.245895,3625.364964
39360.0,5259572.970,-1627261.922,-4205709.583,4570.446526,4598.925803,3936.301317
39420.0,5522340.136,-1348141.857,-3960474.119,4182.612844,4705.784750,4230.237313
39480.0,5761287.790,-1063226.675,-3698133.899,3776.725567,4792.363285,4505.903481
39540.0,5975384.513,-773744.237,-3419821.935,3354.535434,4858.289357,4762.109258
39600.0,6163706.083,-480942.018,-3126740.218,2917.863564,4903.279918,4997.748124
39660.0,6325439.455,-186081.741,-2820154.531,2468.593592,4927.142134,5211.802387
39720.0,6459886.281,109566.067,-2501388.975,2008.663545,4929.774214,5403.347574
39780.0,6566465.920,404727.548,-2171820.256,1540.057486,4911.165843,5571.556429
39840.0,6644717.947,698131.001,-1832871.736,1064.796951,4871.398224,5715.702480
39900.0,6694304.142,988512.360,-1486007.289,584.932229,4810.643721,5835.163178
39960.0,6715009.951,1274620.641,-1132724.977,102.533519,4729.165112,5929.422591
40020.0,6706745.416,1555223.333,-774550.577,-380.318003,4627.314456,5998.073623
40080.0,6669545.566,1829111.705,-413030.998,-861.539163,4505.531567,6040.819780
40140.0,6603570.266,2095106.013,-49727.593,-1339.053775,4364.342117,6057.476448
40200.0,6509103.531,2352060.583,313790.579,-1810.801599,4204.355370,6047.971687
40260.0,6386552.306,2598868.746,675953.532,-2274.747232,4026.261547,6012.346549
40320.0,6236444.710,2834467.599,1035197.131,-2728.888885,3830.828851,5950.754894
40380.0,6059427.760,3057842.592,1389969.854,-3171.267027,3618.900156,5863.462727
40440.0,5856264.585,3268031.886,1738739.483,-3599.972834,3391.389367,5750.847051
40500.0,5627831.134,3464130.504,2079999.730,-4013.156427,3149.277481,5613.394239
40560.0,5375112.397,3645294.220,2412276.737,-4409.034858,2893.608360,5451.697930
40620.0,5099198.164,3810743.201,2734135.445,-4785.899798,2625.484225,5266.456470
40680.0,4801278.320,3959765.356,3044185.788,-5142.124912,2346.060908,5058.469892
40740.0,4482637.715,4091719.405,3341088.702,-5476.172879,2056.542868,4828.636461
40800.0,4144650.626,4206037.639,3623561.902,-5786.602023,1758.177999,4577.948797
40860.0,3788774.823,4302228.362,3890385.425,-6072.072536,1452.252254,4307.489588
40920.0,3416545.288,4379878.003,4140406.896,-6331.352263,1140.084097,4018.426908
40980.0,3029567.593,4438652.899,4372546.505,-6563.322016,823.018828,3712.009183
41040.0,2629510.972,4478300.723,4585801.672,-6766.980408,502.422777,3389.559788
41100.0,2218101.120,4498651.574,4779251.378,-6941.448177,179.677424,3052.471339
41160.0,1797112.756,4499618.698,4952060.138,-7085.971978,-143.826559,2702.199676
41220.0,1368361.957,4481198.863,5103481.615,-7199.927640,-466.695298,2340.257576
41280.0,933698.333,4443472.366,5232861.841,-7282.822859,-787.537724,1968.208217
41340.0,494997.042,4386602.686,5339642.038,-7334.299325,-1104.971564,1587.658432
41400.0,54150.704,4310835.770,5423361.039,-7354.134274,-1417.629300,1200.251762
41460.0,-386938.768,4216498.977,5483657.271,-7342.241447,-1724.164057,807.661367
41520.0,-826368.368,4103999.655,5520270.323,-7298.671469,-2023.255407,411.582790
41580.0,-1262242.213,3973823.392,5533042.069,-7223.611631,-2313.615055,13.726643
41640.0,-1692679.718,3826531.910,5521917.349,-7117.385089,-2593.992389,-384.188788
41700.0,-2115823.712,3662760.647,5486944.209,-6980.449466,-2863.179869,-780.444959
41760.0,-2529848.451,3483216.016,5428273.693,-6813.394887,-3120.018223,-1173.330494
41820.0,-2932967.494,3288672.355,5346159.192,-6616.941432,-3363.401444,-1561.148571
41880.0,-3323441.414,3079968.588,5240955.348,-6391.936034,-3592.281547,-1942.224257
41940.0,-3699585.300,2858004.609,5113116.520,-6139.348828,-3805.673089,-2314.911737
42000.0,-4059776.032,2623737.401,4963194.829,-5860.268965,-4002.657406,-2677.601424
42060.0,-4402459.279,2378176.910,4791837.766,-5555.899921,-4182.386569,-3028.726910
42120.0,-4726156.212,2122381.690,4599785.398,-5227.554301,-4344.087036,-3366.771731
42180.0,-5029469.884,1857454.342,4387867.175,-4876.648185,-4487.062979,-3690.275917
42240.0,-5311091.256,1584536.759,4156998.342,-4504.695013,-4610.699280,-3997.842297
42300.0,-5569804.851,1304805.206,3908175.992,-4113.299066,-4714.464175,-4288.142532
42360.0,-5804493.997,1019465.249,3642474.754,-3704.148540,-4797.911544,-4559.922856
42420.0,-6014145.648,729746.560,3361042.157,-3279.008268,-4860.682827,-4812.009484
42480.0,-6197854.755,436897.618,3065093.669,-2839.712106,-4902.508564,-5043.313690
42540.0,-6354828.176,142180.329,2755907.454,-2388.155021,-4923.209556,-5252.836501
42600.0,-6484388.100,-153135.413,2434818.844,-1926.284923,-4922.697626,-5439.673016
42660.0,-6585974.970,-447777.196,2103214.579,-1456.094253,-4900.976001,-5603.016313
42720.0,-6659149.905,-740475.573,1762526.812,-979.611396,-4858.139289,-5742.160935
42780.0,-6703596.591,-1029969.532,1414226.928,-498.891926,-4794.373069,-5856.505935
42840.0,-6719122.652,-1315011.928,1059819.188,-16.009740,-4709.953087,-5945.557472
42900.0,-6705660.481,-1594374.855,700834.232,466.951890,-4605.244063,-6008.930944
42960.0,-6663267.537,-1866854.938,338822.466,947.909303,-4480.698118,-6046.352650
43020.0,-6592126.094,-2131278.513,-24652.628,1424.787444,-4336.852816,-6057.660971
43080.0,-6492542.463,-2386506.687,-388021.251,1895.528807,-4174.328848,-6042.807067
43140.0,-6364945.671,-2631440.238,-749714.063,2358.102323,-3993.827356,-6001.855091
43200.0,-6209885.611,-2865024.353,-1108168.959,2810.512115,-3796.126901,-5934.981908
43260.0,-6028030.677,-3086253.170,-1461837.823,3250.806115,-3582.080112,-5842.476334
43320.0,-5820164.877,-3294174.106,-1809193.206,3677.084483,-3352.610003,-5724.737890
43380.0,-5587184.456,-3487891.965,-2148734.926,4087.507808,-3108.705999,-5582.275072
43440.0,-5330094.033,-3666572.787,-2478996.548,4480.305042,-2851.419663,-5415.703156
43500.0,-5050002.267,-3829447.439,-2798551.717,4853.781145,-2581.860169,-5225.741546
43560.0,-4748117.074,-3975814.927,-3106020.317,5206.324399,-2301.189513,-5013.210659
43620.0,-4425740.425,-4105045.413,-3400074.431,5536.413363,-2010.617512,-4779.028389
43680.0,-4084262.722,-4216582.925,-3679444.081,5842.623436,-1711.396583,-4524.206136
43740.0,-3725156.808,-4309947.747,-3942922.706,6123.633012,-1404.816346,-4249.844445
43800.0,-3349971.610,-4384738.486,-4189372.377,6378.229180,-1092.198070,-3957.128246
43860.0,-2960325.462,-4440633.794,-4417728.711,6605.312956,-774.888972,-3647.321741
43920.0,-2557899.120,-4477393.749,-4627005.467,6803.904034,-454.256417,-3321.762943
43980.0,-2144428.516,-4494860.890,-4816298.808,6973.145013,-131.682023,-2981.857897
44040.0,-1721697.267,-4492960.882,-4984791.201,7112.305100,191.444291,-2629.074607
44100.0,-1291528.983,-4471702.842,-5131754.950,7220.783267,513.730298,-2264.936696
44160.0,-855779.398,-4431179.288,-5256555.339,7298.110843,833.787455,-1891.016828
44220.0,-416328.365,-4371565.743,-5358653.370,7343.953544,1150.236891,-1508.929912
44280.0,24928.252,-4293119.968,-5437608.097,7358.112914,1461.715344,-1120.326131
44340.0,466086.758,-4196180.853,-5493078.524,7340.527187,1766.881035,-726.883811
44400.0,905243.842,-4081166.951,-5524825.082,7291.271552,2064.419449,-330.302178
44460.0,1340504.787,-3948574.670,-5532710.663,7210.557839,2353.048998,67.705986
44520.0,1769991.644,-3798976.131,-5516701.209,7098.733601,2631.526536,465.421737
44580.0,2191851.335,-3633016.699,-5476865.863,6956.280620,2898.652720,861.127394
44640.0,2604263.650,-3451412.201,-5413376.668,6783.812831,3153.277171,1253.113958
44700.0,3005449.096,-3254945.836,-5326507.827,6582.073679,3394.303431,1639.688490
44760.0,3393676.583,-3044464.797,-5216634.513,6351.932910,3620.693679,2019.181428
44820.0,3767270.886,-2820876.622,-5084231.254,6094.382821,3831.473208,2389.953792
44880.0,4124619.877,-2585145.275,-4929869.884,5810.533988,4025.734614,2750.404267
44940.0,4464181.482,-2338286.994,-4754217.067,5501.610470,4202.641708,3098.976115
45000.0,4784490.336,-2081365.908,-4558031.425,5168.944533,4361.433109,3434.163901
45060.0,5084164.104,-1815489.453,-4342160.257,4813.970905,4501.425528,3754.519994
45120.0,5361909.450,-1541803.595,-4107535.882,4438.220589,4622.016703,4058.660819
45180.0,5616527.615,-1261487.891,-3855171.610,4043.314257,4722.687992,4345.272833
45240.0,5846919.595,-975750.407,-3586157.370,3630.955262,4803.006603,4613.118197
45300.0,6052090.882,-685822.512,-3301654.998,3202.922291,4862.627455,4861.040123
45360.0,6231155.758,-392953.569,-3002893.221,2761.061691,4901.294661,5087.967869
45420.0,6383341.119,-98405.554,-2691162.351,2307.279505,4918.842624,5292.921364
45480.0,6507989.809,196552.386,-2367808.713,1843.533253,4915.196750,5475.015443
45540.0,6604563.464,490649.394,-2034228.826,1371.823483,4890.373760,5633.463665
45600.0,6672644.832,782618.388,-1691863.378,894.185145,4844.481618,5767.581714
45660.0,6711939.580,1071201.513,-1342190.999,412.678808,4777.719060,5876.790351
45720.0,6722277.562,1355155.563,-986721.878,-70.618224,4690.374732,5960.617920
45780.0,6703613.560,1633257.335,-626991.237,-553.620880,4582.825944,6018.702380
45840.0,6656027.476,1904308.901,-264552.705,-1034.245312,4455.537038,6050.792872
45900.0,6579723.999,2167142.765,99028.394,-1510.417891,4309.057386,6056.750802
45960.0,6475031.715,2420626.893,462181.803,-1980.084146,4144.019017,6036.550439
46020.0,6342401.699,2663669.591,823339.111,-2441.217639,3961.133890,5990.279024
46080.0,6182405.566,2895224.202,1180940.528,-2891.828695,3761.190823,5918.136399
46140.0,5995733.013,3114293.616,1533441.621,-3329.973001,3545.052090,5820.434137
46200.0,5783188.841,3319934.565,1879319.986,-3753.759982,3313.649704,5697.594201
46260.0,5545689.489,3511261.681,2217081.820,-4161.360971,3067.981397,5550.147120
46320.0,5284259.079,3687451.311,2545268.375,-4551.017090,2809.106318,5378.729700
46380.0,5000025.005,3847745.062,2862462.257,-4921.046846,2538.140467,5184.082267
46440.0,4694213.064,3991453.064,3167293.550,-5269.853384,2256.251883,4967.045479
46500.0,4368142.178,4117956.940,3458445.727,-5595.931380,1964.655611,4728.556689
46560.0,4023218.696,4226712.468,3734661.340,-5897.873537,1664.608463,4469.645897
46620.0,3660930.339,4317251.919,3994747.453,-6174.376659,1357.403602,4191.431304
46680.0,3282839.774,4389186.072,4237580.788,-6424.247273,1044.364967,3895.114482
46740.0,2890577.879,4442205.886,4462112.580,-6646.406785,726.841570,3581.975184
46800.0,2485836.708,4476083.827,4667373.107,-6839.896133,406.201680,3253.365815
46860.0,2070362.188,4490674.846,4852475.876,-7003.879926,83.826928,2910.705597
46920.0,1645946.594,4485916.996,5016621.453,-7137.650054,-238.893644,2555.474431
46980.0,1214420.812,4461831.700,5159100.916,-7240.628745,-560.569575,2189.206515
47040.0,777646.442,4418523.654,5279298.914,-7312.371059,-879.814967,1813.483709
47100.0,337507.770,4356180.366,5376696.329,-7352.566810,-1195.254463,1429.928711
47160.0,-104096.364,4275071.353,5450872.514,-7361.041910,-1505.529168,1040.198043
47220.0,-545260.757,4175546.969,5501507.112,-7337.759121,-1809.302506,645.974899
47280.0,-984082.064,4058036.895,5528381.440,-7282.818219,-2105.265974,248.961876
47340.0,-1418667.006,3923048.281,5531379.430,-7196.455565,-2392.144783,-149.126380
47400.0,-1847140.543,3771163.563,5510488.135,-7079.043092,-2668.703345,-546.570579
47460.0,-2267653.962,3603037.942,5465797.782,-6931.086700,-2933.750594,-941.654213
47520.0,-2678392.851,3419396.565,5397501.381,-6753.224074,-3186.145122,-1332.670969
47580.0,-3077584.933,3221031.391,5305893.897,-6546.221943,-3424.800086,-1717.932098
47640.0,-3463507.709,3008797.783,5191370.969,-6310.972767,-3648.687893,-2095.773709
47700.0,-3834495.893,2783610.811,5054427.207,-6048.490895,-3856.844624,-2464.563954
47760.0,-4188948.595,2546441.314,4895654.052,-5759.908188,-4048.374183,-2822.710078
47820.0,-4525336.231,2298311.709,4715737.225,-5446.469138,-4222.452156,-3168.665297
47880.0,-4842207.127,2040291.587,4515453.761,-5109.525505,-4378.329357,-3500.935476
47940.0,-5138193.776,1773493.103,4295668.659,-4750.530482,-4515.335055,-3818.085584
48000.0,-5412018.746,1499066.176,4057331.140,-4371.032433,-4632.879859,-4118.745893
48060.0,-5662500.191,1218193.543,3801470.553,-3972.668210,-4730.458252,-4401.617891
48120.0,-5888556.953,932085.651,3529191.925,-3557.156096,-4807.650770,-4665.479893
48180.0,-6089213.225,641975.447,3241671.191,-3126.288393,-4864.125797,-4909.192313
48240.0,-6263602.770,349113.065,2940150.114,-2681.923688,-4899.640997,-5131.702590
48300.0,-6410972.654,54760.435,2625930.923,-2225.978842,-4914.044351,-5332.049733
48360.0,-6530686.499,-239814.153,2300370.690,-1760.420714,-4907.274806,-5509.368469
48420.0,-6622227.234,-533341.512,1964875.464,-1287.257682,-4879.362538,-5662.892982
48480.0,-6685199.322,-824557.027,1620894.204,-808.530976,-4830.428812,-5791.960220
48540.0,-6719330.477,-1112206.106,1269912.520,-326.305872,-4760.685460,-5896.012760
48600.0,-6724472.834,-1395049.579,913446.255,157.337216,-4670.433963,-5974.601212
48660.0,-6700603.596,-1671869.045,553034.937,640.311711,-4560.064143,-6027.386163
48720.0,-6647825.127,-1941472.112,190235.136,1120.533880,-4430.052488,-6054.139643
48780.0,-6566364.523,-2202697.538,-173386.265,1595.931816,-4280.960088,-6054.746106
48840.0,-6456572.626,-2454420.232,-536258.833,2064.454385,-4113.430213,-6029.202934
48900.0,-6318922.520,-2695556.097,-896815.373,2524.080071,-3928.185545,-5977.620443
48960.0,-6154007.485,-2925066.702,-1253498.686,2972.825699,-3726.025053,-5900.221412
49020.0,-5962538.447,-3141963.754,-1604768.308,3408.754994,-3507.820549,-5797.340117
49080.0,-5745340.911,-3345313.352,-1949107.150,3829.986933,-3274.512930,-5669.420888
49140.0,-5503351.399,-3534240.008,-2285028.060,4234.703864,-3027.108120,-5517.016191
49200.0,-5237613.415,-3707930.417,-2611080.241,4621.159347,-2766.672733,-5340.784242
49260.0,-4949272.946,-3865636.959,-2925855.517,4987.685692,-2494.329474,-5141.486163
49320.0,-4639573.515,-4006680.914,-3227994.415,5332.701154,-2211.252298,-4919.982695
49380.0,-4309850.825,-4130455.387,-3516192.039,5654.716763,-1918.661353,-4677.230482
49440.0,-3961526.993,-4236427.916,-3789203.701,5952.342745,-1617.817719,-4414.277939
49500.0,-3596104.417,-4324142.765,-4045850.302,6224.294521,-1310.017972,-4132.260722
49560.0,-3215159.299,-4393222.881,-4285023.418,6469.398256,-996.588595,-3832.396825
49620.0,-2820334.842,-4443371.519,-4505690.093,6686.595918,-678.880266,-3515.981321
49680.0,-2413334.165,-4474373.513,-4706897.297,6874.949854,-358.262032,-3184.380766
49740.0,-1995912.956,-4486096.199,-4887776.044,7033.646830,-36.115414,-2839.027298
49800.0,-1569871.897,-4478489.987,-5047545.142,7162.001545,286.171548,-2481.412451
49860.0,-1137048.897,-4451588.564,-5185514.570,7259.459594,607.210277,-2113.080718
49920.0,-699311.165,-4405508.752,-5301088.457,7325.599858,925.617639,-1735.622873
49980.0,-258547.150,-4340449.995,-5393767.654,7360.136323,1240.021902,-1350.669105
50040.0,183341.598,-4256693.499,-5463151.893,7362.919323,1549.068648,-959.881979
50100.0,624448.640,-4154601.016,-5508941.512,7333.936181,1851.426606,-564.949251
50160.0,1062870.869,-4034613.281,-5530938.752,7273.311273,2145.793387,-167.576584
50220.0,1496716.720,-3897248.108,-5529048.611,7181.305489,2430.901093,230.519825
50280.0,1924114.333,-3743098.158,-5503279.250,7058.315115,2705.521779,627.620649
50340.0,2343219.627,-3572828.381,-5453741.965,6904.870123,2968.472742,1022.010863
50400.0,2752224.262,-3387173.148,-5380650.701,6721.631887,3218.621615,1411.987151
50460.0,3149363.433,-3186933.082,-5284321.129,6509.390336,3454.891240,1795.865255
50520.0,3532923.493,-2972971.605,-5165169.283,6269.060544,3676.264311,2171.987258
50580.0,3901249.343,-2746211.220,-5023709.764,6001.678789,3881.787751,2538.728739
50640.0,4252751.575,-2507629.527,-4860553.517,5708.398080,4070.576816,2894.505792
50700.0,4585913.330,-2258255.013,-4676405.192,5390.483191,4241.818904,3237.781863
50760.0,4899296.846,-1999162.616,-4472060.101,5049.305200,4394.777052,3567.074389
50820.0,5191549.659,-1731469.093,-4248400.782,4686.335582,4528.793109,3880.961200
50880.0,5461410.445,-1456328.206,-4006393.191,4303.139857,4643.290566,4178.086659
50940.0,5707714.458,-1174925.747,-3747082.525,3901.370843,4737.777037,4457.167524
51000.0,5929398.560,-888474.431,-3471588.713,3482.761522,4811.846378,4716.998480
51060.0,6125505.812,-598208.670,-3181101.575,3049.117571,4865.180427,4956.457353
51120.0,6295189.599,-305379.248,-2876875.687,2602.309567,4897.550379,5174.509952
51180.0,6437717.292,-11247.938,-2560224.958,2144.264922,4908.817761,5370.214537
51240.0,6552473.407,282917.939,-2232516.962,1676.959566,4898.935028,5542.725886
51300.0,6638962.261,575850.972,-1895167.025,1202.409425,4867.945759,5691.298947
51360.0,6696810.118,866289.123,-1549632.115,722.661726,4815.984472,5815.292051
51420.0,6725766.801,1152981.163,-1197404.553,239.786160,4743.276033,5914.169689
51480.0,6725706.776,1434692.061,-840005.561,-244.134041,4650.134688,5987.504822
51540.0,6696629.693,1710208.309,-478978.698,-727.011097,4536.962700,6034.980726
51600.0,6638660.391,1978343.141,-115883.190,-1206.761682,4404.248618,6056.392358
51660.0,6552048.367,2237941.656,247712.802,-1681.315918,4252.565162,6051.647245
51720.0,6437166.695,2487885.780,610238.955,-2148.626299,4082.566754,6020.765879
51780.0,6294510.422,2727099.093,970129.568,-2606.676532,3894.986695,5963.881634
51840.0,6124694.437,2954551.456,1325830.322,-3053.490232,3690.634002,5881.240184
51900.0,5928450.817,3169263.452,1675804.993,-3487.139449,3470.389918,5773.198448
51960.0,5706625.673,3370310.602,2018542.087,-3905.752993,3235.204110,5640.223043
52020.0,5460175.503,3556827.346,2352561.369,-4307.524500,2986.090577,5482.888271
52080.0,5190163.065,3728010.767,2676420.254,-4690.720233,2724.123278,5301.873641
52140.0,4897752.794,3883124.050,2988720.039,-5053.686561,2450.431500,5097.960930
52200.0,4584205.785,4021499.654,3288111.943,-5394.857095,2166.194992,4872.030810
52260.0,4250874.347,4142542.181,3573302.933,-5712.759448,1872.638879,4625.059044
52320.0,3899196.178,4245730.943,3843061.308,-6006.021590,1571.028378,4358.112268
52380.0,3530688.159,4330622.196,4096222.016,-6273.377767,1262.663354,4072.343390
52440.0,3146939.812,4396851.055,4331691.692,-6513.673969,948.872706,3768.986608
52500.0,2749606.445,4444133.055,4548453.373,-6725.872907,631.008650,3449.352079
52560.0,2340402.012,4472265.377,4745570.894,-6909.058492,310.440887,3114.820261
52620.0,1921091.719,4481127.721,4922192.931,-7062.439789,-11.449299,2766.835952
52680.0,1493484.408,4470682.811,5077556.678,-7185.354434,-333.274989,2406.902051
52740.0,1059424.756,4440976.562,5210991.139,-7277.271494,-653.649611,2036.573062
52800.0,620785.317,4392137.872,5321920.029,-7337.793757,-971.192907,1657.448388
52860.0,179458.441,4324378.064,5409864.261,-7366.659454,-1284.536887,1271.165417
52920.0,-262651.887,4237989.972,5474444.015,-7363.743387,-1592.331715,879.392453
52980.0,-703638.260,4133346.677,5515380.380,-7329.057473,-1893.251529,483.821511
53040.0,-1141598.084,4010899.892,5532496.558,-7262.750696,-2186.000149,86.161009
53100.0,-1574641.780,3871178.015,5525718.626,-7165.108468,-2469.316663,-311.871611
53160.0,-2000900.940,3714783.849,5495075.857,-7036.551398,-2741.980856,-708.557300
53220.0,-2418536.390,3542392.000,5440700.592,-6877.633483,-3002.818466,-1102.182824
53280.0,-2825746.120,3354745.967,5362827.673,-6689.039718,-3250.706240,-1491.048169
53340.0,-3220773.066,3152654.937,5261793.420,-6471.583144,-3484.576773,-1873.473877
53400.0,-3601912.686,2936990.292,5138034.188,-6226.201345,-3703.423104,-2247.808303
53460.0,-3967520.318,2708681.857,4992084.476,-5953.952404,-3906.303049,-2612.434746
53520.0,-4316018.276,2468713.887,4824574.622,-5656.010341,-4092.343259,-2965.778434
53580.0,-4645902.659,2218120.824,4636228.077,-5333.660047,-4260.742981,-3306.313324
53640.0,-4955749.841,1957982.843,4427858.285,-4988.291749,-4410.777503,-3632.568690
53700.0,-5244222.612,1689421.186,4200365.168,-4621.395010,-4541.801272,-3943.135479
53760.0,-5510075.952,1413593.340,3954731.238,-4234.552305,-4653.250673,-4236.672396
53820.0,-5752162.405,1131688.040,3692017.354,-3829.432197,-4744.646453,-4511.911693
53880.0,-5969437.027,844920.152,3413358.143,-3407.782138,-4815.595782,-4767.664649
53940.0,-6160961.902,554525.433,3119957.096,-2971.420933,-4865.793941,-5002.826702
54000.0,-6325910.187,261755.208,2813081.373,-2522.230894,-4895.025630,-5216.382217
54060.0,-6463569.682,-32129.022,2494056.330,-2062.149721,-4903.165895,-5407.408879
54120.0,-6573345.909,-325861.015,2164259.792,-1593.162143,-4890.180655,-5575.081667
54180.0,-6654764.673,-618175.247,1825116.107,-1117.291354,-4856.126853,-5718.676425
54240.0,-6707474.114,-907812.361,1478089.990,-636.590289,-4801.152201,-5837.572988
54300.0,-6731246.228,-1193524.592,1124680.200,-153.132763,-4725.494539,-5931.257857
54360.0,-6725977.853,-1474081.146,766413.068,330.995471,-4629.480809,-5999.326419
54420.0,-6691691.113,-1748273.501,404835.901,813.705725,-4513.525641,-6041.484696
54480.0,-6628533.332,-2014920.608,41510.302,1292.915385,-4378.129561,-6057.550611
54540.0,-6536776.394,-2272873.987,-321994.574,1766.556894,-4223.876832,-6047.454778
54600.0,-6416815.578,-2521022.665,-684108.799,2232.586678,-4051.432933,-6011.240800
54660.0,-6269167.852,-2758297.966,-1043268.450,2688.993960,-3861.541687,-5949.065080
54720.0,-6094469.647,-2983678.112,-1397922.365,3133.809434,-3655.022053,-5861.196146
54780.0,-5893474.111,-3196192.621,-1746538.841,3565.113767,-3432.764594,-5748.013493
54840.0,-5667047.866,-3394926.491,-2087612.249,3981.045875,-3195.727636,-5610.005941
54900.0,-5416167.267,-3579024.132,-2419669.541,4379.810960,-2944.933137,-5447.769527
54960.0,-5141914.197,-3747693.059,-2741276.605,4759.688249,-2681.462281,-5262.004927
55020.0,-4845471.396,-3900207.293,-3051044.463,5119.038423,-2406.450815,-5053.514435
55080.0,-4528117.365,-4035910.495,-3347635.269,5456.310691,-2121.084156,-4823.198492
55140.0,-4191220.851,-4154218.783,-3629768.089,5770.049480,-1826.592281,-4572.051802
55200.0,-3836234.939,-4254623.250,-3896224.427,6058.900722,-1524.244420,-4301.159034
55260.0,-3464690.793,-4336692.150,-4145853.494,6321.617691,-1215.343596,-4011.690138
55320.0,-3078191.043,-4400072.755,-4377577.178,6557.066390,-901.221000,-3704.895290
55380.0,-2678402.880,-4444492.870,-4590394.692,6764.230444,-583.230258,-3382.099497
55440.0,-2267050.857,-4469762.005,-4783386.909,6942.215487,-262.741600,-3044.696870
55500.0,-1845909.456,-4475772.189,-4955720.319,7090.253021,58.864048,-2694.144606
55560.0,-1416795.430,-4462498.432,-5106650.639,7207.703741,380.201011,-2331.956694
55620.0,-981559.966,-4429998.829,-5235526.020,7294.060286,699.884839,-1959.697373
55680.0,-542080.700,-4378414.305,-5341789.866,7348.949441,1016.538268,-1578.974383
55740.0,-100253.616,-4307968.007,-5424983.240,7372.133742,1328.797156,-1191.432014
55800.0,342015.133,-4218964.334,-5484746.839,7363.512508,1635.316359,-798.744010
55860.0,782817.450,-4111787.625,-5520822.553,7323.122275,1934.775523,-402.606338
55920.0,1220251.524,-3986900.498,-5533054.575,7251.136644,2225.884778,-4.729863
55980.0,1652430.037,-3844841.854,-5521390.077,7147.865533,2507.390286,393.167039
56040.0,2077488.306,-3686224.550,-5485879.437,7013.753844,2778.079647,789.365906
56100.0,2493592.329,-3511732.759,-5426676.020,6849.379545,3036.787119,1182.155607
56160.0,2898946.698,-3322119.011,-5344035.517,6655.451182,3282.398637,1569.839737
56220.0,3291802.346,-3118200.958,-5238314.843,6432.804818,3513.856613,1950.743940
56280.0,3670464.093,-2900857.840,-5109970.589,6182.400439,3730.164486,2323.223141
56340.0,4033297.962,-2671026.697,-4959557.059,5905.317805,3930.391017,2685.668654
56400.0,4378738.230,-2429698.328,-4787723.868,5602.751799,4113.674297,3036.515124
56460.0,4705294.184,-2177913.023,-4595213.140,5276.007274,4279.225454,3374.247293
56520.0,5011556.552,-1916756.073,-4382856.303,4926.493426,4426.332052,3697.406541
56580.0,5296203.590,-1647353.098,-4151570.498,4555.717712,4554.361157,4004.597187
56640.0,5558006.779,-1370865.191,-3902354.617,4165.279354,4662.762056,4294.492514
56700.0,5795836.137,-1088483.914,-3636284.991,3756.862439,4751.068631,4565.840505
56760.0,6008665.084,-801426.168,-3354510.738,3332.228653,4818.901361,4817.469244
56820.0,6195574.886,-510928.942,-3058248.803,2893.209687,4865.968951,5048.291980
56880.0,6355758.609,-218243.987,-2748778.703,2441.699330,4892.069588,5257.311820
56940.0,6488524.613,75367.580,-2427436.996,1979.645303,4897.091800,5443.626036
57000.0,6593299.531,368640.708,-2095611.514,1509.040858,4881.014936,5606.429963
57060.0,6669630.748,660311.865,-1754735.368,1031.916176,4843.909252,5745.020470
57120.0,6717188.359,949124.478,-1406280.755,550.329612,4785.935600,5858.799006
57180.0,6735766.589,1233834.352,-1051752.605,66.358812,4707.344734,5947.274175
57240.0,6725284.688,1513215.023,-692682.076,-417.908247,4608.476221,6010.063865
57300.0,6685787.278,1786063.047,-330619.946,-900.382267,4489.756980,6046.896896
57360.0,6617444.170,2051203.184,32870.087,-1378.981644,4351.699436,6057.614191
57420.0,6520549.626,2307493.454,396218.158,-1851.641446,4194.899304,6042.169464
57480.0,6395521.095,2553830.063,757855.017,-2316.322326,4020.033024,6000.629418
57540.0,6242897.417,2789152.150,1116218.801,-2771.019316,3827.854844,5933.173458
57600.0,6063336.498,3012446.363,1469761.786,-3213.770484,3619.193558,5840.092919
57660.0,5857612.474,3222751.217,1816957.067,-3642.665394,3394.948942,5721.789803
57720.0,5626612.376,3419161.234,2156305.155,-4055.853353,3156.087867,5578.775045
57780.0,5371332.301,3600830.845,2486340.450,-4451.551394,2903.640133,5411.666306
57840.0,5092873.120,3766978.029,2805637.574,-4828.051973,2638.694030,5221.185307
57900.0,4792435.732,3916887.679,3112817.527,-5183.730334,2362.391644,5008.154709
57960.0,4471315.880,4049914.679,3406553.638,-5517.051524,2075.923935,4773.494563
58020.0,4130898.567,4165486.680,3685577.301,-5826.577013,1780.525605,4518.218335
58080.0,3772652.080,4263106.564,3948683.451,-6110.970907,1477.469775,4243.428529
58140.0,3398121.658,4342354.584,4194735.767,-6369.005711,1168.062495,3950.311924
58200.0,3008922.828,4402890.162,4422671.582,-6599.567628,853.637123,3640.134453
58260.0,2606734.434,4444453.361,4631506.473,-6801.661363,535.548572,3314.235729
58320.0,2193291.395,4466865.994,4820338.508,-6974.414428,215.167474,2974.023266
58380.0,1770377.224,4470032.395,4988352.149,-7117.080899,-106.125725,2620.966396
58440.0,1339816.334,4453939.819,5134821.766,-7229.044644,-426.946714,2256.589924
58500.0,903466.162,4418658.500,5259114.778,-7309.821979,-745.913283,1882.467543
58560.0,463209.165,4364341.341,5360694.378,-7359.063762,-1061.651273,1500.215038
58620.0,20944.690,4291223.253,5439121.860,-7376.556899,-1372.800503,1111.483305
58680.0,-421419.212,4199620.137,5494058.504,-7362.225266,-1678.020623,717.951224
58740.0,-861974.025,4089927.522,5525267.046,-7316.130042,-1975.996894,321.318409
58800.0,-1298818.998,3962618.854,5532612.703,-7238.469448,-2265.445845,-76.702137
58860.0,-1730069.346,3818243.456,5516063.747,-7129.577891,-2545.120806,-474.391417
58920.0,-2153864.382,3657424.153,5475691.653,-6989.924531,-2813.817275,-870.031864
58980.0,-2568375.548,3480854.592,5411670.781,-6820.111250,-3070.378106,-1261.914761
59040.0,-2971814.300,3289296.243,5324277.630,-6620.870068,-3313.698495,-1648.347616
59100.0,-3362439.830,3083575.119,5213889.639,-6393.059982,-3542.730732,-2027.661480
59160.0,-3738566.574,2864578.215,5080983.557,-6137.663260,-3756.488716,-2398.218146
59220.0,-4098571.487,2633249.680,4926133.390,-5855.781214,-3954.052201,-2758.417230
59280.0,-4440901.045,2390586.751,4750007.915,-5548.629442,-4134.570756,-3106.703080
59340.0,-4764077.952,2137635.448,4553367.792,-5217.532592,-4297.267426,-3441.571496
59400.0,-5066707.512,1875486.073,4337062.286,-4863.918647,-4441.442077,-3761.576227
59460.0,-5347483.650,1605268.503,4102025.589,-4489.312766,-4566.474408,-4065.335216
59520.0,-5605194.549,1328147.325,3849272.795,-4095.330706,-4671.826619,-4351.536567
59580.0,-5838727.875,1045316.813,3579895.508,-3683.671853,-4757.045728,-4618.944216
59640.0,-6047075.588,757995.787,3295057.133,-3256.111892,-4821.765513,-4866.403264
59700.0,-6229338.283,467422.354,2995987.848,-2814.495148,-4865.708089,-5092.844971
59760.0,-6384729.079,174848.576,2683979.295,-2360.726630,-4888.685102,-5297.291363
59820.0,-6512577.013,-118464.924,2360378.995,-1896.763814,-4890.598535,-5478.859466
59880.0,-6612329.940,-411254.395,2026584.534,-1424.608195,-4871.441125,-5636.765109
59940.0,-6683556.915,-702258.403,1684037.528,-946.296660,-4831.296391,-5770.326321
60000.0,-6725950.054,-990223.265,1334217.389,-463.892693,-4770.338272,-5878.966268
60060.0,-6739325.871,-1273908.452,978634.945,20.522521,-4688.830369,-5962.215749
60120.0,-6723626.062,-1552091.930,618825.907,504.859080,-4587.124809,-6019.715220
60180.0,-6678917.771,-1823575.426,256344.244,987.027375,-4465.660723,-6051.216350
60240.0,-6605393.291,-2087189.588,-107244.536,1464.947111,-4324.962347,-6056.583088
60300.0,-6503369.246,-2341799.025,-470370.141,1936.556282,-4165.636763,-6035.792257
60360.0,-6373285.223,-2586307.194,-831464.281,2399.820062,-3988.371279,-5988.933649
60420.0,-6215701.881,-2819661.124,-1188967.438,2852.739592,-3793.930461,-5916.209641
60480.0,-6031298.529,-3040855.948,-1541335.604,3293.360599,-3583.152841,-5817.934318
60540.0,-5820870.205,-3248939.236,-1887046.948,3719.781831,-3356.947295,-5694.532117
60600.0,-5585324.243,-3443015.088,-2224608.390,4130.163262,-3116.289125,-5546.535997
60660.0,-5325676.362,-3622247.999,-2552562.047,4522.734027,-2862.215860,-5374.585132
60720.0,-5043046.288,-3785866.450,-2869491.532,4895.800069,-2595.822773,-5179.422155
60780.0,-4738652.920,-3933166.233,-3174028.067,5247.751446,-2318.258169,-4961.889949
60840.0,-4413809.082,-4063513.479,-3464856.402,5577.069280,-2030.718427,-4722.928007
60900.0,-4069915.852,-4176347.387,-3740720.486,5882.332312,-1734.442851,-4463.568372
60960.0,-3708456.523,-4271182.637,-4000428.901,6162.223034,-1430.708321,-4184.931185
61020.0,-3330990.206,-4347611.477,-4242860.001,6415.533378,-1120.823796,-3888.219842
61080.0,-2939145.103,-4405305.476,-4466966.757,6641.169928,-806.124671,-3574.715800
61140.0,-2534611.487,-4444016.937,-4671781.284,6838.158642,-487.967020,-3245.773039
61200.0,-2119134.404,-4463579.955,-4856419.015,7005.649054,-167.721756,-2902.812221
61260.0,-1694506.155,-4463911.137,-5020082.524,7142.917949,153.231278,-2547.314546
61320.0,-1262558.554,-4445009.947,-5162064.970,7249.372482,473.509254,-2180.815362
61380.0,-825155.035,-4406958.715,-5281753.151,7324.552743,791.732317,-1804.897529
61440.0,-384182.606,-4349922.268,-5378630.149,7368.133740,1106.529529,-1421.184586
61500.0,58456.288,-4274147.226,-5452277.565,7379.926806,1416.544776,-1031.333737
61560.0,500851.974,-4179960.927,-5502377.326,7359.880414,1720.442610,-637.028697
61620.0,941095.787,-4067770.019,-5528713.058,7308.080404,2016.914001,-239.972415
61680.0,1377288.312,-3938058.701,-5531171.021,7224.749616,2304.681976,158.120276
61740.0,1807547.568,-3791386.635,-5509740.598,7110.246927,2582.507121,555.530067
61800.0,2230017.140,-3628386.530,-5464514.346,6965.065711,2849.192913,950.540597
61860.0,2642874.178,-3449761.413,-5395687.589,6789.831710,3103.590882,1341.445871
61920.0,3044337.271,-3256281.598,-5303557.582,6585.300338,3344.605550,1726.557619
61980.0,3432674.125,-3048781.362,-5188522.222,6352.353423,3571.199151,2104.212597
62040.0,3806209.047,-2828155.348,-5051078.331,6091.995407,3782.396098,2472.779764
62100.0,4163330.168,-2595354.712,-4891819.510,5805.349015,3977.287184,2830.667326
62160.0,4502496.402,-2351383.014,-4711433.578,5493.650410,4155.033499,3176.329617
62220.0,4822244.096,-2097291.900,-4510699.597,5158.243868,4314.870036,3508.273766
62280.0,5121193.347,-1834176.565,-4290484.509,4800.575974,4456.108986,3825.066151
62340.0,5398053.954,-1563171.031,-4051739.395,4422.189390,4578.142698,4125.338589
62400.0,5651630.991,-1285443.263,-3795495.362,4024.716193,4680.446294,4407.794244
62460.0,5880829.960,-1002190.135,-3522859.095,3609.870844,4762.579922,4671.213227
62520.0,6084661.518,-714632.267,-3235008.071,3179.442787,4824.190655,4914.457867
62580.0,6262245.745,-424008.773,-2933185.483,2735.288731,4865.014001,5136.477624
62640.0,6412815.946,-131571.915,-2618694.859,2279.324642,4884.875038,5336.313623
62700.0,6535721.956,161418.292,-2292894.445,1813.517481,4883.689170,5513.102799
62760.0,6630432.954,453699.503,-1957191.327,1339.876711,4861.462482,5666.081625
62820.0,6696539.750,744012.490,-1613035.362,860.445636,4818.291708,5794.589405
62880.0,6733756.555,1031106.563,-1261912.914,377.292582,4754.363815,5898.071131
62940.0,6741922.217,1313744.956,-905340.434,-107.498026,4669.955192,5976.079879
63000.0,6721000.918,1590710.159,-544857.909,-591.834653,4565.430451,6028.278741
63060.0,6671082.331,1860809.162,-182022.217,-1073.627684,4441.240858,6054.442276
63120.0,6592381.237,2122878.590,181599.605,-1550.798433,4297.922381,6054.457488
63180.0,6485236.598,2375789.717,544437.122,-2021.288114,4136.093376,6028.324310
63240.0,6350110.101,2618453.329,904923.289,-2483.066726,3956.451922,5976.155609
63300.0,6187584.166,2849824.410,1261501.213,-2934.141807,3759.772810,5898.176694
63360.0,5998359.435,3068906.647,1612630.883,-3372.567037,3546.904197,5794.724346
63420.0,5783251.755,3274756.718,1956795.817,-3796.450630,3318.763952,5666.245361
63480.0,5543188.656,3466488.351,2292509.612,-4203.963500,3076.335699,5513.294623
63540.0,5279205.356,3643276.148,2618322.366,-4593.347155,2820.664574,5336.532705
63600.0,4992440.292,3804359.128,2932826.937,-4962.921283,2552.852717,5136.723020
63660.0,4684130.216,3949044.012,3234665.023,-5311.091004,2274.054529,4914.728517
63720.0,4355604.856,4076708.198,3522533.024,-5636.353750,1985.471686,4671.507961
63780.0,4008281.184,4186802.447,3795187.678,-5937.305756,1688.347967,4408.111789
63840.0,3643657.305,4278853.244,4051451.426,-6212.648110,1383.963890,4125.677575
63900.0,3263305.992,4352464.831,4290217.499,-6461.192368,1073.631193,3825.425112
63960.0,2868867.904,4407320.916,4510454.698,-6681.865674,758.687185,3508.651153
64020.0,2462044.510,4443186.023,4711211.849,-6873.715400,440.488976,3176.723799
64080.0,2044590.748,4459906.509,4891621.909,-7035.913254,120.407637,2831.076603
64140.0,1618307.453,4457411.221,5050905.710,-7167.758854,-200.177712,2473.202366
64200.0,1185033.593,4435711.796,5188375.327,-7268.682757,-519.885844,2104.646700
64260.0,746638.331,4394902.613,5303437.048,-7338.248916,-837.339376,1727.001348
64320.0,305012.964,4335160.373,5395593.936,-7376.156565,-1151.170701,1341.897309
64380.0,-137937.236,4256743.345,5464447.978,-7382.241517,-1460.027882,950.997795
64440.0,-580301.243,4159990.241,5509701.803,-7356.476879,-1762.580474,555.991050
64500.0,-1020170.524,4045318.755,5531159.965,-7298.973165,-2057.525258,158.583054
64560.0,-1455647.266,3913223.765,5528729.790,-7209.977830,-2343.591851,-239.509841
64620.0,-1884852.574,3764275.188,5502421.773,-7089.874198,-2619.548180,-636.568325
64680.0,-2305934.568,3599115.531,5452349.535,-6939.179813,-2884.205788,-1030.877556
64740.0,-2717076.381,3418457.109,5378729.332,-6758.544212,-3136.424950,-1420.734565
64800.0,-3116503.992,3223078.985,5281879.118,-6548.746121,-3375.119587,-1804.455613
64860.0,-3502493.886,3013823.598,5162217.178,-6310.690100,-3599.261935,-2180.383458
64920.0,-3873380.489,2791593.140,5020260.314,-6045.402643,-3807.886977,-2546.894520
64980.0,-4227563.353,2557345.661,4856621.620,-5754.027751,-4000.096593,-2902.405887
65040.0,-4563514.064,2312090.942,4672007.829,-5437.821998,-4175.063430,-3245.382152
65100.0,-4879782.839,2056886.140,4467216.264,-5098.149116,-4332.034460,-3574.342048
65160.0,-5175004.780,1792831.230,4243131.391,-4736.474108,-4470.334222,-3887.864840
65220.0,-5447905.766,1521064.268,4000721.003,-4354.356932,-4589.367732,-4184.596465
65280.0,-5697307.952,1242756.483,3741032.039,-3953.445774,-4688.623035,-4463.255380
65340.0,-5922134.851,959107.229,3465186.059,-3535.469936,-4767.673416,-4722.638094
65400.0,-6121415.981,671338.820,3174374.405,-3102.232381,-4826.179226,-4961.624369
65460.0,-6294291.056,380691.259,2869853.055,-2655.601949,-4863.889348,-5179.182053
65520.0,-6440013.697,88416.895,2552937.195,-2197.505303,-4880.642271,-5374.371546
65580.0,-6557954.658,-204224.971,2224995.541,-1729.918612,-4876.366782,-5546.349849
65640.0,-6647604.538,-495973.511,1887444.431,-1254.859030,-4851.082270,-5694.374212
65700.0,-6708575.985,-785571.807,1541741.701,-774.375993,-4804.898639,-5817.805337
65760.0,-6740605.372,-1071772.262,1189380.396,-290.542374,-4738.015826,-5916.110141
65820.0,-6743553.930,-1353341.974,831882.317,194.554454,-4650.722941,-5988.864060
65880.0,-6717408.353,-1629068.051,470791.449,678.821628,-4543.397013,-6035.752880
65940.0,-6662280.861,-1897762.833,107667.297,1160.169819,-4416.501364,-6056.574092
66000.0,-6578408.712,-2158269.008,-255921.856,1636.522253,-4270.583608,-6051.237774
66060.0,-6466153.186,-2409464.595,-618405.717,2105.823668,-4106.273288,-6019.766973
66120.0,-6325998.025,-2650267.783,-978218.767,2566.049178,-3924.279159,-5962.297606
66180.0,-6158547.353,-2879641.579,-1333807.021,3015.213018,-3725.386132,-5879.077876
66240.0,-5964523.067,-3096598.284,-1683634.741,3451.377103,-3510.451888,-5770.467198
66300.0,-5744761.728,-3300203.742,-2026191.069,3872.659397,-3280.403181,-5636.934646
66360.0,-5500210.952,-3489581.358,-2359996.550,4277.242033,-3036.231839,-5479.056931
66420.0,-5231925.329,-3663915.880,-2683609.523,4663.379155,-2778.990491,-5297.515904
66480.0,-4941061.865,-3822456.904,-2995632.346,5029.404452,-2509.788027,-5093.095617
66540.0,-4628875.005,-3964522.103,-3294717.435,5373.738351,-2229.784819,-4866.678934
66600.0,-4296711.212,-4089500.166,-3579573.082,5694.894831,-1940.187719,-4619.243717
66660.0,-3946003.165,-4196853.428,-3848969.033,5991.487840,-1642.244857,-4351.858608
66720.0,-3578263.579,-4286120.182,-4101741.804,6262.237271,-1337.240262,-4065.678405
66780.0,-3195078.682,-4356916.667,-4336799.703,6505.974492,-1026.488329,-3761.939082
66840.0,-2798101.366,-4408938.715,-4553127.545,6721.647390,-711.328154,-3441.952450
66900.0,-2389044.067,-4441963.057,-4749791.041,6908.324908,-393.117761,-3107.100488
66960.0,-1969671.368,-4455848.287,-4925940.827,7065.201069,-73.228257,-2758.829375
67020.0,-1541792.396,-4450535.461,-5080816.136,7191.598455,246.962083,-2398.643249
67080.0,-1107253.011,-4426048.350,-5213748.082,7286.971130,566.073750,-2028.097704
67140.0,-667927.847,-4382493.334,-5324162.550,7350.907001,882.731946,-1648.793078
67200.0,-225712.222,-4320058.940,-5411582.675,7383.129596,1195.572508,-1262.367535
67260.0,217486.038,-4239015.023,-5475630.900,7383.499260,1503.247780,-870.489997
67320.0,659754.826,-4139711.604,-5516030.610,7352.013762,1804.432427,-474.852929
67380.0,1099186.011,-4022577.356,-5532607.325,7288.808306,2097.829134,-77.165036
67440.0,1533883.665,-3888117.754,-5525289.452,7194.154951,2382.174202,320.856123
67500.0,1961972.242,-3736912.892,-5494108.595,7068.461439,2656.242986,717.491548
67560.0,2381604.676,-3569614.983,-5439199.420,6912.269440,2918.855173,1111.028223
67620.0,2790970.346,-3386945.543,-5360799.073,6726.252215,3168.879861,1499.766516
67680.0,3188302.888,-3189692.284,-5259246.155,6511.211719,3405.240434,1882.027519
67740.0,3571887.821,-2978705.709,-5134979.258,6268.075137,3626.919193,2256.160298
67800.0,3940069.938,-2754895.455,-4988535.076,5997.890892,3832.961741,2620.549023
67860.0,4291260.458,-2519226.362,-4820546.080,5701.824122,4022.481091,2973.619948
67920.0,4623943.872,-2272714.320,-4631737.792,5381.151653,4194.661485,3313.848209
67980.0,4936684.490,-2016421.887,-4422925.651,5037.256499,4348.761904,3639.764403
68040.0,5228132.632,-1751453.708,-4195011.488,4671.621888,4484.119258,3949.960944
68100.0,5497030.457,-1478951.757,-3948979.633,4285.824874,4600.151238,4243.098134
68160.0,5742217.390,-1200090.413,-3685892.665,3881.529529,4696.358826,4517.909952
68220.0,5962635.127,-916071.401,-3406886.822,3460.479767,4772.328432,4773.209524
68280.0,6157332.212,-628118.609,-3113167.092,3024.491823,4827.733680,5007.894245
68340.0,6325468.133,-337472.819,-2806002.011,2575.446415,4862.336808,5220.950543
68400.0,6466316.961,-45386.357,-2486718.184,2115.280636,4875.989687,5411.458256
68460.0,6579270.478,246882.300,-2156694.555,1645.979592,4868.634453,5578.594607
68520.0,6663840.803,538073.949,-1817356.451,1169.567845,4840.303759,5721.637757
68580.0,6719662.503,826934.085,-1470169.429,688.100674,4791.120623,5839.969921
68640.0,6746494.171,1112218.305,-1116632.943,203.655209,4721.297898,5933.080040
68700.0,6744219.468,1392697.669,-758273.869,-281.678527,4631.137349,6000.565982
68760.0,6712847.629,1667163.995,-396639.912,-765.806640,4521.028351,6042.136285
68820.0,6652513.424,1934435.063,-33292.920,-1246.640392,4391.446203,6057.611413
68880.0,6563476.583,2193359.707,330197.859,-1722.105219,4242.950081,6046.924530
68940.0,6446120.675,2442822.770,692262.558,-2190.149680,4076.180624,6010.121791
69000.0,6300951.453,2681749.915,1051337.468,-2648.754305,3891.857167,5947.362144
69060.0,6128594.681,2909112.242,1405871.793,-3095.940312,3690.774642,5858.916638
69120.0,5929793.430,3123930.725,1754334.346,-3529.778146,3473.800149,5745.167257
69180.0,5705404.879,3325280.427,2095220.164,-3948.395800,3241.869214,5606.605270
69240.0,5456396.618,3512294.481,2427057.008,-4349.986896,2995.981759,5443.829107
69300.0,5183842.473,3684167.821,2748411.719,-4732.818479,2737.197790,5257.541778
69360.0,4888917.879,3840160.650,3057896.408,-5095.238498,2466.632825,5048.547831
69420.0,4572894.809,3979601.625,3354174.453,-5435.682928,2185.453090,4817.749884
69480.0,4237136.288,4101890.742,3635966.269,-5752.682528,1894.870487,4566.144721
69540.0,3883090.514,4206501.923,3902054.834,-6044.869175,1596.137375,4294.818993
69600.0,3512284.611,4292985.274,4151290.949,-6310.981773,1290.541169,4004.944518
69660.0,3126318.045,4360969.025,4382598.195,-6549.871695,979.398796,3697.773225
69720.0,2726855.722,4410161.123,4594977.588,-6760.507738,664.051014,3374.631746
69780.0,2315620.806,4440350.491,4787511.889,-6941.980578,345.856642,3036.915685
69840.0,1894387.288,4451407.931,4959369.569,-7093.506695,26.186697,2686.083594
69900.0,1464972.331,4443286.677,5109808.398,-7214.431753,-293.581506,2323.650667
69960.0,1029228.432,4416022.594,5238178.650,-7304.233430,-612.070295,1951.182206
70020.0,589035.431,4369734.019,5343925.912,-7362.523670,-927.907572,1570.286850
70080.0,146292.401,4304621.247,5426593.475,-7389.050363,-1239.732724,1182.609637
70140.0,-297090.549,4220965.665,5485824.310,-7383.698433,-1546.202487,789.824891
70200.0,-739200.507,4119128.535,5521362.605,-7346.490340,-1845.996731,393.628997
70260.0,-1178130.018,3999549.435,5533054.877,-7277.585983,-2137.824148,-4.266927
70320.0,-1611985.310,3862744.362,5520850.627,-7177.282015,-2420.427811,-402.144423
70380.0,-2038894.465,3709303.503,5484802.564,-7046.010562,-2692.590590,-798.285111
70440.0,-2457015.497,3539888.692,5425066.376,-6884.337368,-2953.140393,-1190.978114
70500.0,-2864544.300,3355230.552,5341900.054,-6692.959351,-3200.955215,-1578.527441
70560.0,-3259722.428,3156125.347,5235662.783,-6472.701601,-3434.967968,-1959.259320
70620.0,-3640844.689,2943431.547,5106813.387,-6224.513823,-3654.171078,-2331.529422
70680.0,-4006266.498,2718066.127,4955908.350,-5949.466241,-3857.620819,-2693.729960
70740.0,-4354410.975,2481000.613,4783599.409,-5648.744985,-4044.441382,-3044.296641
70800.0,-4683775.752,2233256.895,4590630.745,-5323.646974,-4213.828640,-3381.715413
70860.0,-4992939.451,1975902.821,4377835.763,-4975.574322,-4365.053610,-3704.529010
70920.0,-5280567.824,1710047.595,4146133.496,-4606.028295,-4497.465595,-4011.343244
70980.0,-5545419.507,1436836.996,3896524.635,-4216.602829,-4610.494976,-4300.833024
71040.0,-5786351.378,1157448.440,3630087.207,-3808.977664,-4703.655669,-4571.748084
71100.0,-6002323.493,873085.907,3347971.920,-3384.911090,-4776.547213,-4822.918378
71160.0,-6192403.573,584974.748,3051397.191,-2946.232368,-4828.856490,-5053.259135
71220.0,-6355771.030,294356.413,2741643.888,-2494.833836,-4860.359071,-5261.775543
71280.0,-6491720.506,2483.094,2420049.793,-2032.662751,-4870.920182,-5447.567050
71340.0,-6599664.922,-289387.668,2088003.827,-1561.712881,-4860.495275,-5609.831246
71400.0,-6679138.013,-579998.396,1746940.054,-1084.015912,-4829.130218,-5747.867333
71460.0,-6729796.340,-868097.105,1398331.480,-601.632677,-4776.961097,-5861.079153
71520.0,-6751420.775,-1152442.684,1043683.701,-116.644271,-4704.213619,-5948.977759
71580.0,-6743917.450,-1431810.253,684528.392,368.856933,-4611.202141,-6011.183529
71640.0,-6707318.163,-1704996.431,322416.697,852.776308,-4498.328308,-6047.427804
71700.0,-6641780.243,-1970824.526,-41087.473,1333.026007,-4366.079321,-6057.554050
71760.0,-6547585.877,-2228149.600,-404414.192,1807.533979,-4215.025833,-6041.518533
71820.0,-6425140.890,-2475863.399,-765994.299,2274.252902,-4045.819485,-5999.390509
71880.0,-6274973.000,-2712899.130,-1124266.181,2731.169016,-3859.190099,-5931.351922
71940.0,-6097729.544,-2938236.053,-1477682.507,3176.310819,-3655.942527,-5837.696623
72000.0,-5894174.684,-3150903.876,-1824716.921,3607.757567,-3436.953180,-5718.829095
72060.0,-5665186.117,-3349986.934,-2163870.628,4023.647563,-3203.166249,-5575.262713
72120.0,-5411751.285,-3534628.130,-2493678.868,4422.186192,-2955.589637,-5407.617519
72180.0,-5134963.124,-3704032.629,-2812717.244,4801.653664,-2695.290609,-5216.617551
72240.0,-4836015.343,-3857471.273,-3119607.871,5160.412437,-2423.391194,-5003.087711
72300.0,-4516197.282,-3994283.727,-3413025.331,5496.914279,-2141.063349,-4767.950208
72360.0,-4176888.349,-4113881.312,-3691702.392,5809.706956,-1849.523905,-4512.220568
72420.0,-3819552.070,-4215749.549,-3954435.487,6097.440493,-1550.029327,-4237.003253
72480.0,-3445729.775,-4299450.360,-4200089.905,6358.873005,-1243.870292,-3943.486889
72540.0,-3057033.954,-4364623.962,-4427604.699,6592.876055,-932.366133,-3632.939135
72600.0,-2655141.297,-4410990.407,-4635997.262,6798.439525,-616.859152,-3306.701205
72660.0,-2241785.464,-4438350.788,-4824367.576,6974.675976,-298.708833,-2966.182076
72720.0,-1818749.606,-4446588.091,-4991902.094,7120.824481,20.714011,-2612.852405
72780.0,-1387858.671,-4435667.695,-5137877.256,7236.253907,340.033148,-2248.238175
72840.0,-950971.536,-4405637.517,-5261662.617,7320.465646,657.872857,-1873.914106
72900.0,-509972.980,-4356627.806,-5362723.563,7373.095761,972.863850,-1491.496854
72960.0,-66765.561,-4288850.571,-5440623.625,7393.916568,1283.649178,-1102.638026
73020.0,376738.598,-4202598.668,-5495026.365,7382.837612,1588.890071,-709.017054
73080.0,818626.055,-4098244.538,-5525696.823,7339.906066,1887.271707,-312.333932
73140.0,1256990.306,-3976238.589,-5532502.539,7265.306530,2177.508876,85.698119
73200.0,1689940.010,-3837107.264,-5515414.118,7159.360232,2458.351515,483.360051
73260.0,2115607.149,-3681450.759,-5474505.365,7022.523652,2728.590094,878.934415
73320.0,2532155.089,-3509940.440,-5409952.958,6855.386548,2987.060820,1270.712780
73380.0,2937786.502,-3323315.946,-5322035.690,6658.669422,3232.650657,1657.003107
73440.0,3330751.125,-3122381.998,-5211133.264,6433.220407,3464.302109,2036.137060
73500.0,3709353.308,-2908004.930,-5077724.653,6180.011614,3681.017784,2406.477210
73560.0,4071959.335,-2681108.954,-4922386.031,5900.134939,3881.864681,2766.424108
73620.0,4417004.470,-2442672.175,-4745788.285,5594.797355,4065.978206,3114.423192
73680.0,4742999.713,-2193722.375,-4548694.116,5265.315709,4232.565903,3448.971500
73740.0,5048538.219,-1935332.582,-4331954.748,4913.111037,4380.910852,3768.624164
73800.0,5332301.380,-1668616.447,-4096506.248,4539.702443,4510.374765,4072.000645
73860.0,5593064.503,-1394723.441,-3843365.488,4146.700539,4620.400727,4357.790702
73920.0,5829702.108,-1114833.904,-3573625.749,3735.800504,4710.515593,4624.760046
73980.0,6041192.775,-830153.957,-3288451.999,3308.774769,4780.332022,4871.755672
74040.0,6226623.561,-541910.306,-2989075.867,2867.465372,4829.550142,5097.710840
74100.0,6385193.936,-251344.953,-2676790.318,2413.776013,4857.958840,5301.649678
74160.0,6516219.241,40290.153,-2352944.070,1949.663842,4865.436663,5482.691404
74220.0,6619133.644,331738.511,-2018935.773,1477.131012,4851.952342,5640.054121
74280.0,6693492.583,621744.481,-1676207.963,998.216050,4817.564921,5773.058201
74340.0,6738974.686,909058.696,-1326240.836,514.985053,4762.423496,5881.129218
74400.0,6755383.163,1192443.441,-970545.853,29.522783,4686.766573,5963.800427
74460.0,6742646.652,1470677.986,-610659.212,-456.076331,4590.921032,6020.714783
74520.0,6700819.535,1742563.846,-248135.217,-939.717231,4475.300717,6051.626480
74580.0,6630081.703,2006929.942,115460.441,-1419.313265,4340.404651,6056.402015
74640.0,6530737.780,2262637.646,478557.442,-1892.795190,4186.814877,6035.020762
74700.0,6403215.817,2508585.684,839587.616,-2358.120103,4015.193952,5987.575064
74760.0,6248065.442,2743714.878,1196991.725,-2813.280253,3826.282084,5914.269834
74820.0,6065955.496,2967012.711,1549226.187,-3256.311706,3620.893945,5815.421666
74880.0,5857671.146,3177517.685,1894769.749,-3685.302815,3399.915151,5691.457473
74940.0,5624110.500,3374323.458,2232130.054,-4098.402474,3164.298451,5542.912639
75000.0,5366280.735,3556582.753,2559850.090,-4493.828099,2915.059613,5370.428709
75060.0,5085293.758,3723510.998,2876514.477,-4869.873328,2653.273046,5174.750618
75120.0,4782361.402,3874389.711,3180755.584,-5224.915377,2380.067172,4956.723474
75180.0,4458790.207,4008569.585,3471259.434,-5557.422050,2096.619558,4717.288907
75240.0,4115975.784,4125473.289,3746771.381,-5865.958343,1804.151843,4457.481002
75300.0,3755396.790,4224597.946,4006101.525,-6149.192645,1503.924472,4178.421836
75360.0,3378608.559,4305517.302,4248129.855,-6405.902481,1197.231262,3881.316626
75420.0,2987236.383,4367883.553,4471811.082,-6634.979788,885.393831,3567.448530
75480.0,2582968.512,4411428.844,4676179.157,-6835.435700,569.755898,3238.173104
75540.0,2167548.862,4435966.420,4860351.442,-7006.404815,251.677495,2894.912442
75600.0,1742769.497,4441391.423,5023532.522,-7147.148932,-67.470892,2539.149042
75660.0,1310462.899,4427681.343,5165017.639,-7257.060239,-386.314231,2172.419399
75720.0,872494.059,4394896.109,5284195.738,-7335.663935,-703.478866,1796.307367
75780.0,430752.435,4343177.832,5380552.105,-7382.620285,-1017.598434,1412.437325
75840.0,-12856.202,4272750.181,5453670.590,-7397.726085,-1327.319754,1022.467156
75900.0,-456417.988,4183917.424,5503235.403,-7380.915544,-1631.308655,628.081089
75960.0,-898019.224,4077063.107,5529032.482,-7332.260568,-1928.255723,230.982424
76020.0,-1335754.633,3952648.403,5530950.411,-7251.970454,-2216.881941,-167.113824
76080.0,-1767735.580,3811210.118,5508980.908,-7140.390992,-2495.944200,-564.488329
76140.0,-2192098.219,3653358.375,5463218.856,-6998.002970,-2764.240649,-959.424885
76200.0,-2607011.536,3479773.986,5393861.896,-6825.420107,-3020.615875,-1350.217814
76260.0,-3010685.251,3291205.510,5301209.569,-6623.386406,-3263.965877,-1735.179333
76320.0,-3401377.540,3088466.031,5185662.031,-6392.772946,-3493.242821,-2112.646845
76380.0,-3777402.553,2872429.646,5047718.313,-6134.574131,-3707.459549,-2480.990119
76440.0,-4137137.686,2644027.701,4887974.179,-5849.903393,-3905.693832,-2838.618331
76500.0,-4479030.587,2404244.774,4707119.539,-5539.988400,-4087.092341,-3183.986930
76560.0,-4801605.850,2154114.430,4505935.483,-5206.165755,-4250.874317,-3515.604317
76620.0,-5103471.385,1894714.769,4285290.896,-4849.875237,-4396.334933,-3832.038282
76680.0,-5383324.424,1627163.775,4046138.713,-4472.653584,-4522.848329,-4131.922187
76740.0,-5639957.147,1352614.501,3789511.799,-4076.127872,-4629.870301,-4413.960875
76800.0,-5872261.890,1072250.098,3516518.493,-3662.008494,-4716.940647,-4676.936258
76860.0,-6079235.927,787278.717,3228337.816,-3232.081780,-4783.685140,-4919.712582
76920.0,-6259985.801,498928.303,2926214.381,-2788.202295,-4829.817141,-5141.241327
76980.0,-6413731.180,208441.303,2611453.019,-2332.284839,-4855.138827,-5340.565741
77040.0,-6539808.221,-82930.688,2285413.142,-1866.296183,-4859.542042,-5516.824969
77100.0,-6637672.443,-373932.317,1949502.872,-1392.246590,-4843.008756,-5669.257770
77160.0,-6706901.077,-663309.883,1605172.961,-912.181137,-4805.611141,-5797.205808
77220.0,-6747194.887,-949816.740,1253910.524,-428.170899,-4747.511254,-5900.116492
77280.0,-6758379.472,-1232218.666,897232.615,57.695993,-4668.960336,-5977.545365
77340.0,-6740406.012,-1509299.178,536679.680,543.323355,-4570.297728,-6029.158022
77400.0,-6693351.488,-1779864.776,173808.896,1026.615997,-4451.949397,-6054.731555
77460.0,-6617418.349,-2042750.079,-189812.544,1505.488759,-4314.426108,-6054.155515
77520.0,-6512933.641,-2296822.851,-552614.210,1977.875513,-4158.321210,-6027.432390
77580.0,-6380347.601,-2540988.871,-913029.209,2441.738072,-3984.308081,-5974.677593
77640.0,-6220231.713,-2774196.649,-1269500.958,2895.074988,-3793.137223,-5896.118967
77700.0,-6033276.247,-2995441.954,-1620489.902,3335.930183,-3585.633023,-5792.095793
77760.0,-5820287.283,-3203772.137,-1964480.168,3762.401396,-3362.690201,-5663.057336
77820.0,-5582183.236,-3398290.235,-2299986.108,4172.648385,-3125.269949,-5509.560894
77880.0,-5319990.894,-3578158.829,-2625558.716,4564.900871,-2874.395789,-5332.269398
77940.0,-5034840.993,-3742603.654,-2939791.889,4937.466175,-2611.149160,-5131.948546
78000.0,-4727963.337,-3890916.930,-3241328.496,5288.736525,-2336.664756,-4909.463498
78060.0,-4400681.498,-4022460.405,-3528866.239,5617.195991,-2052.125635,-4665.775135
78120.0,-4054407.102,-4136668.108,-3801163.283,5921.427032,-1758.758122,-4401.935917
78180.0,-3690633.747,-4233048.778,-4057043.613,6200.116608,-1457.826520,-4119.085327
78240.0,-3310930.555,-4311187.981,-4295402.117,6452.061849,-1150.627663,-3818.444962
78300.0,-2916935.408,-4370749.890,-4515209.355,6676.175249,-838.485329,-3501.313245
78360.0,-2510347.879,-4411478.729,-4715516.010,6871.489359,-522.744535,-3169.059826
78420.0,-2092921.903,-4433199.873,-4895456.984,7037.160962,-204.765737,-2823.119663
78480.0,-1666458.210,-4435820.593,-5054255.137,7172.474713,114.081023,-2464.986825
78540.0,-1232796.557,-4419330.456,-5191224.640,7276.846232,432.422031,-2096.208040
78600.0,-793807.792,-4383801.360,-5305773.941,7349.824621,748.885808,-1718.376014
78660.0,-351385.782,-4329387.230,-5397408.317,7391.094419,1062.109028,-1333.122553
78720.0,92560.758,-4256323.342,-5465732.010,7400.476961,1370.742387,-942.111514
78780.0,536116.497,-4164925.311,-5510449.941,7377.931152,1673.456414,-547.031622
78840.0,977367.755,-4055587.725,-5531368.978,7323.553648,1968.947202,-149.589174
78900.0,1414410.755,-3928782.444,-5528398.775,7237.578444,2255.942020,248.499329
78960.0,1845359.843,-3785056.562,-5501552.159,7120.375860,2533.204800,645.514598
79020.0,2268355.617,-3625030.046,-5450945.079,6972.450955,2799.541454,1039.741975
79080.0,2681572.955,-3449393.062,-5376796.098,6794.441342,3053.805024,1429.478846
79140.0,3083228.886,-3258903.001,-5279425.457,6587.114446,3294.900614,1813.041991
79200.0,3471590.287,-3054381.210,-5159253.686,6351.364194,3521.790110,2188.774850
79260.0,3844981.359,-2836709.450,-5016799.791,6088.207157,3733.496648,2555.054684
79320.0,4201790.857,-2606826.098,-4852679.011,5798.778171,3929.108821,2910.299580
79380.0,4540479.047,-2365722.098,-4667600.161,5484.325441,4107.784599,3252.975283
79440.0,4859584.347,-2114436.693,-4462362.573,5146.205159,4268.754957,3581.601822
79500.0,5157729.634,-1854052.941,-4237852.641,4785.875654,4411.327187,3894.759904
79560.0,5433628.190,-1585693.051,-3995039.991,4404.891103,4534.887872,4191.097041
79620.0,5686089.252,-1310513.545,-3734973.300,4004.894825,4638.905530,4469.333392
79680.0,5914023.155,-1029700.273,-3458775.761,3587.612197,4722.932901,4728.267292
79740.0,6116446.029,-744463.305,-3167640.234,3154.843207,4786.608866,4966.780440
79800.0,6292484.055,-456031.712,-2862824.093,2708.454695,4829.660003,5183.842731
79860.0,6441377.227,-165648.277,-2545643.800,2250.372295,4851.901759,5378.516700
79920.0,6562482.642,125435.867,-2217469.212,1782.572130,4853.239241,5549.961578
79980.0,6655277.269,415966.621,-1879717.673,1307.072287,4833.667620,5697.436917
80040.0,6719360.213,704692.329,-1533847.886,825.924112,4793.272151,5820.305790
80100.0,6754454.444,990369.166,-1181353.616,341.203360,4732.227798,5918.037544
80160.0,6760407.996,1271766.499,-823757.237,-144.998761,4650.798479,5990.210089
80220.0,6737194.624,1547672.187,-462603.162,-630.584613,4549.335924,6036.511720
80280.0,6684913.921,1816897.803,-99451.166,-1113.459176,4428.278152,6056.742467
80340.0,6603790.889,2078283.751,264130.346,-1591.539085,4288.147589,6050.814957
80400.0,6494174.971,2330704.265,626571.115,-2062.761624,4129.548804,6018.754789
80460.0,6356538.549,2573072.252,986305.807,-2525.093621,3953.165905,5960.700427
80520.0,6191474.904,2804343.978,1341780.777,-2976.540224,3759.759590,5876.902600
80580.0,5999695.660,3023523.561,1691460.776,-3415.153506,3550.163861,5767.723219
80640.0,5782027.716,3229667.259,2033835.582,-3839.040871,3325.282433,5633.633816
80700.0,5539409.683,3421887.535,2367426.526,-4246.373218,3086.084835,5475.213505
80760.0,5272887.832,3599356.875,2690792.873,-4635.392838,2833.602230,5293.146482
80820.0,4983611.588,3761311.356,3002538.046,-5004.420998,2568.922968,5088.219070
80880.0,4672828.566,3907053.928,3301315.660,-5351.865181,2293.187900,4861.316322
80940.0,4341879.196,4035957.419,3585835.336,-5676.225963,2007.585454,4613.418202
81000.0,3992190.938,4147467.231,3854868.270,-5976.103481,1713.346518,4345.595348
81060.0,3625272.127,4241103.728,4107252.545,-6250.203479,1411.739133,4059.004451
81120.0,3242705.467,4316464.296,4341898.148,-6497.342887,1104.063026,3754.883259
81180.0,2846141.202,4373225.079,4557791.675,-6716.454933,791.644015,3434.545230
81240.0,2437290.000,4411142.366,4754000.712,-6906.593745,475.828290,3099.373861
81300.0,2017915.572,4430053.639,4929677.858,-7066.938435,157.976615,2750.816712
81360.0,1589827.064,4429878.272,5084064.388,-7196.796645,-160.541535,2390.379156
81420.0,1154871.252,4410617.869,5216493.525,-7295.607532,-478.353875,2019.617872
81480.0,714924.577,4372356.260,5326393.327,-7362.944194,-794.091221,1640.134130
81540.0,271885.048,4315259.131,5413289.152,-7398.515514,-1106.393393,1253.566869
81600.0,-172335.947,4239573.311,5476805.707,-7402.167415,-1413.915066,861.585621
81660.0,-615821.885,4145625.699,5516668.674,-7373.883534,-1715.331576,465.883301
81720.0,-1056659.378,4033821.860,5532705.889,-7313.785289,-2009.344618,68.168893
81780.0,-1492946.427,3904644.265,5524848.090,-7222.131360,-2294.687841,-329.839928
81840.0,-1922800.632,3758650.218,5493129.214,-7099.316577,-2570.132301,-726.424214
81900.0,-2344367.308,3596469.444,5437686.250,-6945.870218,-2834.491758,-1119.871171
81960.0,-2755827.491,3418801.379,5358758.649,-6762.453726,-3086.627779,-1508.481555
82020.0,-3155405.787,3226412.149,5256687.289,-6549.857862,-3325.454645,-1890.577010
82080.0,-3541378.030,3020131.268,5131913.002,-6308.999293,-3549.944024,-2264.507316
82140.0,-3912078.723,2800848.064,4984974.672,-6040.916640,-3759.129399,-2628.657519
82200.0,-4265908.226,2569507.838,4816506.905,-5746.765998,-3952.110229,-2981.454904
82260.0,-4601339.656,2327107.799,4627237.292,-5427.815954,-4128.055827,-3321.375784
82320.0,-4916925.479,2074692.754,4417983.262,-5085.442113,-4286.208933,-3646.952089
82380.0,-5211303.755,1813350.614,4189648.555,-4721.121165,-4425.888978,-3956.777697
82440.0,-5483204.015,1544207.702,3943219.318,-4336.424518,-4546.495007,-4249.514513
82500.0,-5731452.746,1268423.896,3679759.847,-3933.011517,-4647.508268,-4523.898247
82560.0,-5954978.455,987187.633,3400407.986,-3512.622291,-4728.494443,-4778.743871
82620.0,-6152816.291,701710.790,3106370.220,-3077.070243,-4789.105514,-5012.950742
82680.0,-6324112.216,413223.458,2798916.458,-2628.234228,-4829.081259,-5225.507352
82740.0,-6468126.687,122968.642,2479374.552,-2168.050451,-4848.250369,-5415.495697
82800.0,-6584237.848,-167803.092,2149124.560,-1698.504112,-4846.531185,-5582.095242
82860.0,-6671944.220,-457839.008,1809592.787,-1221.620843,-4823.932040,-5724.586468
82920.0,-6730866.863,-745889.595,1462245.626,-739.457967,-4780.551224,-5842.353974
82980.0,-6760751.015,-1030713.950,1108583.222,-254.095628,-4716.576555,-5934.889136
83040.0,-6761467.191,-1311085.127,750132.997,232.372191,-4632.284564,-6001.792309
83100.0,-6733011.747,-1585795.417,388443.047,717.846693,-4528.039304,-6042.774547
83160.0,-6675506.898,-1853661.556,25075.464,1200.233331,-4404.290773,-6057.658853
83220.0,-6589200.191,-2113529.818,-338400.416,1677.450837,-4261.572975,-6046.380943
83280.0,-6474463.441,-2364280.982,-700414.791,2147.440208,-4100.501612,-6008.989526
83340.0,-6331791.128,-2604835.160,-1059404.168,2608.173585,-3921.771433,-5945.646090
83400.0,-6161798.267,-2834156.440,-1413818.120,3057.663005,-3726.153232,-5856.624206
83460.0,-5965217.757,-3051257.351,-1762125.982,3493.968978,-3514.490526,-5742.308348
83520.0,-5742897.220,-3255203.114,-2102823.458,3915.208857,-3287.695920,-5603.192232
83580.0,-5495795.348,-3445115.665,-2434439.122,4319.564960,-3046.747169,-5439.876680
83640.0,-5224977.766,-3620177.441,-2755540.771,4705.292412,-2792.682962,-5253.067031
83700.0,-4931612.439,-3779634.892,-3064741.608,5070.726679,-2526.598449,-5043.570091
83760.0,-4616964.636,-3922801.731,-3360706.238,5414.290748,-2249.640517,-4812.290649
83820.0,-4282391.469,-4049061.884,-3642156.429,5734.501931,-1963.002844,-4560.227569
83880.0,-3929336.043,-4157872.143,-3907876.635,6029.978267,-1667.920762,-4288.469479
83940.0,-3559321.230,-4248764.500,-4156719.246,6299.444486,-1365.665926,-3998.190064
84000.0,-3173943.099,-4321348.166,-4387609.545,6541.737510,-1057.540836,-3690.643003
84060.0,-2774864.035,-4375311.243,-4599550.348,6755.811474,-744.873227,-3367.156551
84120.0,-2363805.565,-4410422.072,-4791626.310,6940.742246,-429.010342,-3029.127802
84180.0,-1942540.933,-4426530.220,-4963007.881,7095.731408,-111.313132,-2678.016656
84240.0,-1512887.448,-4423567.134,-5112954.887,7220.109709,206.849610,-2315.339516
84300.0,-1076698.650,-4401546.421,-5240819.727,7313.339951,524.107145,-1942.662735
84360.0,-635856.307,-4360563.796,-5346050.171,7375.019314,839.092698,-1561.595854
84420.0,-192262.301,-4300796.661,-5428191.741,7404.881090,1150.449339,-1173.784651
84480.0,252169.579,-4222503.338,-5486889.680,7402.795843,1456.835834,-780.904030
84540.0,695521.891,-4126021.950,-5521890.479,7368.771966,1756.932421,-384.650788
84600.0,1135881.816,-4011768.966,-5533042.974,7302.955647,2049.446496,13.263708
84660.0,1571349.408,-3880237.401,-5520298.999,7205.630243,2333.118178,411.120920
84720.0,2000045.795,-3731994.685,-5483713.594,7077.215061,2606.725736,807.202556
84780.0,2420121.280,-3567680.220,-5423444.766,6918.263546,2869.090853,1199.797993
84840.0,2829763.327,-3388002.620,-5339752.808,6729.460904,3119.083699,1587.211663
84900.0,3227204.380,-3193736.655,-5232999.175,6511.621140,3355.627796,1967.770379
84960.0,3610729.487,-2985719.911,-5103644.920,6265.683554,3577.704654,2339.830559
85020.0,3978683.707,-2764849.178,-4952248.709,5992.708690,3784.358157,2701.785325
85080.0,4329479.243,-2532076.584,-4779464.399,5693.873759,3974.698677,3052.071443
85140.0,4661602.300,-2288405.490,-4586038.225,5370.467567,4147.906906,3389.176073
85200.0,4973619.612,-2034886.167,-4372805.567,5023.884955,4303.237382,3711.643308
85260.0,5264184.635,-1772611.267,-4140687.349,4655.620781,4440.021696,4018.080453
85320.0,5532043.348,-1502711.113,-3890686.058,4267.263477,4557.671372,4307.164048
85380.0,5776039.674,-1226348.832,-3623881.416,3860.488191,4655.680393,4577.645579
85440.0,5995120.466,-944715.337,-3341425.717,3437.049570,4733.627382,4828.356874
85500.0,6188340.051,-659024.201,-3044538.849,2998.774182,4791.177414,5058.215143
85560.0,6354864.317,-370506.421,-2734503.026,2547.552644,4828.083449,5266.227661
85620.0,6493974.307,-80405.119,-2412657.252,2085.331462,4844.187401,5451.496048
85680.0,6605069.328,210029.815,-2080391.535,1614.104638,4839.420807,5613.220155
85740.0,6687669.546,499547.110,-1739140.886,1135.905062,4813.805125,5750.701518
85800.0,6741418.053,786899.505,-1390379.121,652.795749,4767.451632,5863.346373
85860.0,6766082.413,1070849.118,-1035612.495,166.860933,4700.560943,5950.668222
85920.0,6761555.667,1350172.784,-676373.198,-319.802921,4613.422144,6012.289934
85980.0,6727856.797,1623667.321,-314212.736,-805.096163,4506.411541,6047.945373
86040.0,6665130.643,1890154.712,49304.769,-1286.925018,4379.991034,6057.480547
86100.0,6573647.287,2148487.183,412609.333,-1763.210617,4234.706126,6040.854277
86160.0,6453800.882,2397552.142,774131.893,-2231.897970,4071.183566,5998.138367
86220.0,6306107.962,2636276.972,1132311.081,-2690.964827,3890.128648,5929.517303
86280.0,6131205.210,2863633.652,1485599.969,-3138.430408,3692.322168,5835.287450
86340.0,5929846.715,3078643.183,1832472.751,-3572.363951,3478.617057,5715.855773
86400.0,5702900.721,3280379.801,2171431.329,-3990.893036,3249.934700,5571.738083


