"Time (EpSec)","x (m)","y (m)","z (m)","vx (m/sec)","vy (m/sec)","vz (m/sec)"
0.0,6510318.807,2369563.529,0.000,-1561.261165,4289.527503,6057.721141
60.0,6402669.204,2621639.508,363201.928,-2025.768509,4109.983430,6044.656003
120.0,6267401.376,2862406.917,724837.167,-2481.537603,3912.710743,6005.516948
180.0,6105098.808,3090827.195,1083345.786,-2926.602463,3698.560388,5940.472803
240.0,5916461.598,3305915.039,1437181.339,-3359.043280,3468.456113,5849.804140
300.0,5702303.444,3506742.658,1784817.541,-3776.994702,3223.390483,5733.902062
360.0,5463548.126,3692443.772,2124754.846,-4178.653873,2964.420602,5593.266519
420.0,5201225.527,3862217.350,2455526.918,-4562.288217,2692.663549,5428.504148
480.0,4916467.189,4015331.066,2775706.954,-4926.242909,2409.291560,5240.325660
540.0,4610501.431,4151124.456,3083913.844,-5268.948012,2115.526975,5029.542773
600.0,4284648.051,4269011.768,3378818.121,-5588.925252,1812.636961,4797.064709
660.0,3940312.632,4368484.491,3659147.702,-5884.794391,1501.928050,4543.894272
720.0,3578980.484,4449113.543,3923693.371,-6155.279183,1184.740499,4271.123526
780.0,3202210.229,4510551.127,4171313.998,-6399.212878,862.442512,3979.929082
840.0,2811627.084,4552532.230,4400941.459,-6615.543258,536.424337,3671.567019
900.0,2408915.849,4574875.763,4611585.245,-6803.337170,208.092270,3347.367474
960.0,1995813.639,4577485.347,4802336.734,-6961.784556,-121.137413,3008.728896
1020.0,1574102.389,4560349.726,4972373.109,-7090.201945,-449.844564,2657.112019
1080.0,1145601.172,4523542.814,5120960.912,-7188.035404,-776.611289,2294.033561
1140.0,712158.348,4467223.380,5247459.200,-7254.862922,-1100.028063,1921.059677
1200.0,275643.595,4391634.360,5351322.317,-7290.396236,-1418.699812,1539.799209
1260.0,-162060.160,4297101.813,5432102.246,-7294.482071,-1731.251931,1151.896742
1320.0,-599064.861,4184033.507,5489450.537,-7267.102803,-2036.336211,759.025513
1380.0,-1033485.466,4052917.169,5523119.816,-7208.376533,-2332.636655,362.880190
1440.0,-1463448.082,3904318.376,5532964.849,-7118.556581,-2618.875157,-34.830435
1500.0,-1887098.043,3738878.116,5518943.169,-6998.030388,-2893.817014,-432.390816
1560.0,-2302607.914,3557310.023,5481115.259,-6847.317851,-3156.276251,-828.086059
1620.0,-2708185.375,3360397.300,5419644.292,-6667.069075,-3405.120736,-1220.209313
1680.0,-3102080.946,3148989.340,5334795.426,-6458.061572,-3639.277067,-1607.069134
1740.0,-3482595.540,2923998.061,5226934.659,-6221.196907,-3857.735200,-1986.996784
1800.0,-3848087.789,2686393.974,5096527.256,-5957.496805,-4059.552804,-2358.353427
1860.0,-4196981.124,2437201.996,4944135.735,-5668.098752,-4243.859330,-2719.537197
1920.0,-4527770.577,2177497.029,4770417.443,-5354.251079,-4409.859762,-3068.990112
1980.0,-4839029.270,1908399.323,4576121.724,-5017.307583,-4556.838049,-3405.204788
2040.0,-5129414.576,1631069.643,4362086.681,-4658.721687,-4684.160194,-3726.730948
2100.0,-5397673.903,1346704.264,4129235.565,-4280.040168,-4791.276986,-4032.181673
2160.0,-5642650.100,1056529.812,3878572.791,-3882.896488,-4877.726372,-4320.239386
2220.0,-5863286.452,761797.967,3611179.604,-3469.003745,-4943.135447,-4589.661536
2280.0,-6058631.232,463780.069,3328209.418,-3040.147285,-4987.222067,-4839.285957
2340.0,-6227841.812,163761.633,3030882.839,-2598.177003,-5009.796062,-5068.035884
2400.0,-6370188.293,-136963.197,2720482.399,-2144.999357,-5010.760059,-5274.924591
2460.0,-6485056.657,-437097.229,2398347.027,-1682.569152,-4990.109897,-5459.059654
2520.0,-6571951.413,-735345.821,2065866.267,-1212.881104,-4947.934654,-5619.646797
2580.0,-6630497.738,-1030422.463,1724474.293,-737.961233,-4884.416255,-5755.993321
2640.0,-6660443.088,-1321054.327,1375643.715,-259.858131,-4799.828688,-5867.511088
2700.0,-6661658.292,-1605987.760,1020879.231,219.365882,-4694.536826,-5953.719060
2760.0,-6634138.110,-1883993.686,661711.135,697.643649,-4568.994851,-6014.245375
2820.0,-6578001.249,-2153872.914,299688.716,1172.912096,-4423.744295,-6048.828950
2880.0,-6493489.861,-2414461.306,-63626.426,1643.121130,-4259.411703,-6057.320607
2940.0,-6380968.488,-2664634.802,-426667.111,2106.242482,-4076.705931,-6039.683717
3000.0,-6240922.497,-2903314.265,-787867.347,2560.278453,-3876.415089,-5995.994358
3060.0,-6073955.983,-3129470.142,-1145669.079,3003.270539,-3659.403143,-5926.440985
3120.0,-5880789.164,-3342126.897,-1498528.912,3433.307872,-3426.606183,-5831.323620
3180.0,-5662255.276,-3540367.225,-1844924.767,3848.535464,-3179.028391,-5711.052558
3240.0,-5419296.973,-3723336.006,-2183362.450,4247.162211,-2917.737705,-5566.146592
3300.0,-5152962.270,-3890243.997,-2512382.093,4627.468617,-2643.861215,-5397.230782
3360.0,-4864400.013,-4040371.231,-2830564.453,4987.814212,-2358.580301,-5205.033755
3420.0,-4554854.930,-4173070.127,-3136537.035,5326.644628,-2063.125537,-4990.384561
3480.0,-4225662.259,-4287768.282,-3428980.013,5642.498303,-1758.771380,-4754.209101
3540.0,-3878241.987,-4383970.940,-3706631.918,5934.012787,-1446.830677,-4497.526129
3600.0,-3514092.731,-4461263.126,-3968295.086,6199.930618,-1128.649000,-4221.442858
3660.0,-3134785.264,-4519311.436,-4212840.821,6439.104747,-805.598840,-3927.150189
3720.0,-2741955.749,-4557865.477,-4439214.261,6650.503485,-479.073691,-3615.917566
3780.0,-2337298.674,-4576758.943,-4646438.935,6833.214951,-150.482034,-3289.087507
3840.0,-1922559.548,-4575910.337,-4833620.968,6986.451013,178.758735,-2948.069809
3900.0,-1499527.367,-4555323.319,-4999952.943,7109.550679,507.228419,-2594.335468
3960.0,-1070026.902,-4515086.692,-5144717.377,7201.982951,833.510149,-2229.410335
4020.0,-635910.824,-4455374.019,-5267289.822,7263.349120,1156.196492,-1854.868532
4080.0,-199051.714,-4376442.873,-5367141.556,7293.384479,1473.895526,-1472.325663
4140.0,238666.015,-4278633.728,-5443841.864,7291.959470,1785.236839,-1083.431846
4200.0,675354.247,-4162368.489,-5497059.895,7259.080238,2088.877446,-689.864593
4260.0,1109129.306,-4028148.670,-5526566.091,7194.888610,2383.507579,-293.321576
4320.0,1538120.081,-3876553.236,-5532233.176,7099.661481,2667.856336,104.486698
4380.0,1960476.101,-3708236.102,-5514036.703,6973.809616,2940.697165,501.844264
4440.0,2374375.511,-3523923.310,-5472055.165,6817.875884,3200.853153,897.037101
4500.0,2778032.937,-3324409.904,-5406469.650,6632.532913,3447.202106,1288.360524
4560.0,3169707.183,-3110556.494,-5317563.066,6418.580189,3678.681385,1674.126541
4620.0,3547708.743,-2883285.547,-5205718.915,6176.940606,3894.292492,2052.671132
4680.0,3910407.089,-2643577.407,-5071419.642,5908.656490,4093.105380,2422.361426
4740.0,4256237.703,-2392466.068,-4915244.553,5614.885096,4274.262458,2781.602746
4800.0,4583708.829,-2131034.710,-4737867.318,5296.893623,4436.982297,3128.845488
4860.0,4891407.904,-1860411.030,-4540053.062,4956.053741,4580.562997,3462.591802
4920.0,5178007.653,-1581762.377,-4322655.066,4593.835680,4704.385216,3781.402058
4980.0,5442271.814,-1296290.715,-4086611.087,4211.801885,4807.914841,4083.901053
5040.0,5683060.471,-1005227.439,-3832939.313,3811.600278,4890.705290,4368.783941
5100.0,5899334.969,-709828.066,-3562733.968,3394.957148,4952.399445,4634.821867
5160.0,6090162.400,-411366.816,-3277160.597,2963.669705,4992.731184,4880.867264
5220.0,6254719.619,-111131.114,-2977451.034,2519.598329,5011.526533,5105.858803
5280.0,6392296.800,189583.957,-2664898.091,2064.658542,5008.704419,5308.825971
5340.0,6502300.498,489481.248,-2340849.981,1600.812751,4984.277015,5488.893259
5400.0,6584256.206,787267.139,-2006704.500,1130.061775,4938.349690,5645.283940
5460.0,6637810.405,1081657.114,-1663903.002,654.436224,4871.120553,5777.323414
5520.0,6662732.086,1371381.308,-1313924.178,175.987730,4782.879600,5884.442122
5580.0,6658913.748,1655189.983,-958277.677,-303.219896,4674.007464,5966.178003
5640.0,6626371.862,1931858.915,-598497.599,-781.119568,4544.973769,6022.178485
5700.0,6565246.798,2200194.679,-236135.873,-1255.649843,4396.335109,6052.202007
5760.0,6475802.222,2459039.797,127244.437,-1724.763811,4228.732643,6056.119061
5820.0,6358423.959,2707277.727,490075.872,-2186.437926,4042.889333,6033.912750
5880.0,6213618.324,2943837.683,850793.341,-2638.680736,3839.606823,5985.678864
5940.0,6042009.945,3167699.251,1207840.871,-3079.541467,3619.761983,5911.625461
6000.0,5844339.061,3377896.795,1559678.321,-3507.118446,3384.303123,5812.071973
6060.0,5621458.337,3573523.617,1904788.023,-3919.567300,3134.245907,5687.447830
6120.0,5374329.179,3753735.871,2241681.328,-4315.108909,2870.668968,5538.290605
6180.0,5104017.590,3917756.202,2568905.033,-4692.037086,2594.709260,5365.243693
6240.0,4811689.574,4064877.102,2885047.640,-5048.725932,2307.557146,5169.053542
6300.0,4498606.100,4194463.956,3188745.454,-5383.636854,2010.451273,4950.566427
6360.0,4166117.670,4305957.786,3478688.460,-5695.325196,1704.673220,4710.724802
6420.0,3815658.488,4398877.657,3753625.973,-5982.446476,1391.541977,4450.563237
6480.0,3448740.278,4472822.756,4012372.039,-6243.762182,1072.408249,4171.203951
6540.0,3066945.759,4527474.116,4253810.542,-6478.145116,748.648637,3873.851974
6600.0,2671921.821,4562595.997,4476900.026,-6684.584256,421.659692,3559.789948
6660.0,2265372.417,4578036.897,4680678.185,-6862.189116,92.851897,3230.372595
6720.0,1849051.219,4573730.213,4864266.010,-7010.193590,-236.356419,2887.020872
6780.0,1424754.049,4549694.521,5026871.588,-7127.959253,-564.545199,2531.215844
6840.0,994311.134,4506033.500,5167793.510,-7214.978117,-890.298787,2164.492294
6900.0,559579.208,4442935.484,5286423.903,-7270.874821,-1212.212028,1788.432101
6960.0,122433.511,4360672.650,5382251.050,-7295.408253,-1528.896333,1404.657419
7020.0,-315240.310,4259599.843,5454861.595,-7288.472587,-1838.985669,1014.823679
7080.0,-751554.326,4140153.044,5503942.329,-7250.097740,-2141.142451,620.612447
7140.0,-1184626.476,4002847.493,5529281.540,-7180.449243,-2434.063311,223.724174
7200.0,-1612588.681,3848275.466,5530769.926,-7079.827530,-2716.484720,-174.129145
7260.0,-2033594.908,3677103.714,5508401.067,-6948.666635,-2987.188441,-571.231349
7320.0,-2445829.123,3490070.598,5462271.452,-6787.532329,-3245.006779,-965.869519
7380.0,-2847513.136,3287982.891,5392580.063,-6597.119673,-3488.827622,-1356.341363
7440.0,-3236914.262,3071712.311,5299627.518,-6378.250019,-3717.599237,-1740.962564
7500.0,-3612352.801,2842191.750,5183814.772,-6131.867474,-3930.334808,-2118.074037
7560.0,-3972209.281,2600411.256,5045641.388,-5859.034820,-4126.116688,-2486.049095
7620.0,-4314931.442,2347413.763,4885703.385,-5560.928934,-4304.100362,-2843.300460
7680.0,-4639040.937,2084290.585,4704690.663,-5238.835711,-4463.518091,-3188.287109
7740.0,-4943139.703,1812176.719,4503384.028,-4894.144515,-4603.682217,-3519.520927
7800.0,-5225915.995,1532245.941,4282651.828,-4528.342189,-4723.988136,-3835.573120
7860.0,-5486150.045,1245705.745,4043446.200,-4143.006638,-4823.916902,-4135.080382
7920.0,-5722719.319,953792.136,3786798.971,-3739.800026,-4903.037468,-4416.750773
7980.0,-5934603.366,657764.299,3513817.199,-3320.461606,-4961.008543,-4679.369296
8040.0,-6120888.211,358899.164,3225678.407,-2886.800212,-4997.580067,-4921.803131
8100.0,-6280770.308,58485.899,2923625.494,-2440.686465,-5012.594285,-5143.006528
8160.0,-6413559.997,-242179.647,2608961.379,-1984.044699,-5005.986435,-5342.025317
8220.0,-6518684.482,-541800.540,2283043.383,-1518.844659,-4977.785018,-5518.001020
8280.0,-6595690.305,-839084.349,1947277.369,-1047.093009,-4928.111684,-5670.174557
8340.0,-6644245.296,-1132748.727,1603111.679,-570.824672,-4857.180700,-5797.889520
8400.0,-6664140.013,-1421526.939,1252030.888,-92.094055,-4765.298031,-5900.595005
8460.0,-6655288.637,-1704173.325,895549.401,387.033813,-4652.860016,-5977.847985
8520.0,-6617729.350,-1979468.676,535204.919,864.492193,-4520.351664,-6029.315228
8580.0,-6551624.165,-2246225.494,172551.804,1338.221544,-4368.344555,-6054.774727
8640.0,-6457258.231,-2503293.108,-190845.622,1806.178411,-4197.494380,-6054.116659
8700.0,-6335038.599,-2749562.645,-553419.826,2266.344239,-4008.538108,-6027.343865
8760.0,-6185492.470,-2983971.810,-913606.826,2716.734082,-3802.290811,-5974.571831
8820.0,-6009264.918,-3205509.468,-1269852.939,3155.405159,-3579.642149,-5896.028189
8880.0,-5807116.110,-3413220.004,-1620621.480,3580.465243,-3341.552526,-5792.051744
8940.0,-5579918.023,-3606207.450,-1964399.391,3990.080816,-3089.048953,-5663.091001
9000.0,-5328650.689,-3783639.345,-2299703.769,4382.484982,-2823.220618,-5509.702240
9060.0,-5054397.961,-3944750.328,-2625088.264,4755.985085,-2545.214183,-5332.547110
9120.0,-4758342.842,-4088845.437,-2939149.312,5108.970015,-2256.228843,-5132.389779
9180.0,-4441762.379,-4215303.114,-3240532.197,5439.917154,-1957.511150,-4910.093635
9240.0,-4106022.158,-4323577.875,-3527936.889,5747.398946,-1650.349637,-4666.617563
9300.0,-3752570.410,-4413202.672,-3800123.653,6030.089053,-1336.069261,-4403.011809
9360.0,-3382931.768,-4483790.905,-4055918.399,6286.768077,-1016.025685,-4120.413449
9420.0,-2998700.685,-4535038.088,-4294217.744,6516.328822,-691.599433,-3820.041486
9480.0,-2601534.560,-4566723.164,-4513993.771,6717.781065,-364.189933,-3503.191587
9540.0,-2193146.590,-4578709.457,-4714298.467,6890.255833,-35.209482,-3171.230502
9600.0,-1775298.375,-4570945.264,-4894267.807,7033.009147,293.922846,-2825.590159
9660.0,-1349792.324,-4543464.076,-5053125.485,7145.425233,621.787325,-2467.761496
9720.0,-918463.878,-4496384.435,-5190186.260,7227.019181,946.969693,-2099.288023
9780.0,-483173.594,-4429909.420,-5304858.914,7277.439029,1268.067261,-1721.759169
9840.0,-45799.117,-4344325.776,-5396648.801,7296.467291,1583.694960,-1336.803424
9900.0,391772.917,-4240002.672,-5465159.981,7284.021885,1892.491313,-946.081312
9960.0,827655.019,-4117390.109,-5510096.927,7240.156497,2193.124313,-551.278232
10020.0,1259966.992,-3977016.984,-5531265.802,7165.060341,2484.297165,-154.097186
10080.0,1686844.035,-3819488.803,-5528575.293,7059.057349,2764.753880,243.748565
10140.0,2106444.794,-3645485.071,-5502037.006,6922.604770,3033.284694,640.542895
10200.0,2516959.301,-3455756.362,-5451765.414,6756.291199,3288.731288,1034.574211
10260.0,2916616.782,-3251121.079,-5377977.367,6560.834036,3529.991779,1424.142842
10320.0,3303693.295,-3032461.928,-5280991.153,6337.076397,3756.025479,1807.568363
10380.0,3676519.166,-2800722.105,-5161225.127,6085.983470,3965.857380,2183.196851
10440.0,4033486.192,-2556901.230,-5019195.905,5808.638358,4158.582362,2549.408012
10500.0,4373054.579,-2302051.038,-4855516.137,5506.237401,4333.369097,2904.622178
10560.0,4693759.583,-2037270.836,-4670891.864,5180.085021,4489.463634,3247.307114
10620.0,4994217.827,-1763702.768,-4466119.472,4831.588093,4626.192650,3575.984634
10680.0,5273133.269,-1482526.882,-4242082.256,4462.249875,4742.966360,3889.236970
10740.0,5529302.794,-1194956.044,-3999746.612,4073.663524,4839.281054,4185.712893
10800.0,5761621.402,-902230.705,-3740157.866,3667.505228,4914.721273,4464.133540
10860.0,5969086.976,-605613.550,-3464435.768,3245.526969,4968.961603,4723.297929
10920.0,6150804.603,-306384.051,-3173769.657,2809.548972,5001.768075,4962.088143
10980.0,6305990.436,-5832.950,-2869413.336,2361.451849,5012.999177,5179.474149
11040.0,6433975.071,294743.311,-2552679.662,1903.168488,5002.606464,5374.518240
11100.0,6534206.442,594048.184,-2224934.879,1436.675717,4970.634764,5546.379086
11160.0,6606252.196,890790.600,-1887592.732,963.985776,4917.221989,5694.315356
11220.0,6649801.559,1183690.548,-1542108.361,487.137636,4842.598538,5817.688919
11280.0,6664666.680,1471484.589,-1189972.031,8.188203,4747.086303,5915.967599
11340.0,6650783.437,1752931.309,-832702.699,-470.796550,4631.097280,5988.727464
11400.0,6608211.716,2026816.676,-471841.463,-947.750499,4495.131793,6035.654662
11460.0,6537135.153,2291959.269,-108944.916,-1420.616280,4339.776337,6056.546770
11520.0,6437860.338,2547215.385,254421.570,-1887.354164,4165.701044,6051.313668
11580.0,6310815.500,2791483.964,616690.596,-2345.950853,3973.656798,6019.977931
11640.0,6156548.653,3023711.341,976299.497,-2794.428170,3764.471989,5962.674726
11700.0,5975725.233,3242895.791,1331697.084,-3230.851584,3539.048947,5879.651234
11760.0,5769125.231,3448091.853,1681350.329,-3653.338564,3298.360045,5771.265580
11820.0,5537639.827,3638414.403,2023750.989,-4060.066689,3043.443507,5637.985291
11880.0,5282267.545,3813042.475,2357422.100,-4449.281519,2775.398928,5480.385278
11940.0,5004109.944,3971222.804,2680924.356,-4819.304157,2495.382530,5299.145357
12000.0,4704366.872,4112273.069,2992862.314,-5168.538492,2204.602178,5095.047314
12060.0,4384331.284,4235584.844,3291890.416,-5495.478085,1904.312167,4868.971537
12120.0,4045383.670,4340626.218,3576718.788,-5798.712666,1595.807813,4621.893214
12180.0,3688986.097,4426944.090,3846118.809,-6076.934217,1280.419864,4354.878130
12240.0,3316675.902,4494166.123,4098928.410,-6328.942618,959.508762,4069.078068
12300.0,2930059.065,4542002.352,4334057.083,-6553.650816,634.458773,3765.725839
12360.0,2530803.276,4570246.433,4550490.591,-6750.089522,306.672014,3446.129968
12420.0,2120630.743,4578776.533,4747295.336,-6917.411389,-22.437589,3111.669049
12480.0,1701310.767,4567555.858,4923622.391,-7054.894666,-351.450406,2763.785793
12540.0,1274652.103,4536632.809,5078711.162,-7161.946311,-678.947225,2403.980813
12600.0,842495.166,4486140.773,5211892.665,-7238.104552,-1003.515373,2033.806145
12660.0,406704.085,4416297.551,5322592.416,-7283.040877,-1323.754807,1654.858554
12720.0,-30841.334,4327404.414,5410332.905,-7296.561451,-1638.284161,1268.772652
12780.0,-468253.717,4219844.808,5474735.660,-7278.607952,-1945.746697,877.213836
12840.0,-903646.265,4094082.696,5515522.876,-7229.257824,-2244.816160,481.871116
12900.0,-1335140.891,3950660.559,5532518.616,-7148.723940,-2534.202498,84.449821
12960.0,-1760876.322,3790197.056,5525649.568,-7037.353687,-2812.657431,-313.335752
13020.0,-2179016.127,3613384.353,5494945.362,-6895.627468,-3078.979830,-709.769735
13080.0,-2587756.640,3420985.141,5440538.441,-6724.156623,-3332.020899,-1103.142093
13140.0,-2985334.739,3213829.343,5362663.493,-6523.680802,-3570.689134,-1491.755994
13200.0,-3370035.451,2992810.536,5261656.436,-6295.064766,-3793.955027,-1873.935132
13260.0,-3740199.351,2758882.095,5137952.967,-6039.294663,-4000.855511,-2248.030960
13320.0,-4094229.719,2513053.082,4992086.688,-5757.473767,-4190.498110,-2612.429798
13380.0,-4430599.429,2256383.892,4824686.801,-5450.817729,-4362.064792,-2965.559792
13440.0,-4747857.532,1989981.681,4636475.392,-5120.649323,-4514.815495,-3305.897700
13500.0,-5044635.521,1714995.586,4428264.321,-4768.392747,-4648.091321,-3631.975457
13560.0,-5319653.229,1432611.775,4200951.716,-4395.567477,-4761.317380,-3942.386511
13620.0,-5571724.353,1144048.323,3955518.102,-4003.781713,-4854.005264,-4235.791890
13680.0,-5799761.574,850549.963,3693022.168,-3594.725442,-4925.755161,-4510.925973
13740.0,-6002781.241,553382.715,3414596.203,-3170.163148,-4976.257572,-4766.601959
13800.0,-6179907.620,253828.423,3121441.211,-2731.926200,-5005.294655,-5001.716975
13860.0,-6330376.666,-46820.770,2814821.731,-2281.904956,-5012.741156,-5215.256841
13920.0,-6453539.324,-347267.999,2496060.380,-1822.040604,-4998.564954,-5406.300443
13980.0,-6548864.326,-646217.271,2166532.152,-1354.316791,-4962.827199,-5574.023705
14040.0,-6615940.484,-942379.054,1827658.481,-880.751067,-4905.682047,-5717.703145
14100.0,-6654478.460,-1234475.838,1480901.117,-403.386180,-4827.375997,-5836.718994
14160.0,-6664312.020,-1521247.651,1127755.814,75.718732,-4728.246826,-5930.557872
14220.0,-6645398.746,-1801457.488,769745.881,554.497029,-4608.722132,-5998.815000
14280.0,-6597820.220,-2073896.651,408415.612,1030.883475,-4469.317491,-6041.195947
14340.0,-6521781.677,-2337389.959,45323.622,1502.823155,-4310.634231,-6057.517902
14400.0,-6417611.110,-2590800.822,-317963.873,1968.280335,-4133.356841,-6047.710458
14460.0,-6285757.866,-2833036.140,-679879.816,2425.247241,-3938.250016,-6011.815922
14520.0,-6126790.700,-3063051.019,-1038863.064,2871.752726,-3726.155357,-5949.989125
14580.0,-5941395.324,-3279853.278,-1393365.126,3305.870765,-3497.987745,-5862.496760
14640.0,-5730371.450,-3482507.730,-1741856.839,3725.728770,-3254.731394,-5749.716230
14700.0,-5494629.340,-3670140.216,-2082834.968,4129.515663,-2997.435600,-5612.134020
14760.0,-5235185.879,-3841941.373,-2414828.687,4515.489689,-2727.210222,-5450.343596
14820.0,-4953160.189,-3997170.129,-2736405.926,4881.985931,-2445.220890,-5265.042850
14880.0,-4649768.802,-4135156.898,-3046179.544,5227.423488,-2152.683978,-5057.031086
14940.0,-4326320.410,-4255306.466,-3342813.318,5550.312301,-1850.861360,-4827.205572
15000.0,-3984210.225,-4357100.562,-3625027.705,5849.259571,-1541.054961,-4576.557672
15060.0,-3624913.956,-4440100.094,-3891605.358,6122.975775,-1224.601146,-4306.168568
15120.0,-3249981.443,-4503947.037,-4141396.382,6370.280225,-902.864955,-4017.204596
15180.0,-2861029.978,-4548365.986,-4373323.292,6590.106162,-577.234212,-3710.912217
15240.0,-2459737.321,-4573165.337,-4586385.658,6781.505355,-249.113541,-3388.612637
15300.0,-2047834.466,-4578238.117,-4779664.427,6943.652195,80.081693,-3051.696112
15360.0,-1627098.179,-4563562.444,-4952325.881,7075.847253,408.931491,-2701.615947
15420.0,-1199343.324,-4529201.622,-5103625.236,7177.520300,736.017343,-2339.882230
15480.0,-766415.044,-4475303.869,-5232909.856,7248.232764,1059.928349,-1968.055318
15540.0,-330180.794,-4402101.674,-5339622.064,7287.679624,1379.267302,-1587.739103
15600.0,107477.706,-4309910.800,-5423301.552,7295.690722,1692.656718,-1200.574098
15660.0,544672.595,-4199128.916,-5483587.366,7272.231504,1998.744777,-808.230359
15720.0,979518.013,-4070233.885,-5520219.459,7217.403161,2296.211154,-412.400278
15780.0,1410138.233,-3923781.703,-5533039.816,7131.442199,2583.772712,-14.791289
15840.0,1834675.752,-3760404.097,-5521993.137,7014.719414,2860.189040,382.881503
15900.0,2251299.309,-3580805.805,-5487127.072,6867.738295,3124.267804,778.902717
15960.0,2658211.776,-3385761.532,-5428592.017,6691.132853,3374.869887,1171.564097
16020.0,3053657.917,-3176112.613,-5346640.467,6485.664884,3610.914305,1559.171877
16080.0,3435931.957,-2952763.378,-5241625.923,6252.220684,3831.382868,1940.054094
16140.0,3803384.937,-2716677.254,-5114001.370,5991.807225,4035.324574,2312.567793
16200.0,4154431.830,-2468872.610,-4964317.324,5705.547815,4221.859712,2675.106119
16260.0,4487558.381,-2210418.365,-4793219.453,5394.677247,4390.183652,3026.105244
16320.0,4801327.629,-1942429.372,-4601445.797,5060.536476,4539.570322,3364.051117
16380.0,5094386.117,-1666061.616,-4389823.581,4704.566835,4669.375334,3687.485991
16440.0,5365469.723,-1382507.222,-4159265.647,4328.303815,4779.038768,3995.014716
16500.0,5613409.115,-1092989.315,-3910766.518,3933.370447,4868.087586,4285.310750
16560.0,5837134.792,-798756.746,-3645398.108,3521.470294,4936.137672,4557.121888
16620.0,6035681.705,-501078.701,-3364305.096,3094.380107,4982.895487,4809.275658
16680.0,6208193.412,-201239.229,-3068699.990,2653.942161,5008.159341,5040.684384
16740.0,6353925.774,99468.299,-2759857.897,2202.056307,5011.820255,5250.349873
16800.0,6472250.168,399746.765,-2439111.023,1740.671776,4993.862439,5437.367723
16860.0,6562656.196,698300.904,-2107842.925,1271.778772,4954.363355,5600.931222
16920.0,6624753.887,993842.888,-1767482.543,797.399888,4893.493383,5740.334831
16980.0,6658275.380,1285097.883,-1419498.040,319.581382,4811.515089,5854.977227
17040.0,6663076.078,1570809.545,-1065390.463,-159.615655,4708.782091,5944.363894
17100.0,6639135.274,1849745.444,-706687.273,-638.124181,4585.737532,6008.109259
17160.0,6586556.236,2120702.376,-344935.752,-1113.880128,4442.912171,6045.938351
17220.0,6505565.768,2382511.555,18303.665,-1584.831299,4280.922092,6057.687994
17280.0,6396513.225,2634043.655,381464.129,-2048.946223,4100.466048,6043.307506
17340.0,6259869.011,2874213.679,742979.129,-2504.222917,3902.322444,6002.858916
17400.0,6096222.548,3101985.642,1101289.252,-2948.697524,3687.345982,5936.516703
17460.0,5906279.732,3316377.040,1454848.911,-3380.452781,3456.463974,5844.567036
17520.0,5690859.891,3516463.084,1802133.007,-3797.626291,3210.672340,5727.406544
17580.0,5450892.249,3701380.693,2141643.516,-4198.418554,2951.031315,5585.540606
17640.0,5187411.918,3870332.216,2471915.941,-4581.100735,2678.660873,5419.581167
17700.0,4901555.433,4022588.874,2791525.636,-4944.022115,2394.735897,5230.244100
17760.0,4594555.851,4157493.898,3099093.950,-5285.617216,2100.481111,5018.346122
17820.0,4267737.428,4274465.370,3393294.171,-5604.412549,1797.165797,4784.801263
17880.0,3922509.913,4372998.728,3672857.252,-5899.032976,1486.098322,4530.616931
17940.0,3560362.460,4452668.943,3936577.286,-6168.207637,1168.620489,4256.889562
18000.0,3182857.210,4513132.354,4183316.701,-6410.775434,846.101754,3964.799894
18060.0,2791622.551,4554128.149,4412011.176,-6625.690040,519.933319,3655.607868
18120.0,2388346.092,4575479.491,4621674.227,-6812.024409,191.522126,3330.647199
18180.0,1974767.387,4577094.279,4811401.461,-6968.974780,-137.715207,2991.319622
18240.0,1552670.426,4558965.549,4980374.480,-7095.864139,-466.358499,2639.088842
18300.0,1123875.945,4521171.498,5127864.412,-7192.145142,-792.990130,2275.474224
18360.0,690233.571,4463875.155,5253235.052,-7257.402478,-1116.201161,1902.044238
18420.0,253613.841,4387323.669,5355945.606,-7291.354655,-1434.597403,1520.409690
18480.0,-184099.865,4291847.249,5435553.028,-7293.855219,-1746.805439,1132.216782
18540.0,-621019.447,4177857.736,5491713.928,-7264.893384,-2051.478546,739.140002
18600.0,-1055260.231,4045846.832,5524186.053,-7204.594077,-2347.302499,342.874905
18660.0,-1484949.099,3896383.970,5532829.333,-7113.217404,-2633.001250,-54.869199
18720.0,-1908232.567,3730113.866,5517606.484,-6991.157521,-2907.342421,-452.376623
18780.0,-2323284.781,3547753.734,5478583.170,-6838.940940,-3169.142629,-847.932698
18840.0,-2728315.393,3350090.195,5415927.722,-6657.224254,-3417.272586,-1239.831174
18900.0,-3121577.284,3137975.878,5329910.406,-6446.791308,-3650.661972,-1626.381577
18960.0,-3501374.099,2912325.750,5220902.263,-6208.549814,-3868.304050,-2005.916505
19020.0,-3866067.567,2674113.162,5089373.503,-5943.527438,-4069.260010,-2376.798814
19080.0,-4214084.564,2424365.658,4935891.483,-5652.867368,-4252.663019,-2737.428686
19140.0,-4543923.902,2164160.534,4761118.255,-5337.823379,-4417.721959,-3086.250527
19200.0,-4854162.804,1894620.199,4565807.712,-4999.754429,-4563.724841,-3421.759675
19260.0,-5143463.038,1616907.327,4350802.335,-4640.118795,-4690.041873,-3742.508897
19320.0,-5410576.694,1332219.847,4117029.561,-4260.467783,-4796.128182,-4047.114624
19380.0,-5654351.565,1041785.771,3865497.779,-3862.439036,-4881.526158,-4334.262925
19440.0,-5873736.114,746857.902,3597291.985,-3447.749470,-4945.867434,-4602.715173
19500.0,-6067784.018,448708.426,3313569.096,-3018.187869,-4988.874470,-4851.313384
19560.0,-6235658.239,148623.423,3015552.966,-2575.607168,-5010.361753,-5078.985220
19620.0,-6376634.646,-152102.674,2704529.102,-2121.916460,-5010.236597,-5284.748605
19680.0,-6490105.128,-452172.668,2381839.120,-1659.072763,-4988.499542,-5467.715971
19740.0,-6575580.227,-750292.194,2048874.959,-1189.072574,-4945.244351,-5627.098077
19800.0,-6632691.240,-1045175.298,1707072.876,-713.943263,-4880.657608,-5762.207422
19860.0,-6661191.817,-1335549.988,1357907.251,-235.734322,-4795.017911,-5872.461205
19920.0,-6660959.019,-1620163.717,1002884.227,243.491469,-4688.694671,-5957.383841
19980.0,-6631993.850,-1897788.792,643535.213,721.666949,-4562.146518,-6016.609012
20040.0,-6574421.253,-2167227.662,281410.279,1196.729483,-4415.919325,-6049.881247
20100.0,-6488489.570,-2427318.090,-81928.532,1666.629866,-4250.643849,-6057.057025
20160.0,-6374569.471,-2676938.164,-444913.941,2129.341160,-4067.033013,-6038.105393
20220.0,-6233152.357,-2915011.134,-805980.191,2582.867437,-3865.878833,-5993.108100
20280.0,-6064848.237,-3140510.063,-1163569.807,3025.252390,-3648.048996,-5922.259243
20340.0,-5870383.099,-3352462.248,-1516140.308,3454.587770,-3414.483123,-5825.864432
20400.0,-5650595.778,-3549953.424,-1862170.864,3869.021617,-3166.188710,-5704.339473
20460.0,-5406434.338,-3732131.704,-2200168.855,4266.766252,-2904.236789,-5558.208567
20520.0,-5138951.979,-3898211.251,-2528676.311,4646.105982,-2629.757301,-5388.102058
20580.0,-4849302.501,-4047475.675,-2846276.198,5005.404508,-2343.934226,-5194.753709
20640.0,-4538735.321,-4179281.116,-3151598.535,5343.111979,-2048.000478,-4978.997537
20700.0,-4208590.086,-4293059.024,-3443326.298,5657.771675,-1743.232579,-4741.764217
20760.0,-3860290.892,-4388318.614,-3720201.105,5948.026299,-1430.945162,-4484.077066
20820.0,-3495340.146,-4464648.977,-3981028.644,6212.623822,-1112.485294,-4207.047630
20880.0,-3115312.080,-4521720.860,-4224683.823,6450.422889,-789.226666,-3911.870890
20940.0,-2721845.963,-4559288.080,-4450115.622,6660.397744,-462.563671,-3599.820105
21000.0,-2316639.032,-4577188.589,-4656351.631,6841.642649,-133.905384,-3272.241320
21060.0,-1901439.166,-4575345.172,-4842502.240,6993.375795,195.330510,-2930.547564
21120.0,-1478037.349,-4553765.781,-5007764.481,7114.942675,523.723836,-2576.212747
21180.0,-1048259.946,-4512543.500,-5151425.486,7205.818903,849.858054,-2210.765312
21240.0,-613960.823,-4451856.144,-5272865.566,7265.612481,1172.326368,-1835.781633
21300.0,-177013.350,-4371965.489,-5371560.884,7294.065486,1489.737795,-1452.879221
21360.0,260697.679,-4273216.148,-5447085.713,7291.055185,1800.723165,-1063.709743
21420.0,697284.175,-4156034.081,-5499114.273,7256.594562,2103.941029,-669.951902
21480.0,1130862.903,-4020924.759,-5527422.136,7190.832266,2398.083440,-273.304190
21540.0,1559563.598,-3868470.983,-5531887.194,7094.051965,2681.881602,124.522432
21600.0,1981537.040,-3699330.369,-5512490.188,6966.671125,2954.111338,521.811921
21660.0,2394963.025,-3514232.513,-5469314.787,6809.239211,3213.598370,916.850549
21720.0,2798058.221,-3313975.845,-5402547.231,6622.435312,3459.223389,1307.934297
21780.0,3189083.856,-3099424.180,-5312475.525,6407.065216,3689.926880,1693.376207
21840.0,3566353.224,-2871502.999,-5199488.196,6164.057933,3904.713692,2071.513656
21900.0,3928238.953,-2631195.449,-5064072.623,5894.461686,4102.657331,2440.715531
21960.0,4273180.032,-2379538.110,-4906812.926,5599.439391,4282.903959,2799.389260
22020.0,4599688.541,-2117616.517,-4728387.453,5280.263643,4444.676071,3145.987687
22080.0,4906356.070,-1846560.483,-4529565.850,4938.311220,4587.275858,3479.015744
22140.0,5191859.793,-1567539.220,-4311205.745,4575.057151,4710.088206,3797.036897
22200.0,5454968.177,-1281756.301,-4074249.044,4192.068351,4812.583360,4098.679346
22260.0,5694546.289,-990444.463,-3819717.871,3790.996860,4894.319202,4382.641943
22320.0,5909560.700,-694860.295,-3548710.160,3373.572720,4954.943159,4647.699800
22380.0,6099083.933,-396278.813,-3262394.914,2941.596510,4994.193729,4892.709578
22440.0,6262298.470,-95987.963,-2962007.170,2496.931580,5011.901600,5116.614416
22500.0,6398500.278,204716.935,-2648842.663,2041.496014,5007.990390,5318.448488
22560.0,6507101.845,504538.777,-2324252.245,1577.254356,4982.476970,5497.341174
22620.0,6587634.710,802184.267,-1989636.052,1106.209134,4935.471393,5652.520811
22680.0,6639751.493,1096369.495,-1646437.466,630.392225,4867.176421,5783.318025
22740.0,6663227.385,1385825.481,-1296136.893,151.856089,4777.886645,5889.168615
22800.0,6657961.121,1669303.640,-940245.370,-327.335085,4667.987224,5969.615990
22860.0,6623975.418,1945581.178,-580298.053,-805.114284,4537.952212,6024.313135
22920.0,6561416.875,2213466.356,-217847.592,-1279.420584,4388.342523,6053.024113
22980.0,6470555.341,2471803.639,145542.565,-1748.208040,4219.803505,6055.625077
23040.0,6351782.752,2719478.678,508304.918,-2209.454516,4033.062159,6032.104808
23100.0,6205611.438,2955423.112,868874.672,-2661.170402,3828.924003,5982.564761
23160.0,6032671.918,3178619.185,1225696.493,-3101.407200,3608.269597,5907.218629
23220.0,5833710.174,3388104.130,1577231.213,-3528.265928,3372.050745,5806.391423
23280.0,5609584.438,3582974.323,1921962.469,-3939.905309,3121.286388,5680.518065
23340.0,5361261.485,3762389.181,2258403.246,-4334.549716,2857.058210,5530.141516
23400.0,5089812.471,3925574.791,2585102.291,-4710.496833,2580.505972,5355.910432
23460.0,4796408.303,4071827.243,2900650.372,-5066.124992,2292.822597,5158.576369
23520.0,4482314.595,4200515.670,3203686.356,-5399.900174,1995.249019,4938.990535
23580.0,4148886.204,4311084.969,3492903.083,-5710.382625,1689.068838,4698.100125
23640.0,3797561.391,4403058.192,3767053.003,-5996.233062,1375.602776,4436.944231
23700.0,3429855.612,4476038.610,4024953.557,-6256.218456,1056.202985,4156.649363
23760.0,3047354.984,4529711.418,4265492.277,-6489.217347,732.247211,3858.424586
23820.0,2651709.442,4563845.095,4487631.589,-6694.224684,405.132853,3543.556306
23880.0,2244625.622,4578292.404,4690413.284,-6870.356157,76.270935,3213.402724
23940.0,1827859.500,4572991.026,4872962.652,-7016.852014,-252.919982,2869.387973
24000.0,1403208.818,4547963.829,5034492.260,-7133.080339,-581.019916,2512.995977
24060.0,972505.326,4503318.769,5174305.340,-7218.539774,-906.613593,2145.764051
24120.0,537606.885,4439248.423,5291798.802,-7272.861688,-1228.296547,1769.276267
24180.0,100389.451,4356029.164,5386465.833,-7295.811758,-1544.681185,1385.156624
24240.0,-337261.019,4254019.962,5457898.081,-7287.290989,-1854.402765,995.062040
24300.0,-773456.696,4133660.837,5505787.420,-7247.336136,-2156.125289,600.675208
24360.0,-1206316.030,3995470.965,5529927.278,-7176.119547,-2448.547261,203.697334
24420.0,-1633971.862,3840046.434,5530213.525,-7073.948416,-2730.407306,-194.159198
24480.0,-2054579.476,3668057.677,5506644.927,-6941.263465,-3000.489606,-591.178215
24540.0,-2466324.562,3480246.574,5459323.148,-6778.637036,-3257.629148,-985.647156
24600.0,-2867431.036,3277423.258,5388452.313,-6586.770626,-3500.716748,-1375.864460
24660.0,-3256168.708,3060462.618,5294338.127,-6366.491861,-3728.703836,-1760.146906
24720.0,-3630860.737,2830300.523,5177386.556,-6118.750923,-3940.606979,-2136.836872
24780.0,-3989890.872,2587929.789,5038102.076,-5844.616456,-4135.512122,-2504.309489
24840.0,-4331710.419,2334395.894,4877085.497,-5545.270951,-4312.578532,-2860.979645
24900.0,-4654844.922,2070792.469,4695031.373,-5222.005650,-4471.042425,-3205.308826
24960.0,-4957900.524,1798256.580,4492725.003,-4876.214974,-4610.220258,-3535.811751
25020.0,-5239569.982,1517963.824,4271039.045,-4509.390507,-4729.511683,-3851.062781
25080.0,-5498638.300,1231123.256,4030929.752,-4123.114565,-4828.402128,-4149.702063
25140.0,-5733987.974,938972.179,3773432.848,-3719.053367,-4906.465026,-4430.441404
25200.0,-5944603.811,642770.800,3499659.057,-3298.949852,-4963.363649,-4692.069821
25260.0,-6129577.311,343796.797,3210789.317,-2864.616157,-4998.852561,-4933.458766
25320.0,-6288110.581,43339.810,2908069.681,-2417.925800,-5012.778679,-5153.566996
25380.0,-6419519.781,-257304.125,2592805.944,-1960.805602,-5005.081933,-5351.445065
25440.0,-6523238.069,-556838.166,2266358.014,-1495.227374,-4975.795522,-5526.239415
25500.0,-6598818.052,-853970.259,1930134.037,-1023.199410,-4925.045775,-5677.196062
25560.0,-6645933.713,-1147418.710,1585584.334,-546.757826,-4853.051603,-5803.663848
25620.0,-6664381.815,-1435917.714,1234195.135,-67.957775,-4760.123557,-5905.097248
25680.0,-6654082.782,-1718222.817,877482.176,411.135415,-4646.662487,-5981.058723
25740.0,-6615081.040,-1993116.282,516984.155,888.455152,-4513.157812,-6031.220610
25800.0,-6547544.823,-2259412.344,154256.097,1361.942495,-4360.185411,-6055.366534
25860.0,-6451765.453,-2515962.320,-209137.352,1829.555033,-4188.405138,-6053.392340
25920.0,-6328156.079,-2761659.571,-571628.677,2289.275696,-3998.557976,-6025.306543
25980.0,-6177249.896,-2995444.268,-931654.253,2739.121457,-3791.462840,-5971.230294
26040.0,-5999697.845,-3216307.971,-1287661.094,3177.151884,-3568.013044,-5891.396852
26100.0,-5796265.806,-3423297.973,-1638113.546,3601.477512,-3329.172450,-5786.150583
26160.0,-5567831.291,-3615521.413,-1981499.915,4010.267991,-3075.971309,-5655.945472
26220.0,-5315379.666,-3792149.125,-2316338.989,4401.759985,-2809.501816,-5501.343165
26280.0,-5039999.892,-3952419.217,-2641186.421,4774.264772,-2530.913400,-5323.010547
26340.0,-4742879.833,-4095640.357,-2954640.967,5126.175537,-2241.407767,-5121.716864
26400.0,-4425301.131,-4221194.753,-3255350.525,5455.974293,-1942.233711,-4898.330406
26460.0,-4088633.678,-4328540.820,-3542017.971,5762.238439,-1634.681736,-4653.814761
26520.0,-3734329.704,-4417215.516,-3813406.750,6043.646890,-1320.078482,-4389.224660
26580.0,-3363917.517,-4486836.337,-4068346.213,6298.985775,-999.781005,-4105.701425
26640.0,-2978994.909,-4537102.972,-4305736.667,6527.153679,-675.170925,-3804.468047
26700.0,-2581222.261,-4567798.592,-4524554.116,6727.166387,-347.648461,-3486.823911
26760.0,-2172315.385,-4578790.791,-4723854.681,6898.161137,-18.626399,-3154.139190
26820.0,-1754038.121,-4570032.153,-4902778.670,7039.400332,310.476009,-2807.848937
26880.0,-1328194.728,-4541560.459,-5060554.283,7150.274732,638.239163,-2449.446891
26940.0,-896622.103,-4493498.523,-5196500.950,7230.306074,963.249242,-2080.479036
27000.0,-461181.855,-4426053.662,-5310032.257,7279.149139,1284.104299,-1702.536933
27060.0,-23752.276,-4339516.804,-5400658.481,7296.593240,1599.420309,-1317.250855
27120.0,413779.759,-4234261.228,-5467988.703,7282.563130,1907.837141,-926.282751
27180.0,849526.935,-4110740.961,-5511732.489,7237.119331,2208.024426,-531.319082
27240.0,1281609.636,-3969488.813,-5531701.148,7160.457865,2498.687289,-134.063541
27300.0,1708164.051,-3811114.082,-5527808.546,7052.909416,2778.571944,263.770288
27360.0,2127350.217,-3636299.925,-5500071.473,6914.937899,3046.471093,660.466332
27420.0,2537359.954,-3445800.411,-5448609.573,6747.138461,3301.229141,1054.313423
27480.0,2936424.666,-3240437.269,-5373644.832,6550.234913,3541.747176,1443.612681
27540.0,3322822.967,-3021096.343,-5275500.612,6325.076608,3766.987713,1826.684845
27600.0,3694888.110,-2788723.772,-5154600.263,6072.634777,3975.979165,2201.877516
27660.0,4051015.173,-2544321.905,-5011465.295,5793.998340,4167.820037,2567.572280
27720.0,4389667.985,-2288944.981,-4846713.128,5490.369210,4341.682815,2922.191697
27780.0,4709385.751,-2023694.582,-4661054.428,5163.057106,4496.817532,3264.206098
27840.0,5008789.352,-1749714.878,-4455290.043,4813.473903,4632.555009,3592.140187
27900.0,5286587.296,-1468187.693,-4230307.548,4443.127546,4748.309734,3904.579404
27960.0,5541581.289,-1180327.410,-3987077.415,4053.615542,4843.582394,4200.176029
28020.0,5772671.402,-887375.727,-3726648.830,3646.618071,4917.962026,4477.654989
28080.0,5978860.815,-590596.305,-3450145.163,3223.890735,4971.127789,4735.819367
28140.0,6159260.122,-291269.318,-3158759.128,2787.256990,5002.850350,4973.555558
28200.0,6313091.160,9314.074,-2853747.632,2338.600276,5012.992874,5189.838075
28260.0,6439690.372,309857.289,-2536426.356,1879.855896,5001.511608,5383.733972
28320.0,6538511.667,609063.920,-2208164.082,1413.002666,4968.456079,5554.406872
28380.0,6609128.774,905643.323,-1870376.784,940.054380,4913.968873,5701.120567
28440.0,6651237.082,1198316.190,-1524521.526,463.051124,4838.285023,5823.242201
28500.0,6664654.955,1485820.062,-1172090.169,-15.949526,4741.730996,5920.244997
28560.0,6649324.515,1766914.777,-814602.945,-494.881376,4624.723281,5991.710527
28620.0,6605311.890,2040387.819,-453601.891,-971.678532,4487.766597,6037.330523
28680.0,6532806.931,2305059.549,-90644.203,-1444.284305,4331.451713,6056.908200
28740.0,6432122.391,2559788.293,272704.483,-1910.660087,4156.452902,6050.359109
28800.0,6303692.578,2803475.265,634876.844,-2368.794144,3963.525029,6017.711499
28860.0,6148071.481,3035069.310,994310.634,-2816.710293,3753.500298,5959.106198
28920.0,5965930.379,3253571.436,1349455.416,-3252.476424,3527.284661,5874.796003
28980.0,5758054.945,3458039.123,1698779.257,-3674.212840,3285.853910,5765.144589
29040.0,5525341.861,3647590.390,2040775.331,-4080.100361,3030.249468,5630.624944
29100.0,5268794.947,3821407.599,2373968.421,-4468.388169,2761.573897,5471.817323
29160.0,4989520.829,3978740.980,2696921.283,-4837.401369,2480.986143,5289.406753
29220.0,4688724.170,4118911.868,3008240.843,-5185.548202,2189.696535,5084.180069
29280.0,4367702.471,4241315.630,3306584.211,-5511.326920,1888.961565,4857.022527
29340.0,4027840.475,4345424.270,3590664.466,-5813.332262,1580.078466,4608.913982
29400.0,3670604.194,4430788.711,3859256.216,-6090.261512,1264.379622,4340.924663
29460.0,3297534.582,4497040.730,4111200.876,-6340.920123,943.226816,4054.210554
29520.0,2910240.895,4543894.544,4345411.671,-6564.226866,618.005354,3750.008410
29580.0,2510393.742,4571148.049,4560878.322,-6759.218498,290.118097,3429.630422
29640.0,2099717.883,4578683.684,4756671.402,-6925.053911,-39.020600,3094.458557
29700.0,1679984.790,4566468.944,4931946.348,-7061.017768,-367.990978,2745.938595
29760.0,1253005.000,4534556.518,5085947.104,-7166.523581,-695.374010,2385.573892
29820.0,820620.312,4483084.062,5218009.380,-7241.116246,-1019.757513,2014.918901
29880.0,384695.838,4412273.604,5327563.518,-7284.474003,-1339.742241,1635.572458
29940.0,-52888.039,4322430.590,5414136.952,-7296.409828,-1653.947927,1249.170895
30000.0,-490243.782,4213942.561,5477356.243,-7276.872234,-1961.019227,857.380972
30060.0,-925484.834,4087277.486,5516948.691,-7225.945497,-2259.631576,461.892694
30120.0,-1356733.763,3942981.741,5532743.513,-7143.849293,-2548.496894,64.412020
30180.0,-1782130.354,3781677.752,5524672.576,-7030.937747,-2826.369146,-333.346498
30240.0,-2199839.639,3604061.312,5492770.695,-6887.697910,-3092.049718,-729.667110
30300.0,-2608059.809,3410898.578,5437175.481,-6714.747652,-3344.392583,-1122.840268
30360.0,-3005029.986,3203022.768,5358126.746,-6512.833004,-3582.309247,-1511.169999
30420.0,-3389037.820,2981330.562,5255965.470,-6282.824933,-3804.773447,-1892.981226
30480.0,-3758426.875,2746778.243,5131132.331,-6025.715592,-4010.825571,-2266.626985
30540.0,-4111603.772,2500377.562,4984165.804,-5742.614033,-4199.576804,-2630.495539
30600.0,-4447045.067,2243191.380,4815699.835,-5434.741429,-4370.212958,-2983.017322
30660.0,-4763303.816,1976329.083,4626461.110,-5103.425804,-4521.997986,-3322.671715
30720.0,-5059015.822,1700941.795,4417265.920,-4750.096303,-4654.277155,-3647.993602
30780.0,-5332905.518,1418217.412,4189016.639,-4376.277031,-4766.479874,-3957.579691
30840.0,-5583791.466,1129375.478,3942697.831,-3983.580474,-4858.122149,-4250.094567
30900.0,-5810591.458,835661.929,3679372.004,-3573.700550,-4928.808679,-4524.276454
30960.0,-6012327.181,538343.711,3400175.026,-3148.405294,-4978.234552,-4778.942654
31020.0,-6188128.438,238703.321,3106311.228,-2709.529239,-5006.186569,-5012.994652
31080.0,-6337236.902,-61966.726,2799048.206,-2258.965498,-5012.544156,-5225.422855
31140.0,-6459009.387,-362369.478,2479711.353,-1798.657599,-4997.279890,-5415.310941
31200.0,-6552920.620,-661209.131,2149678.144,-1330.591103,-4960.459614,-5581.839820
31260.0,-6618565.511,-957196.626,1810372.195,-856.785038,-4902.242154,-5724.291162
31320.0,-6655660.898,-1249055.207,1463257.116,-379.283189,-4822.878634,-5842.050495
31380.0,-6664046.768,-1535525.928,1109830.207,99.854717,-4722.711393,-5934.609859
31440.0,-6643686.948,-1815373.083,751615.991,578.561895,-4602.172506,-6001.569995
31500.0,-6594669.261,-2087389.538,390159.644,1054.773418,-4461.781924,-6042.642066
31560.0,-6517205.147,-2350401.936,27020.323,1526.435124,-4302.145229,-6057.648907
31620.0,-6411628.752,-2603275.762,-336235.551,1991.512478,-4123.951021,-6046.525785
31680.0,-6278395.484,-2844920.230,-698041.056,2447.999346,-3927.967950,-6009.320680
31740.0,-6118080.052,-3074292.997,-1056835.528,2893.926650,-3715.041397,-5946.194077
31800.0,-5931373.984,-3290404.652,-1411071.288,3327.370860,-3486.089833,-5857.418277
31860.0,-5719082.646,-3492322.986,-1759220.323,3746.462295,-3242.100851,-5743.376219
31920.0,-5482121.766,-3679177.014,-2099780.876,4149.393182,-2984.126909,-5604.559827
31980.0,-5221513.488,-3850160.734,-2431283.922,4534.425459,-2713.280791,-5441.567894
32040.0,-4938381.957,-4004536.598,-2752299.507,4899.898272,-2430.730804,-5255.103493
32100.0,-4633948.475,-4141638.699,-3061442.913,5244.235135,-2137.695741,-5045.970948
32160.0,-4309526.231,-4260875.640,-3357380.637,5565.950735,-1835.439624,-4815.072361
32220.0,-3966514.636,-4361733.086,-3638836.136,5863.657336,-1525.266248,-4563.403726
32280.0,-3606393.287,-4443775.984,-3904595.338,6136.070765,-1208.513562,-4292.050626
32340.0,-3230715.585,-4506650.439,-4153511.878,6382.015954,-886.547895,-4002.183558
32400.0,-2841102.034,-4550085.237,-4384512.043,6600.432008,-560.758060,-3695.052876
32460.0,-2439233.251,-4573893.022,-4596599.402,6790.376776,-232.549367,-3371.983403
32520.0,-2026842.718,-4577971.096,-4788859.105,6951.030924,96.662438,-3034.368716
32580.0,-1605709.299,-4562301.870,-4960461.832,7081.701462,425.457285,-2683.665132
32640.0,-1177649.575,-4526952.932,-5110667.366,7181.824736,752.416902,-2321.385428
32700.0,-744510.003,-4472076.762,-5238827.787,7250.968860,1076.130931,-1949.092315
32760.0,-308158.950,-4397910.072,-5344390.269,7288.835577,1395.203018,-1568.391697
32820.0,129521.361,-4304772.783,-5426899.464,7295.261547,1708.256828,-1180.925746
32880.0,566642.976,-4193066.647,-5485999.464,7270.219051,2013.941990,-788.365813
32940.0,1001320.348,-4063273.514,-5521435.339,7213.816112,2310.939914,-392.405227
33000.0,1431678.477,-3915953.253,-5533054.234,7126.296026,2597.969487,5.248019
33060.0,1855860.990,-3751741.337,-5520806.029,7008.036315,2873.792593,402.878627
33120.0,2272038.157,-3571346.102,-5484743.560,6859.547099,3137.219453,798.771398
33180.0,2678414.777,-3375545.693,-5425022.382,6681.468892,3387.113766,1191.218630
33240.0,3073237.925,-3165184.702,-5341900.107,6474.569845,3622.397598,1578.527483
33300.0,3454804.511,-2941170.534,-5235735.285,6239.742425,3842.056042,1959.027280
33360.0,3821468.629,-2704469.483,-5106985.865,5977.999573,4045.141590,2331.076718
33420.0,4171648.657,-2456102.571,-4956207.212,5690.470329,4230.778223,2693.070943
33480.0,4503834.076,-2197141.142,-4784049.719,5378.394964,4398.165189,3043.448476
33540.0,4816591.987,-1928702.237,-4591255.994,5043.119631,4546.580455,3380.697946
33600.0,5108573.294,-1651943.782,-4378657.663,4686.090556,4675.383825,3703.364610
33660.0,5378518.522,-1368059.586,-4147171.780,4308.847801,4784.019699,4010.056631
33720.0,5625263.248,-1078274.199,-3897796.869,3913.018622,4872.019472,4299.451078
33780.0,5847743.128,-783837.624,-3631608.621,3500.310446,4939.003552,4570.299633
33840.0,6044998.483,-486019.927,-3349755.254,3072.503512,4984.682999,4821.433979
33900.0,6216178.443,-186105.759,-3053452.554,2631.443183,5008.860774,5051.770834
33960.0,6360544.615,114611.185,-2743978.637,2179.031997,5011.432584,5260.316630
34020.0,6477474.269,414833.748,-2422668.436,1717.221450,4992.387336,5446.171795
34080.0,6566463.022,713266.905,-2090907.936,1248.003585,4951.807183,5608.534632
34140.0,6627127.017,1008623.351,-1750128.203,773.402395,4889.867168,5746.704783
34200.0,6659204.577,1299629.051,-1401799.207,295.465097,4806.834473,5860.086242
34260.0,6662557.335,1585028.738,-1047423.482,-183.746704,4703.067264,5948.189935
34320.0,6637170.827,1863591.326,-688529.645,-662.165905,4579.013145,6010.635821
34380.0,6583154.560,2134115.222,-326665.802,-1137.728821,4435.207230,6047.154537
34440.0,6500741.536,2395433.509,36607.130,-1608.384089,4272.269834,6057.588558
34500.0,6390287.246,2646418.976,399722.156,-2072.101513,4090.903793,6041.892875
34560.0,6252268.142,2885988.987,761112.960,-2526.880827,3891.891440,6000.135194
34620.0,6087279.575,3113110.144,1119220.667,-2970.760318,3676.091224,5932.495638
34680.0,5896033.231,3326802.748,1472500.561,-3401.825289,3444.434009,5839.265973
34740.0,5679354.061,3526145.027,1819428.752,-3818.216321,3197.919061,5720.848350
34800.0,5438176.721,3710277.108,2158508.749,-4218.137292,2937.609733,5577.753570
34860.0,5173541.541,3878404.728,2488277.913,-4599.863122,2664.628883,5410.598878
34920.0,4886590.038,4029802.661,2807313.770,-4961.747219,2380.154027,5220.105305
34980.0,4578559.991,4163817.844,3114240.141,-5302.228577,2085.412260,5007.094553
35040.0,4250780.103,4279872.196,3407733.087,-5619.838515,1781.674966,4772.485456
35100.0,3904664.268,4377465.111,3686526.610,-5913.207006,1470.252330,4517.290010
35160.0,3541705.474,4456175.617,3949418.121,-6181.068591,1152.487690,4242.609014
35220.0,3163469.361,4515664.193,4195273.625,-6422.267835,829.751738,3949.627318
35280.0,2771587.469,4555674.232,4423032.612,-6635.764315,503.436611,3639.608712
35340.0,2367750.199,4576033.148,4631712.633,-6820.637103,174.949886,3313.890477
35400.0,1953699.524,4576653.123,4820413.535,-6976.088741,-154.291494,2973.877614
35460.0,1531221.471,4557531.482,4988321.350,-7101.448680,-482.867330,2621.036785
35520.0,1102138.420,4518750.707,5134711.798,-7196.176175,-809.360295,2256.889986
35580.0,668301.240,4460478.081,5258953.416,-7259.862614,-1132.362044,1883.007983
35640.0,231581.311,4382964.965,5360510.283,-7292.233283,-1450.479294,1501.003534
35700.0,-206137.555,4286545.718,5438944.329,-7293.148548,-1762.339832,1112.524432
35760.0,-642967.237,4171636.246,5493917.223,-7262.604463,-2066.598431,719.246402
35820.0,-1077023.448,4038732.219,5525191.838,-7200.732779,-2361.942657,322.865868
35880.0,-1506433.867,3888406.924,5532633.269,-7107.800385,-2647.098529,-74.907364
35940.0,-1929346.209,3721308.796,5516209.418,-6984.208147,-2920.836012,-472.357479
36000.0,-2343936.223,3538158.622,5475991.128,-6830.489189,-3181.974327,-867.770057
36060.0,-2748415.554,3339746.428,5412151.885,-6647.306582,-3429.387041,-1259.439467
36120.0,-3141039.461,3126928.076,5324967.061,-6435.450495,-3662.006927,-1645.676223
36180.0,-3520114.341,2900621.568,5214812.733,-6195.834780,-3878.830568,-2024.814275
36240.0,-3884005.037,2661803.087,5082164.056,-5929.493030,-4078.922684,-2395.218192
36300.0,-4231141.888,2411502.789,4927593.217,-5637.574123,-4261.420170,-2755.290219
36360.0,-4560027.503,2150800.356,4751766.965,-5321.337265,-4425.535811,-3103.477168
36420.0,-4869243.217,1880820.342,4555443.735,-4982.146561,-4570.561689,-3438.277117
36480.0,-5157455.214,1602727.317,4339470.377,-4621.465125,-4695.872227,-3758.245890
36540.0,-5423420.276,1317720.850,4104778.503,-4240.848774,-4800.926892,-4062.003286
36600.0,-5665991.152,1027030.330,3852380.466,-3841.939316,-4885.272524,-4348.239034
36660.0,-5884121.499,731909.665,3583364.999,-3426.457466,-4948.545296,-4615.718441
36720.0,-6076870.401,433631.872,3298892.513,-2996.195425,-4990.472277,-4863.287722
36780.0,-6243406.428,133483.587,3000190.094,-2553.009148,-5010.872613,-5089.878975
36840.0,-6383011.217,-167240.487,2688546.208,-2098.810343,-5009.658307,-5294.514788
36900.0,-6495082.577,-467243.160,2365305.148,-1635.558217,-4986.834595,-5476.312453
36960.0,-6579137.082,-765230.357,2031861.229,-1165.251032,-4942.499930,-5634.487778
37020.0,-6634812.159,-1059916.696,1689652.777,-689.917479,-4876.845551,-5768.358466
37080.0,-6661867.651,-1350031.032,1340155.926,-211.607934,-4790.154661,-5877.347059
37140.0,-6660186.852,-1634321.944,984878.247,267.614393,-4682.801206,-5960.983429
37200.0,-6629777.014,-1911563.129,625352.248,745.682352,-4555.248261,-6018.906808
37260.0,-6570769.310,-2180558.694,263128.762,1220.533773,-4408.046030,-6050.867339
37320.0,-6483418.273,-2440148.312,-100229.743,1690.120363,-4241.829478,-6056.727159
37380.0,-6368100.696,-2689212.232,-463155.902,2152.416536,-4057.315589,-6036.460992
37440.0,-6225314.007,-2926676.103,-824084.216,2605.428156,-3855.300271,-5990.156257
37500.0,-6055674.122,-3151515.616,-1181457.802,3047.201135,-3636.654928,-5918.012692
37560.0,-5859912.793,-3362760.912,-1533735.112,3475.829864,-3402.322697,-5820.341491
37620.0,-5638874.445,-3559500.775,-1879396.582,3889.465431,-3153.314382,-5697.563963
37680.0,-5393512.538,-3740886.559,-2216951.183,4286.323600,-2890.704091,-5550.209716
37740.0,-5124885.452,-3906135.847,-2544942.857,4664.692503,-2615.624608,-5378.914370
37800.0,-4834151.923,-4054535.827,-2861956.796,5022.940029,-2329.262501,-5184.416815
37860.0,-4522566.044,-4185446.370,-3166625.546,5359.520858,-2032.853006,-4967.556026
37920.0,-4191471.857,-4298302.786,-3457634.902,5672.983134,-1727.674702,-4729.267442
37980.0,-3842297.553,-4392618.265,-3733729.582,5961.974720,-1415.043988,-4470.578933
38040.0,-3476549.310,-4467985.970,-3993718.637,6225.249039,-1096.309414,-4192.606364
38100.0,-3095804.804,-4524080.801,-4236480.593,6461.670442,-772.845855,-3896.548783
38160.0,-2701706.392,-4560660.789,-4460968.284,6670.219117,-446.048588,-3583.683250
38220.0,-2295954.039,-4577568.145,-4666213.371,6849.995476,-117.327269,-3255.359325
38280.0,-1880297.976,-4574729.938,-4851330.519,7000.224047,211.900147,-2912.993249
38340.0,-1456531.156,-4552158.411,-5015521.218,7120.256810,540.213521,-2558.061835
38400.0,-1026481.518,-4509950.927,-5158077.221,7209.576000,866.196658,-2192.096096
38460.0,-592004.103,-4448289.550,-5278383.608,7267.796332,1188.443414,-1816.674645
38520.0,-154973.049,-4367440.260,-5375921.430,7294.666672,1505.563761,-1433.416879
38580.0,282726.489,-4267751.804,-5450269.953,7290.071112,1816.189786,-1043.975999
38640.0,719206.473,-4149654.193,-5501108.472,7254.029476,2118.981587,-650.031879
38700.0,1152584.124,-4013656.846,-5528217.692,7186.697230,2412.633059,-253.283814
38760.0,1580990.048,-3860346.396,-5531480.675,7088.364816,2695.877520,144.556803
38820.0,2002576.294,-3690384.153,-5510883.348,6959.456396,2967.493183,541.773867
38880.0,2415524.330,-3504503.259,-5466514.558,6800.528022,3226.308419,936.653963
38940.0,2818052.884,-3303505.520,-5398565.690,6612.265240,3471.206817,1327.493757
39000.0,3208425.630,-3088257.949,-5307329.847,6395.480130,3701.131996,1712.607342
39060.0,3584958.676,-2859689.027,-5193200.579,6151.107805,3915.092161,2090.333511
39120.0,3946027.828,-2618784.697,-5056670.187,5880.202377,4112.164386,2459.042926
39180.0,4290075.598,-2366584.112,-4898327.602,5583.932410,4291.498590,2817.145139
39240.0,4615617.917,-2104175.151,-4718855.843,5263.575879,4452.321206,3163.095459
39300.0,4921250.544,-1832689.728,-4519029.070,4920.514658,4593.938518,3495.401613
39360.0,5205655.117,-1553298.909,-4299709.245,4556.228557,4715.739652,3812.630183
39420.0,5467604.844,-1267207.860,-4061842.415,4172.288942,4817.199214,4113.412786
39480.0,5705969.791,-975650.648,-3806454.629,3770.351957,4897.879553,4396.451984
39540.0,5919721.760,-679884.919,-3534647.517,3352.151374,4957.432650,4660.526872
39600.0,6107938.721,-381186.474,-3247593.531,2919.491124,4995.601621,4904.498350
39660.0,6269808.791,-80843.762,-2946530.892,2474.237506,5012.221820,5127.314037
39720.0,6404633.736,219847.673,-2632758.248,2018.311145,5007.221557,5328.012804
39780.0,6511831.982,519590.785,-2307629.074,1553.678701,4980.622400,5505.728929
39840.0,6590941.124,817092.616,-1972545.830,1082.344387,4932.539086,5659.695825
39900.0,6641619.920,1111069.879,-1628953.913,606.341329,4863.179025,5789.249347
39960.0,6663649.766,1400254.488,-1278335.424,127.722787,4772.841404,5893.830661
40020.0,6656935.634,1683399.031,-922202.773,-351.446692,4661.915900,5972.988649
40080.0,6621506.487,1959282.150,-562092.156,-829.100190,4530.880995,6026.381860
40140.0,6557515.149,2226713.810,-199556.927,-1303.177323,4380.301914,6053.779980
40200.0,6465237.651,2484540.432,163839.101,-1771.633137,4210.828188,6055.064826
40260.0,6345072.035,2731649.868,526528.401,-2232.446926,4023.190849,6030.230854
40320.0,6197536.643,2966976.200,886946.495,-2683.630947,3818.199281,5979.385189
40380.0,6023267.874,3189504.335,1243538.702,-3123.238994,3596.737725,5902.747154
40440.0,5823017.447,3398274.388,1594766.844,-3549.374799,3359.761465,5800.647333
40500.0,5597649.151,3592385.819,1939115.882,-3960.200202,3108.292711,5673.526137
40560.0,5348135.122,3771001.319,2275100.450,-4353.943089,2843.416185,5521.931910
40620.0,5075551.653,3933350.422,2601271.261,-4728.905031,2566.274445,5346.518561
40680.0,4781074.544,4078732.826,2916221.361,-5083.468611,2278.062956,5148.042744
40740.0,4465974.038,4206521.417,3218592.199,-5416.104402,1980.024931,4927.360594
40800.0,4131609.336,4316164.974,3507079.483,-5725.377563,1673.445972,4685.424035
40860.0,3779422.736,4407190.543,3780438.809,-6009.954029,1359.648522,4423.276671
40920.0,3410933.412,4479205.482,4037491.028,-6268.606266,1039.986163,4142.049288
40980.0,3027730.860,4531899.149,4277127.334,-6500.218566,715.837772,3842.954973
41040.0,2631468.045,4565044.250,4498314.042,-6703.791856,388.601581,3527.283886
41100.0,2223854.263,4578497.809,4700097.054,-6878.448013,59.689137,3196.397688
41160.0,1806647.779,4572201.796,4881605.969,-7023.433651,-269.480778,2851.723673
41220.0,1381648.231,4546183.368,5042057.838,-7138.123366,-597.488275,2494.748609
41280.0,950688.876,4500554.756,5180760.546,-7222.022438,-922.918477,2127.012326
41340.0,515628.679,4435512.783,5297115.792,-7274.768965,-1244.367626,1750.101071
41400.0,78344.292,4351338.009,5390621.670,-7296.135422,-1560.449134,1365.640671
41460.0,-359278.036,4248393.528,5460874.840,-7286.029645,-1869.799569,975.289513
41520.0,-795350.602,4127123.394,5507572.260,-7244.495223,-2171.084532,580.731396
41580.0,-1227992.384,3988050.712,5530512.500,-7171.711320,-2463.004417,183.668266
41640.0,-1655337.161,3831775.380,5529596.605,-7067.991890,-2744.300012,-214.187126
41700.0,-2075541.560,3658971.498,5504828.526,-6933.784334,-3013.757936,-611.118612
41760.0,-2486793.010,3470384.465,5456315.101,-6769.667562,-3270.215868,-1005.414007
41820.0,-2887317.558,3266827.759,5384265.595,-6576.349499,-3512.567565,-1395.372500
41880.0,-3275387.521,3049179.433,5288990.798,-6354.664032,-3739.767631,-1779.311986
41940.0,-3649328.940,2818378.323,5170901.682,-6105.567414,-3950.836027,-2155.576324
42000.0,-4007528.801,2575420.002,5030507.630,-5830.134133,-4144.862300,-2522.542478
42060.0,-4348441.992,2321352.480,4868414.238,-5529.552285,-4321.009508,-2878.627522
42120.0,-4670597.967,2057271.692,4685320.705,-5205.118444,-4478.517831,-3222.295466
42180.0,-4972607.090,1784316.762,4482016.813,-4858.232071,-4616.707849,-3552.063882
42240.0,-5253166.631,1503665.095,4259379.523,-4490.389478,-4734.983473,-3866.510298
42300.0,-5511066.381,1216527.296,4018369.193,-4103.177372,-4832.834516,-4164.278333
42360.0,-5745193.879,924141.947,3760025.431,-3698.266010,-4909.838892,-4444.083552
42420.0,-5954539.204,627770.266,3485462.617,-3277.401998,-4965.664439,-4704.718999
42480.0,-6138199.334,328690.668,3195865.090,-2842.400753,-5000.070351,-4945.060413
42540.0,-6295382.042,28193.247,2892482.044,-2395.138674,-5012.908217,-5164.071067
42600.0,-6425409.314,-272425.787,2576622.136,-1937.545048,-5004.122658,-5360.806250
42660.0,-6527720.270,-571869.699,2249647.843,-1471.593727,-4973.751573,-5534.417334
42720.0,-6601873.587,-868846.824,1912969.584,-999.294615,-4921.925969,-5684.155440
42780.0,-6647549.401,-1162076.135,1568039.638,-522.684997,-4848.869398,-5809.374665
42840.0,-6664550.688,-1450292.775,1216345.877,-43.820751,-4754.896992,-5909.534870
42900.0,-6652804.110,-1732253.506,859405.348,435.232517,-4640.414108,-5984.204008
42960.0,-6612360.339,-2006742.077,498757.733,912.408388,-4505.914571,-6033.059991
43020.0,-6543393.829,-2272574.469,135958.702,1385.648542,-4351.978552,-6055.892077
43080.0,-6446202.072,-2528604.000,-227426.793,1852.911633,-4179.270062,-6052.601777
43140.0,-6321204.309,-2773726.274,-589831.272,2312.182100,-3988.534087,-6023.203285
43200.0,-6168939.723,-3006883.946,-949691.485,2761.478856,-3780.593377,-5967.823413
43260.0,-5990065.116,-3227071.277,-1305455.158,3198.863840,-3556.344893,-5886.701044
43320.0,-5785352.071,-3433338.480,-1655587.686,3622.450368,-3316.755942,-5780.186103
43380.0,-5555683.629,-3624795.810,-1998578.756,4030.411281,-3062.860004,-5648.738049
43440.0,-5302050.475,-3800617.406,-2332948.860,4420.986818,-2795.752269,-5492.923888
43500.0,-5025546.669,-3960044.855,-2657255.675,4792.492214,-2516.584921,-5313.415733
43560.0,-4727364.922,-4102390.457,-2970100.288,5143.324961,-2226.562162,-5110.987901
43620.0,-4408791.457,-4227040.199,-3270133.230,5471.971726,-1926.935019,-4886.513574
43680.0,-4071200.455,-4333456.397,-3556060.292,5777.014875,-1618.995947,-4640.961032
43740.0,-3716048.132,-4421180.020,-3826648.116,6057.138589,-1304.073258,-4375.389480
43800.0,-3344866.455,-4489832.668,-4080729.506,6311.134541,-983.525385,-4090.944471
43860.0,-2959256.533,-4539118.204,-4317208.472,6537.907107,-658.735028,-3788.852975
43920.0,-2560881.715,-4568824.034,-4535064.948,6736.478092,-331.103185,-3470.418078
43980.0,-2151460.408,-4578822.018,-4733359.202,6905.990952,-2.043112,-3137.013363
44040.0,-1732758.673,-4569069.031,-4911235.880,7045.714484,327.025774,-2790.076988
44100.0,-1306582.598,-4539607.142,-5067927.703,7155.045983,654.684018,-2431.105481
44160.0,-874770.516,-4490563.437,-5202758.773,7233.513844,979.518250,-2061.647281
44220.0,-439185.069,-4422149.468,-5315147.491,7280.779590,1300.127284,-1683.296066
44280.0,-1705.176,-4334660.342,-5404609.061,7296.639340,1615.128154,-1297.683872
44340.0,435782.073,-4228473.448,-5470757.587,7281.024681,1923.162091,-906.474055
44400.0,871389.555,-4104046.828,-5513307.734,7234.002967,2222.900375,-511.354117
44460.0,1303238.255,-3961917.203,-5532075.959,7155.777030,2513.050070,-114.028430
44520.0,1729465.374,-3802697.654,-5526981.306,7046.684301,2792.359601,283.789126
44580.0,2148232.359,-3627074.985,-5498045.751,6907.195356,3059.624153,680.382542
44640.0,2557732.840,-3435806.751,-5445394.107,6737.911887,3313.690867,1074.041096
44700.0,2956200.416,-3229717.997,-5369253.491,6539.564108,3553.463815,1463.066721
44760.0,3341916.277,-3009697.698,-5269952.339,6313.007601,3777.908724,1845.781337
44820.0,3713216.620,-2776694.921,-5147918.991,6059.219629,3986.057439,2220.534085
44880.0,4068499.823,-2531714.736,-5003679.844,5779.294918,4177.012102,2585.708451
44940.0,4406233.353,-2275813.876,-4837857.080,5474.440937,4349.949020,2939.729238
45000.0,4724960.382,-2010096.182,-4651165.985,5145.972689,4504.122221,3281.069360
45060.0,5023306.064,-1735707.840,-4444411.859,4795.307037,4638.866672,3608.256430
45120.0,5299983.471,-1453832.438,-4218486.546,4423.956595,4753.601145,3919.879110
45180.0,5553799.142,-1165685.859,-3974364.586,4033.523201,4847.830729,4214.593201
45240.0,5783658.229,-872511.038,-3713099.011,3625.691009,4921.148959,4491.127439
45300.0,5988569.226,-575572.598,-3435816.803,3202.219221,4973.239574,4748.288980
45360.0,6167648.237,-276151.397,-3143714.032,2764.934506,5003.877878,4984.968546
45420.0,6320122.799,24460.996,-2838050.698,2315.723111,5012.931711,5200.145207
45480.0,6445335.202,324967.876,-2520145.293,1856.522732,5000.362020,5392.890789
45540.0,6542745.339,624072.990,-2191369.120,1389.314151,4966.223023,5562.373874
45600.0,6611933.026,920486.136,-1853140.369,916.112696,4910.661982,5707.863389
45660.0,6652599.818,1212928.720,-1506918.007,438.959545,4833.918562,5828.731757
45720.0,6664570.296,1500139.277,-1154195.481,-40.087080,4736.323798,5924.457608
45780.0,6647792.827,1780878.910,-796494.276,-518.960787,4618.298672,5994.628022
45840.0,6602339.780,2053936.635,-435357.355,-995.595931,4480.352289,6038.940317
45900.0,6528407.218,2318134.604,-72342.498,-1467.936524,4323.079689,6057.203349
45960.0,6426314.055,2572333.187,290984.411,-1933.945102,4147.159274,6049.338339
46020.0,6296500.674,2815435.886,653056.145,-2391.611513,3953.349886,6015.379214
46080.0,6139527.030,3046394.065,1012310.889,-2838.961591,3742.487531,5955.472458
46140.0,5956070.238,3264211.476,1367198.982,-3274.065671,3515.481774,5869.876483
46200.0,5746921.647,3467948.551,1716189.595,-3695.046909,3273.311815,5758.960509
46260.0,5512983.430,3656726.461,2057777.340,-4100.089382,3017.022267,5623.202979
46320.0,5255264.691,3829730.904,2390488.763,-4487.445921,2747.718646,5463.189489
46380.0,4974877.111,3986215.616,2712888.696,-4855.445643,2466.562607,5279.610266
46440.0,4673030.158,4125505.593,3023586.452,-5202.501164,2174.766930,5073.257187
46500.0,4351025.861,4247000.001,3321241.821,-5527.115443,1873.590291,4845.020366
46560.0,4010253.203,4350174.768,3604570.851,-5827.888241,1564.331828,4595.884314
46620.0,3652182.122,4434584.845,3872351.390,-6103.522159,1248.325544,4326.923692
46680.0,3278357.176,4499866.124,4123428.353,-6352.828238,926.934547,4039.298673
46740.0,2890390.877,4545737.012,4356718.707,-6574.731082,601.545173,3734.249944
46800.0,2489956.737,4571999.641,4571216.142,-6768.273505,273.561004,3413.093345
46860.0,2078782.046,4578540.728,4765995.415,-6932.620650,-55.603183,3077.214203
46920.0,1658640.428,4565332.057,4940216.334,-7067.063599,-384.527524,2728.061347
46980.0,1231344.184,4532430.604,5093127.390,-7171.022425,-711.793186,2367.140866
47040.0,798736.477,4479978.291,5224068.993,-7244.048698,-1035.988493,1996.009607
47100.0,362683.382,4408201.373,5332476.321,-7285.827413,-1355.715014,1616.268464
47160.0,-74934.166,4317409.465,5417881.752,-7296.178358,-1669.593592,1229.555468
47220.0,-512228.482,4207994.200,5479916.887,-7275.056882,-1976.270297,837.538725
47280.0,-947313.276,4080427.548,5518314.133,-7222.554095,-2274.422264,441.909218
47340.0,-1378311.787,3935259.773,5532907.863,-7138.896469,-2562.763400,44.373514
47400.0,-1803364.884,3773117.064,5523635.126,-7024.444865,-2840.049931,-353.353597
47460.0,-2220639.078,3594698.831,5490535.920,-6879.692978,-3105.085769,-749.556500
47520.0,-2628334.438,3400774.689,5433753.020,-6705.265199,-3356.727668,-1142.526155
47580.0,-3024692.349,3192181.141,5353531.363,-6501.913933,-3593.890159,-1530.567468
47640.0,-3408003.103,2969817.963,5250216.987,-6270.516345,-3815.550230,-1912.006604
47700.0,-3776613.269,2734644.332,5124255.545,-6012.070580,-4020.751739,-2285.198206
47760.0,-4128932.830,2487674.679,4976190.377,-5727.691456,-4208.609540,-2648.532494
47820.0,-4463442.039,2229974.320,4806660.170,-5418.605655,-4378.313299,-3000.442209
47880.0,-4778697.974,1962654.858,4616396.200,-5086.146436,-4529.130991,-3339.409370
47940.0,-5073340.762,1686869.390,4406219.181,-4731.747877,-4660.412056,-3663.971826
48000.0,-5346099.448,1403807.528,4177035.721,-4356.938693,-4771.590206,-3972.729562
48060.0,-5595797.473,1114690.274,3929834.414,-3963.335642,-4862.185871,-4264.350735
48120.0,-5821357.755,820764.749,3665681.575,-3552.636550,-4931.808259,-4537.577424
48180.0,-6021807.326,523298.816,3385716.641,-3126.612987,-4980.157053,-4791.231052
48240.0,-6196281.538,223575.608,3091147.253,-2687.102627,-5007.023698,-5024.217472
48300.0,-6344027.789,-77112.005,2783244.050,-2236.001319,-5012.292302,-5235.531685
48360.0,-6464408.767,-377466.991,2463335.190,-1775.254911,-4995.940139,-5424.262178
48420.0,-6556905.203,-676193.755,2132800.613,-1306.850854,-4958.037745,-5589.594852
48480.0,-6621118.110,-972003.724,1793066.097,-832.809633,-4898.748614,-5730.816536
48540.0,-6656770.501,-1263620.908,1445597.103,-355.176046,-4818.328493,-5847.318065
48600.0,-6663708.590,-1549787.402,1091892.455,123.989609,-4717.124278,-5938.596902
48660.0,-6641902.447,-1829268.812,733477.877,602.620430,-4595.572517,-6004.259313
48720.0,-6591446.134,-2100859.582,371899.405,1078.651818,-4454.197531,-6044.022060
48780.0,-6512557.298,-2363388.192,8716.728,1550.030388,-4293.609147,-6057.713623
48840.0,-6405576.229,-2615722.213,-354503.549,2014.722827,-4114.500071,-6045.274943
48900.0,-6270964.396,-2856773.188,-716194.658,2470.724662,-3917.642899,-6006.759676
48960.0,-6109302.452,-3085501.333,-1074796.427,2916.068905,-3703.886783,-5942.333959
49020.0,-5921287.736,-3300920.018,-1428762.009,3348.834543,-3474.153772,-5852.275695
49080.0,-5707731.256,-3502100.024,-1776564.556,3767.154821,-3229.434829,-5736.973356
49140.0,-5469554.200,-3688173.551,-2116703.806,4169.225292,-2970.785562,-5596.924302
49200.0,-5207783.956,-3858337.962,-2447712.551,4553.311608,-2699.321667,-5432.732644
49260.0,-4923549.682,-4011859.244,-2768162.969,4917.756993,-2416.214117,-5245.106628
49320.0,-4618077.437,-4148075.177,-3076672.781,5260.989393,-2122.684110,-5034.855591
49380.0,-4292684.891,-4266398.185,-3371911.215,5581.528260,-1819.997801,-4802.886458
49440.0,-3948775.639,-4366317.877,-3652604.746,5877.990933,-1509.460844,-4550.199841
49500.0,-3587833.152,-4447403.245,-3917542.589,6149.098606,-1192.412753,-4277.885716
49560.0,-3211414.372,-4509304.522,-4165581.922,6393.681843,-870.221132,-3987.118723
49620.0,-2821142.999,-4551754.695,-4395652.814,6610.685623,-544.275770,-3679.153099
49680.0,-2418702.489,-4574570.653,-4606762.844,6799.173888,-215.982648,-3355.317269
49740.0,-2005828.788,-4577653.977,-4798001.378,6958.333586,113.242126,-3017.008115
49800.0,-1584302.847,-4560991.369,-4968543.500,7087.478174,441.978424,-2665.684950
49860.0,-1155942.939,-4524654.702,-5117653.568,7186.050580,768.808227,-2302.863222
49920.0,-722596.815,-4468800.717,-5244688.388,7253.625606,1092.321738,-1930.107983
49980.0,-286133.734,-4393670.343,-5349099.990,7289.911766,1411.123466,-1549.027128
50040.0,151563.599,-4299587.657,-5430437.988,7294.752537,1723.838245,-1161.264470
50100.0,588607.155,-4186958.492,-5488351.528,7268.127038,2029.117163,-768.492641
50160.0,1023111.725,-4056268.677,-5522590.797,7210.150119,2325.643386,-372.405882
50220.0,1453203.053,-3908081.950,-5533008.101,7121.071867,2612.137833,25.287269
50280.0,1877025.919,-3743037.521,-5519558.506,7001.276525,2887.364696,422.871341
50340.0,2292752.142,-3561847.318,-5482300.027,6851.280836,3150.136771,818.631338
50400.0,2698588.468,-3365292.913,-5421393.380,6671.731814,3399.320578,1210.860128
50460.0,3092784.300,-3154222.153,-5337101.289,6463.403952,3633.841250,1597.865814
50520.0,3473639.257,-2929545.503,-5229787.352,6227.195883,3852.687172,1977.979028
50580.0,3839510.503,-2692232.116,-5099914.472,5964.126501,4054.914339,2349.560134
50640.0,4188819.833,-2443305.654,-4948042.864,5675.330570,4239.650437,2711.006297
50700.0,4520060.484,-2183839.875,-4774827.631,5362.053823,4406.098595,3060.758403
50760.0,4831803.635,-1914953.996,-4581015.948,5025.647597,4553.540834,3397.307779
50820.0,5122704.566,-1637807.870,-4367443.829,4667.562996,4681.341152,3719.202702
50880.0,5391508.462,-1353596.979,-4135032.529,4289.344634,4788.948278,4025.054664
50940.0,5637055.823,-1063547.283,-3884784.565,3892.623976,4875.898042,4313.544356
51000.0,5858287.470,-768909.923,-3617779.393,3479.112294,4941.815382,4583.427365
51060.0,6054249.109,-470955.834,-3335168.755,3050.593293,4986.415962,4833.539537
51120.0,6224095.450,-170970.253,-3038171.703,2608.915409,5009.507394,5062.802001
51180.0,6367093.852,129752.816,-2728069.350,2155.983841,5010.990072,5270.225823
51240.0,6482627.485,429916.191,-2406199.337,1693.752332,4990.857600,5454.916268
51300.0,6570197.989,728225.100,-2073950.067,1224.214741,4949.196821,5616.076667
51360.0,6629427.624,1023392.776,-1732754.711,749.396439,4886.187442,5753.011847
51420.0,6660060.901,1314145.997,-1384085.034,271.345579,4802.101254,5865.131129
51480.0,6661965.681,1599230.585,-1029445.039,-207.875743,4697.300970,5951.950883
51540.0,6635133.748,1877416.814,-670364.483,-686.200383,4572.238649,6013.096608
51600.0,6579680.843,2147504.714,-308392.277,-1161.565064,4427.453754,6048.304547
51660.0,6495846.164,2408329.249,54910.195,-1631.919278,4263.570822,6057.422831
51720.0,6383991.337,2658765.338,417975.808,-2095.234129,4081.296770,6040.412127
51780.0,6244598.853,2897732.713,779238.463,-2549.511085,3881.417846,5997.345811
51840.0,6078269.987,3124200.577,1137139.834,-2992.790601,3664.796237,5928.409652
51900.0,5885722.209,3337192.050,1490136.098,-3423.160569,3432.366351,5833.901010
51960.0,5667786.081,3535788.383,1836704.587,-3838.764568,3185.130786,5714.227551
52020.0,5425401.682,3719132.921,2175350.361,-4237.809869,2924.156004,5569.905495
52080.0,5159614.549,3886434.798,2504612.656,-4618.575171,2650.567734,5401.557380
52140.0,4871571.168,4036972.349,2823071.182,-4979.418024,2365.546110,5209.909384
52200.0,4562514.028,4170096.224,3129352.253,-5318.781915,2070.320588,4995.788191
52260.0,4233776.261,4285232.185,3422134.711,-5635.202982,1766.164637,4760.117422
52320.0,3886775.894,4381883.589,3700155.625,-5927.316326,1454.390250,4503.913655
52380.0,3523009.731,4459633.526,3962215.737,-6193.861903,1136.342279,4228.282038
52440.0,3144046.893,4518146.615,4207184.639,-6433.689956,813.392640,3934.411520
52500.0,2751522.056,4557170.460,4434005.645,-6645.765973,486.934393,3623.569727
52560.0,2347128.395,4576536.728,4641700.352,-6829.175156,158.375731,3297.097489
52620.0,1932610.282,4576161.883,4829372.859,-6983.126360,-170.866093,2956.403061
52680.0,1509755.760,4556047.540,4996213.631,-7106.955508,-499.370878,2602.956045
52740.0,1080388.833,4516280.465,5141502.993,-7200.128458,-825.721602,2238.281051
52800.0,646361.596,4457032.194,5264614.231,-7262.243304,-1148.510535,1863.951123
52860.0,209546.248,4378558.298,5365016.299,-7293.032110,-1466.345313,1481.580951
52920.0,-228172.989,4281197.278,5442276.109,-7292.362067,-1777.854939,1092.819907
52980.0,-664907.991,4165369.104,5496060.396,-7260.236065,-2081.695701,699.344932
53040.0,-1098774.879,4031573.409,5526137.159,-7196.792682,-2376.556967,302.853298
53100.0,-1527902.149,3880387.326,5532376.661,-7102.305583,-2661.166840,-94.944708
53160.0,-1950438.738,3712463.003,5514751.986,-6977.182344,-2934.297639,-492.333166
53220.0,-2364562.015,3528524.790,5473339.161,-6821.962689,-3194.771203,-887.597920
53280.0,-2768485.639,3329366.114,5408316.821,-6637.316167,-3441.463966,-1279.033978
53340.0,-3160467.265,3115846.055,5319965.443,-6424.039258,-3673.311807,-1664.952860
53400.0,-3538816.062,2888885.643,5208666.135,-6183.051943,-3889.314638,-2043.689887
53460.0,-3901900.004,2649463.882,5074898.993,-5915.393733,-4088.540722,-2413.611359
53520.0,-4248152.910,2398613.530,4919241.027,-5622.219184,-4270.130686,-2773.121600
53580.0,-4576081.202,2137416.641,4742363.675,-5304.792919,-4433.301234,-3120.669847
53640.0,-4884270.345,1866999.902,4545029.907,-4964.484172,-4577.348521,-3454.756932
53700.0,-5171390.950,1588529.768,4328090.932,-4602.760881,-4701.651193,-3773.941755
53760.0,-5436204.509,1303207.433,4092482.525,-4221.183357,-4805.673063,-4076.847497
53820.0,-5677568.735,1012263.650,3839220.996,-3821.397553,-4888.965429,-4362.167559
53880.0,-5894442.492,716953.418,3569398.801,-3405.127965,-4951.169005,-4628.671199
53940.0,-6085890.285,418550.573,3284179.830,-2974.170192,-4992.015473,-4875.208840
54000.0,-6251086.293,118342.289,2984794.389,-2530.383190,-5011.328638,-5100.717031
54060.0,-6389317.937,-182376.469,2672533.893,-2075.681258,-5009.025194,-5304.223031
54120.0,-6499988.948,-482308.538,2348745.292,-1612.025774,-4985.115076,-5484.849007
54180.0,-6582621.939,-780160.146,2014825.264,-1141.416738,-4939.701422,-5641.815819
54240.0,-6636860.471,-1074646.495,1672214.188,-665.884146,-4872.980125,-5774.446385
54300.0,-6662470.582,-1364497.304,1322389.936,-187.479230,-4785.238991,-5882.168595
54360.0,-6659341.802,-1648462.287,966861.490,291.734387,-4676.856496,-5964.517785
54420.0,-6627487.627,-1925316.548,607162.441,769.689594,-4548.300153,-6021.138737
54480.0,-6567045.462,-2193865.863,244844.366,1244.324707,-4400.124496,-6051.787214
54540.0,-6478276.027,-2452951.830,-118529.856,1713.592365,-4232.968688,-6056.331013
54600.0,-6361562.233,-2701456.870,-481392.795,2175.468358,-4047.553764,-6034.750533
54660.0,-6217407.531,-2938309.045,-842179.222,2627.960363,-3844.679519,-5987.138863
54720.0,-6046433.739,-3162486.681,-1199332.868,3069.116534,-3625.221062,-5913.701379
54780.0,-5849378.361,-3373022.776,-1551313.133,3497.033920,-3390.125038,-5814.754855
54840.0,-5627091.404,-3569009.174,-1896601.733,3909.866681,-3140.405545,-5690.726104
54900.0,-5380531.715,-3749600.477,-2233709.250,4305.834042,-2877.139759,-5542.150129
54960.0,-5110762.841,-3914017.696,-2561181.553,4683.227978,-2601.463292,-5369.667820
55020.0,-4818948.443,-4061551.609,-2877606.076,5040.420582,-2314.565285,-5174.023187
55080.0,-4506347.276,-4191565.821,-3181617.904,5375.871087,-2017.683289,-4956.060153
55140.0,-4174307.761,-4303499.511,-3471905.668,5688.132510,-1712.097918,-4716.718913
55200.0,-3824262.166,-4396869.846,-3747217.199,5975.857898,-1399.127329,-4457.031877
55260.0,-3457720.430,-4471274.069,-4006364.926,6237.806131,-1080.121536,-4178.119216
55320.0,-3076263.649,-4526391.234,-4248231.003,6472.847284,-756.456586,-3881.184035
55380.0,-2681537.255,-4561983.590,-4471772.128,6679.967495,-429.528625,-3567.507178
55440.0,-2275243.920,-4577897.607,-4676024.047,6858.273342,-100.747870,-3238.441705
55500.0,-1859136.209,-4574064.641,-4860105.709,7006.995693,228.467465,-2895.407056
55560.0,-1435009.024,-4550501.225,-5023223.069,7125.493027,556.697295,-2539.882929
55620.0,-1004691.858,-4507309.000,-5164672.511,7213.254200,882.525784,-2173.402892
55680.0,-570040.904,-4444674.278,-5283843.887,7269.900650,1204.547455,-1797.547776
55740.0,-132931.051,-4362867.237,-5380223.146,7295.188030,1521.373252,-1413.938851
55800.0,304752.206,-4262240.757,-5453394.550,7289.007262,1831.636531,-1024.230831
55860.0,741120.900,-4143228.893,-5503042.471,7251.385006,2133.998958,-630.104742
55920.0,1174292.733,-4006345.011,-5528952.751,7182.483548,2427.156275,-233.260666
55980.0,1602399.197,-3852179.564,-5531013.625,7082.600098,2709.843936,164.589592
56040.0,2023593.634,-3681397.553,-5509216.202,6952.165508,2980.842554,561.729884
56100.0,2436059.201,-3494735.654,-5463654.506,6791.742413,3238.983162,956.447128
56160.0,2838016.709,-3292999.044,-5394525.072,6602.022808,3483.152259,1347.038690
56220.0,3227732.293,-3077057.921,-5302126.091,6383.825055,3712.296609,1731.819735
56280.0,3603524.897,-2847843.760,-5186856.131,6138.090363,3925.427786,2109.130491
56340.0,3963773.522,-2606345.286,-5049212.415,5865.878720,4121.626441,2477.343411
56400.0,4306924.216,-2353604.215,-4889788.675,5568.364323,4300.046258,2834.870189
56460.0,4631496.783,-2090710.758,-4709272.594,5246.830515,4459.917618,3180.168617
56520.0,4936091.164,-1818798.918,-4508442.837,4902.664249,4600.550905,3511.749232
56580.0,5219393.475,-1539041.600,-4288165.692,4537.350102,4721.339493,3828.181747
56640.0,5480181.678,-1252645.552,-4049391.336,4152.463875,4821.762352,4128.101213
56700.0,5717330.851,-960846.156,-3793149.733,3749.665793,4901.386306,4410.213914
56760.0,5929818.039,-664902.103,-3520546.194,3330.693345,4959.867891,4673.302942
56820.0,6116726.669,-366089.963,-3232756.608,2897.353789,4996.954844,4916.233451
56880.0,6277250.500,-65698.676,-2931022.369,2451.516357,5012.487190,5137.957548
56940.0,6410697.107,234976.005,-2616645.023,1995.104190,5006.397928,5337.518815
57000.0,6516490.859,534637.106,-2290980.651,1530.086043,4978.713326,5514.056435
57060.0,6594175.411,831992.024,-1955434.022,1058.467796,4929.552801,5666.808904
57120.0,6643415.666,1125758.104,-1611452.534,582.283797,4859.128410,5795.117317
57180.0,6663999.225,1414668.171,-1260519.966,103.588088,4767.743933,5898.428209
57240.0,6655837.299,1697475.999,-904150.085,-375.554453,4655.793560,5976.295945
57300.0,6618965.095,1972961.681,-543880.108,-853.077022,4523.760195,6028.384637
57360.0,6553541.663,2239936.897,-181264.078,-1326.919801,4372.213370,6054.469599
57420.0,6459849.210,2497250.036,182133.844,-1795.038847,4201.806791,6054.438312
57480.0,6338291.883,2743791.166,544746.122,-2255.414906,4013.275513,6028.290910
57540.0,6189394.026,2978496.819,905008.612,-2706.062123,3807.432776,5976.140183
57600.0,6013797.916,3200354.581,1261367.302,-3145.036610,3585.166492,5898.211084
57660.0,5812260.997,3408407.457,1612285.024,-3570.444828,3347.435419,5794.839764
57720.0,5585652.607,3601758.003,1956248.076,-3980.451758,3095.265020,5666.472121
57780.0,5334950.233,3779572.190,2291772.756,-4373.288816,2829.743045,5513.661875
57840.0,5061235.291,3941083.008,2617411.763,-4747.261480,2552.014835,5337.068181
57900.0,4765688.465,4085593.773,2931760.438,-5100.756601,2263.278385,5137.452783
57960.0,4449584.610,4212481.131,3233462.820,-5432.249360,1964.779174,4915.676732
58020.0,4114287.255,4321197.747,3521217.504,-5740.309847,1657.804792,4672.696671
58080.0,3761242.721,4411274.665,3793783.245,-6023.609228,1343.679389,4409.560705
58140.0,3391973.885,4482323.336,4049984.317,-6280.925478,1023.757959,4127.403885
58200.0,3008073.604,4534037.287,4288715.585,-6511.148650,699.420499,3827.443307
58260.0,2611197.851,4566193.448,4508947.269,-6713.285666,372.066055,3510.972866
58320.0,2203058.569,4578653.110,4709729.390,-6886.464597,43.106686,3179.357673
58380.0,1785416.287,4571362.531,4890195.864,-7029.938428,-286.038625,2834.028166
58440.0,1360072.524,4544353.156,5049568.240,-7143.088278,-613.950095,2476.473941
58500.0,928862.023,4497741.493,5187159.058,-7225.426069,-939.213262,2108.237324
58560.0,493644.830,4431728.603,5302374.813,-7276.596633,-1260.425087,1730.906724
58620.0,56298.276,4346599.236,5394718.517,-7296.379243,-1576.200006,1346.109773
58680.0,-381291.123,4242720.602,5463791.839,-7284.688567,-1885.175910,955.506312
58740.0,-817235.804,4120540.786,5509296.830,-7241.575032,-2186.020017,560.781228
58800.0,-1249655.299,3980586.817,5531037.201,-7167.224611,-2477.434619,163.637187
58860.0,-1676684.345,3823462.393,5528919.173,-7061.958018,-2758.162687,-234.212710
58920.0,-2096480.931,3649845.278,5502951.884,-6926.229325,-3026.993285,-631.052320
58980.0,-2507234.245,3460484.378,5453247.344,-6760.624005,-3282.766801,-1025.169856
59040.0,-2907172.483,3256196.511,5380019.957,-6565.856405,-3524.379943,-1414.865271
59100.0,-3294570.490,3037862.881,5283585.591,-6342.766663,-3750.790500,-1798.457595
59160.0,-3667757.207,2806425.281,5164360.222,-6092.317089,-3961.021840,-2174.292186
59220.0,-4025122.875,2562882.030,5022858.134,-5815.588009,-4154.167120,-2540.747861
59280.0,-4365125.979,2308283.663,4859689.703,-5513.773107,-4329.393197,-2896.243897
59340.0,-4686299.900,2043728.401,4675558.764,-5188.174276,-4485.944227,-3239.246844
59400.0,-4987259.239,1770357.418,4471259.575,-4840.196003,-4623.144917,-3568.277142
59460.0,-5266705.792,1489349.912,4247673.390,-4471.339310,-4740.403448,-3881.915503
59520.0,-5523434.154,1201918.022,4005764.659,-4083.195276,-4837.214017,-4178.809033
59580.0,-5756336.914,909301.601,3746576.868,-3677.438181,-4913.159028,-4457.677066
59640.0,-5964409.434,612762.863,3471228.035,-3255.818278,-4967.910889,-4717.316693
59700.0,-6146754.184,313580.942,3180905.891,-2820.154244,-5001.233424,-4956.607945
59760.0,-6302584.611,13046.375,2876862.754,-2372.325338,-5012.982896,-5174.518627
59820.0,-6431228.532,-287544.468,2560410.131,-1914.263290,-5003.108622,-5370.108771
59880.0,-6532131.036,-586894.974,2232913.053,-1447.943975,-4971.653196,-5542.534690
59940.0,-6604856.876,-883713.881,1895784.196,-975.378883,-4918.752302,-5691.052615
60000.0,-6649092.343,-1176720.844,1550477.782,-498.606447,-4844.634130,-5815.021909
60060.0,-6664646.628,-1464651.965,1198483.307,-19.683248,-4749.618393,-5913.907822
60120.0,-6651452.635,-1746265.238,841319.116,459.324856,-4634.114947,-5987.283807
60180.0,-6609567.277,-2020345.911,480525.853,936.351640,-4498.622020,-6034.833351
60240.0,-6539171.230,-2285711.724,117659.819,1409.339425,-4343.724068,-6056.351348
60300.0,-6440568.149,-2541218.008,-245713.746,1876.247956,-4170.089251,-6051.744979
60360.0,-6314183.364,-2785762.625,-608027.413,2335.063201,-3978.466551,-6021.034113
60420.0,-6160562.042,-3018290.719,-967718.324,2783.806037,-3769.682542,-5964.351224
60480.0,-5980366.836,-3237799.269,-1323234.935,3220.540790,-3544.637824,-5881.940816
60540.0,-5774375.026,-3443341.414,-1673043.708,3643.383583,-3304.303138,-5774.158370
60600.0,-5543475.169,-3634030.539,-2015635.726,4050.510464,-3049.715180,-5641.468811
60660.0,-5288663.262,-3809044.096,-2349533.201,4440.165272,-2781.972128,-5484.444501
60720.0,-5011038.449,-3967627.156,-2673295.850,4810.667210,-2502.228903,-5303.762774
60780.0,-4711798.278,-4109095.664,-2985527.107,5160.418101,-2211.692192,-5100.203007
60840.0,-4392233.535,-4232839.387,-3284880.148,5487.909278,-1911.615239,-4874.643267
60900.0,-4053722.680,-4338324.552,-3570063.698,5791.728091,-1603.292440,-4628.056516
60960.0,-3697725.894,-4425096.142,-3839847.605,6070.564003,-1288.053762,-4361.506418
61020.0,-3325778.788,-4492779.865,-4093068.143,6323.214242,-967.259001,-4076.142750
61080.0,-2939485.774,-4541083.764,-4328633.032,6548.588989,-642.291922,-3773.196442
61140.0,-2540513.144,-4569799.477,-4545526.152,6745.716078,-314.554285,-3453.974267
61200.0,-2130581.887,-4578803.137,-4742811.923,6913.745193,14.540197,-3119.853206
61260.0,-1711460.262,-4568055.908,-4919639.345,7051.951532,343.571960,-2772.274507
61320.0,-1284956.170,-4537604.147,-5075245.663,7159.738935,671.121708,-2412.737467
61380.0,-852909.357,-4487579.210,-5208959.662,7236.642455,995.776540,-2042.792966
61440.0,-417183.477,-4418196.881,-5320204.560,7282.330366,1316.136041,-1664.036778
61500.0,20341.943,-4329756.445,-5408500.496,7296.605591,1630.818325,-1278.102687
61560.0,457779.618,-4222639.395,-5473466.603,7279.406553,1938.465996,-886.655438
61620.0,893242.638,-4097307.783,-5514822.645,7230.807440,2237.751999,-491.383557
61680.0,1324852.612,-3954302.236,-5532390.232,7151.017888,2527.385349,-93.992070
61740.0,1750747.770,-3794239.613,-5526093.584,7040.382072,2806.116700,303.804857
61800.0,2169090.993,-3617810.353,-5495959.862,6899.377225,3072.743731,700.291307
61860.0,2578077.736,-3425775.492,-5442119.050,6728.611579,3326.116331,1093.757016
61920.0,2975943.815,-3218963.382,-5364803.393,6528.821740,3565.141567,1482.504751
61980.0,3360973.016,-2998266.116,-5264346.396,6300.869510,3788.788392,1864.857630
62040.0,3731504.496,-2764635.684,-5141181.384,6045.738174,3996.092093,2239.166355
62100.0,4085939.950,-2519079.861,-4995839.636,5764.528251,4186.158457,2603.816326
62160.0,4422750.503,-2262657.865,-4828948.091,5458.452756,4358.167622,2957.234610
62220.0,4740483.307,-1996475.784,-4641226.643,5128.831958,4511.377620,3297.896717
62280.0,5037767.805,-1721681.808,-4433485.039,4777.087695,4645.127570,3624.333187
62340.0,5313321.647,-1439461.273,-4206619.380,4404.737232,4758.840537,3935.135920
62400.0,5565956.217,-1151031.552,-3961608.265,4013.386720,4852.026014,4228.964252
62460.0,5794581.765,-857636.801,-3699508.560,3604.724269,4924.282040,4504.550741
62520.0,5998212.102,-560542.591,-3421450.844,3180.512665,4975.296936,4760.706631
62580.0,6175968.859,-261030.454,-3128634.534,2742.581765,5004.850647,4996.326982
62640.0,6327085.274,39607.651,-2822322.706,2292.820605,5012.815691,5210.395433
62700.0,6450909.499,340074.906,-2503836.652,1833.169251,4999.157711,5401.988590
62760.0,6546907.412,639075.232,-2174550.177,1365.610433,4963.935620,5570.280006
62820.0,6614664.922,935318.876,-1835883.674,892.160988,4907.301352,5714.543749
62880.0,6653889.752,1227527.976,-1489297.998,414.863163,4829.499201,5834.157529
62940.0,6664412.705,1514442.074,-1136288.162,-64.224195,4730.864770,5928.605386
63000.0,6646188.390,1794823.553,-778376.891,-543.034518,4611.823523,5997.479916
63060.0,6599295.418,2067462.973,-417108.055,-1019.502435,4472.888952,6040.484025
63120.0,6523936.064,2331184.291,-54040.002,-1491.572680,4314.660356,6057.432211
63180.0,6420435.395,2584849.933,309261.155,-1957.208952,4137.820263,6048.251370
63240.0,6289239.864,2827365.698,671228.299,-2414.402709,3943.131481,6012.981101
63300.0,6130915.392,3057685.483,1030300.067,-2861.181822,3731.433809,5951.773546
63360.0,5946144.918,3274815.794,1384927.585,-3295.619089,3503.640417,5864.892727
63420.0,5735725.459,3477820.028,1733581.151,-3715.840542,3260.733900,5752.713407
63480.0,5500564.669,3665822.515,2074756.831,-4120.033536,3003.762050,5615.719478
63540.0,5241676.925,3838012.299,2406982.945,-4506.454564,2733.833326,5454.501870
63600.0,4960178.953,3993646.630,2728826.422,-4873.436782,2452.112078,5269.756003
63660.0,4657285.008,4132054.172,3038898.973,-5219.397193,2159.813526,5062.278787
63720.0,4334301.637,4252637.897,3335863.086,-5542.843481,1858.198513,4832.965184
63780.0,3992622.045,4354877.662,3618437.791,-5842.380443,1548.568071,4582.804352
63840.0,3633720.084,4438332.450,3885404.188,-6116.716013,1232.257805,4312.875370
63900.0,3259143.895,4502642.275,4135610.706,-6364.666831,910.632134,4024.342590
63960.0,2870509.229,4547529.733,4367978.065,-6585.163349,585.078408,3718.450613
64020.0,2469492.483,4572801.201,4581503.939,-6777.254445,257.000918,3396.518918
64080.0,2057823.460,4578347.669,4775267.272,-6940.111524,-72.185159,3059.936173
64140.0,1637277.916,4564145.211,4948432.258,-7073.032094,-401.059861,2710.154245
64200.0,1209669.894,4530255.090,5100251.940,-7175.442796,-728.204572,2348.681935
64260.0,776843.902,4476823.494,5230071.438,-7246.901876,-1052.208137,1977.078471
64320.0,340666.956,4404080.902,5337330.768,-7287.101093,-1371.672951,1596.946782
64380.0,-96979.473,4312341.092,5421567.262,-7295.867044,-1685.220987,1209.926587
64440.0,-534207.577,4201999.790,5482417.562,-7273.161918,-1991.499740,817.687313
64500.0,-969131.350,4073532.957,5519619.187,-7219.083654,-2289.188063,421.920906
64560.0,-1399874.728,3927494.741,5533011.666,-7133.865522,-2577.001861,24.334523
64620.0,-1824579.679,3764515.086,5522537.230,-7017.875113,-2853.699636,-373.356829
64680.0,-2241414.216,3585297.012,5488241.061,-6871.612759,-3118.087840,-769.437688
64740.0,-2648580.304,3390613.584,5430271.097,-6695.709369,-3369.026019,-1162.199540
64800.0,-3044321.612,3181304.580,5348877.395,-6490.923711,-3605.431741,-1549.948187
64860.0,-3426931.090,2958272.864,5244411.049,-6258.139137,-3826.285258,-1931.011058
64920.0,-3794758.335,2722480.494,5117322.682,-5998.359776,-4030.633907,-2303.744418
64980.0,-4146216.705,2474944.572,4968160.494,-5712.706199,-4217.596220,-2666.540465
65040.0,-4479790.167,2216732.856,4797567.904,-5402.410585,-4386.365728,-3017.834260
65100.0,-4794039.837,1948959.155,4606280.772,-5068.811410,-4536.214433,-3356.110480
65160.0,-5087610.182,1672778.524,4395124.223,-4713.347670,-4666.495956,-3679.909954
65220.0,-5359234.873,1389382.282,4165009.092,-4337.552676,-4776.648322,-3987.835958
65280.0,-5607742.244,1099992.871,3916927.992,-3943.047438,-4866.196384,-4278.560237
65340.0,-5832060.346,805858.588,3651951.032,-3531.533672,-4934.753870,-4550.828738
65400.0,-6031221.572,508248.194,3371221.204,-3104.786465,-4982.025055,-4803.467019
65460.0,-6204366.831,208445.447,3075949.450,-2664.646610,-5007.806033,-5035.385310
65520.0,-6350749.251,-92256.440,2767409.437,-2213.012672,-5011.985596,-5245.583222
65580.0,-6469737.405,-392560.374,2446932.070,-1751.832796,-4994.545716,-5433.154056
65640.0,-6560818.032,-691170.979,2115899.741,-1283.096304,-4955.561619,-5597.288715
65700.0,-6623598.252,-986800.185,1775740.377,-808.825114,-4895.201466,-5737.279197
65760.0,-6657807.258,-1278172.781,1427921.270,-331.065017,-4813.725624,-5852.521646
65820.0,-6663297.488,-1564031.916,1073942.755,148.123145,-4711.485542,-5942.518958
65880.0,-6640045.261,-1843144.523,715331.735,626.672370,-4588.922237,-6006.882926
65940.0,-6588150.875,-2114306.636,353635.098,1102.518413,-4446.564394,-6045.335912
66000.0,-6507838.180,-2376348.585,-9586.962,1573.608690,-4285.026078,-6057.712047
66060.0,-6399453.609,-2628140.039,-372767.668,2037.911129,-4105.004094,-6043.957946
66120.0,-6263464.683,-2868594.883,-734340.422,2493.422940,-3907.274976,-6004.132939
66180.0,-6100457.997,-3096675.903,-1092745.564,2938.179249,-3692.691636,-5938.408813
66240.0,-5911136.689,-3311399.261,-1446437.094,3370.261579,-3462.179692,-5847.069071
66300.0,-5696317.405,-3511838.738,-1793889.347,3787.806121,-3216.733467,-5730.507712
66360.0,-5456926.779,-3697129.727,-2133603.572,4189.011778,-2957.411705,-5589.227529
66420.0,-5193997.434,-3866472.967,-2464114.393,4572.147929,-2685.333005,-5423.837942
66480.0,-4908663.528,-4019137.988,-2783996.138,4935.561897,-2401.670989,-5235.052365
66540.0,-4602155.863,-4154466.261,-3091868.979,5277.686078,-2107.649249,-5023.685136
66600.0,-4275796.575,-4271874.042,-3386404.893,5597.044704,-1804.536062,-4790.647996
66660.0,-3930993.431,-4370854.887,-3666333.385,5892.260206,-1493.638920,-4536.946163
66720.0,-3569233.755,-4450981.837,-3930446.970,6162.059156,-1176.298895,-4263.673992
66780.0,-3192078.015,-4511909.260,-4177606.380,6405.277764,-853.884847,-3972.010256
66840.0,-2801153.092,-4553374.342,-4406745.482,6620.866895,-527.787524,-3663.213060
66900.0,-2398145.259,-4575198.223,-4616875.873,6807.896595,-199.413565,-3338.614417
66960.0,-1984792.909,-4577286.764,-4807091.145,6965.560101,129.820574,-2999.614498
67020.0,-1562879.059,-4559630.956,-4976570.796,7093.177325,458.494726,-2647.675596
67080.0,-1134223.653,-4522306.957,-5124583.766,7190.197784,785.191139,-2284.315816
67140.0,-700675.719,-4465475.768,-5250491.595,7256.202974,1108.500591,-1911.102529
67200.0,-264105.386,-4389382.532,-5353751.173,7290.908180,1427.028472,-1529.645608
67260.0,173604.178,-4294355.480,-5433917.085,7294.163699,1739.400797,-1141.590486
67320.0,610564.893,-4180804.517,-5490643.532,7265.955488,2044.270131,-748.611059
67380.0,1044891.906,-4049219.451,-5523685.820,7206.405224,2340.321407,-352.402461
67440.0,1474711.727,-3900167.879,-5532901.420,7115.769781,2626.277593,45.326242
67500.0,1898170.307,-3734292.744,-5518250.582,6994.440119,2900.905202,442.859428
67560.0,2313441.037,-3552309.555,-5479796.500,6842.939599,3163.019616,838.482319
67620.0,2718732.627,-3355003.306,-5417705.050,6661.921726,3411.490191,1230.488375
67680.0,3112296.831,-3143225.087,-5332244.066,6452.167329,3645.245137,1617.186660
67740.0,3492435.991,-2917888.414,-5223782.188,6214.581195,3863.276140,1996.909131
67800.0,3857510.359,-2679965.287,-5092787.270,5950.188163,4064.642714,2368.017838
67860.0,4205945.168,-2430481.999,-4939824.368,5660.128704,4248.476254,2728.911984
67920.0,4536237.429,-2170514.709,-4765553.292,5345.654005,4413.983785,3078.034836
67980.0,4846962.408,-1901184.798,-4570725.771,5008.120567,4560.451382,3413.880435
68040.0,5136779.779,-1623654.034,-4356182.201,4648.984357,4687.247250,3735.000094
68100.0,5404439.401,-1339119.560,-4122848.028,4269.794528,4793.824449,4040.008649
68160.0,5648786.710,-1048808.728,-3871729.749,3872.186732,4879.723253,4327.590430
68220.0,5868767.703,-753973.809,-3603910.575,3457.876069,4944.573133,4596.504940
68280.0,6063433.481,-455886.587,-3320545.758,3028.649691,4988.094357,4845.592201
68340.0,6231944.344,-155832.875,-3022857.605,2586.359084,5010.099193,5073.777765
68400.0,6373573.411,144893.028,-2712130.209,2132.912092,5010.492722,5280.077341
68460.0,6487709.760,444993.929,-2389703.907,1670.264680,4989.273247,5463.601047
68520.0,6573861.057,743175.327,-2056969.501,1200.412499,4946.532300,5623.557244
68580.0,6631655.684,1038151.001,-1715362.257,725.382282,4882.454244,5759.255954
68640.0,6660844.342,1328648.561,-1366355.715,247.223092,4797.315485,5870.111832
68700.0,6661301.124,1613414.931,-1011455.331,-232.002507,4691.483272,5955.646698
68760.0,6633024.059,1891221.757,-652191.985,-710.227351,4565.414117,6015.491592
68820.0,6576135.123,2160870.706,-290115.377,-1185.388596,4419.651827,6049.388370
68880.0,6490879.707,2421198.634,73212.658,-1655.436608,4254.825153,6057.190817
68940.0,6377625.566,2671082.603,436224.887,-2118.343815,4071.645085,6038.865277
69000.0,6236861.227,2909444.728,797355.438,-2572.113442,3870.901777,5994.490797
69060.0,6069193.884,3135256.822,1155046.557,-3014.788133,3653.461145,5924.258790
69120.0,5875346.777,3347544.833,1507755.327,-3444.458389,3420.261132,5828.472205
69180.0,5656156.077,3545393.046,1853960.322,-3859.270806,3172.307655,5707.544221
69240.0,5412567.272,3727948.034,2192168.168,-4257.436070,2910.670276,5561.996467
69300.0,5145631.094,3894422.337,2520919.990,-4637.236677,2636.477578,5392.456771
69360.0,4856498.987,4044097.859,2838797.701,-4997.034338,2350.912306,5199.656450
69420.0,4546418.135,4176328.969,3144430.120,-5335.277048,2055.206260,4984.427158
69480.0,4216726.087,4290545.280,3436498.886,-5650.505781,1750.634981,4747.697297
69540.0,3868844.986,4386254.116,3713744.148,-5941.360782,1438.512253,4490.488013
69600.0,3504275.434,4463042.631,3974969.994,-6206.587435,1120.184432,4213.908791
69660.0,3124590.019,4520579.594,4219049.613,-6445.041670,797.024642,3919.152668
69720.0,2731426.533,4558616.818,4444930.156,-6655.694905,470.426847,3607.491089
69780.0,2326480.906,4576990.226,4651637.277,-6837.638476,141.799843,3280.268421
69840.0,1911499.891,4575620.564,4838279.334,-6990.087561,-187.438822,2938.896157
69900.0,1488273.527,4554513.740,5004051.238,-7112.384563,-515.868960,2584.846820
69960.0,1058627.424,4513760.800,5148237.923,-7204.001948,-842.073873,2219.647622
70020.0,624414.879,4453537.532,5270217.434,-7264.544521,-1164.646459,1844.873865
70080.0,187508.891,4374103.714,5369463.605,-7293.751127,-1482.195285,1462.142155
70140.0,-250205.926,4275801.987,5445548.334,-7291.495782,-1793.350590,1073.103424
70200.0,-686841.468,4159056.380,5498143.425,-7257.788216,-2096.770190,679.435809
70260.0,-1120514.286,4024370.481,5527022.007,-7192.773828,-2391.145270,282.837414
70320.0,-1549353.711,3872325.264,5532059.510,-7096.733059,-2675.206029,-114.981013
70380.0,-1971509.923,3703576.583,5513234.206,-6970.080187,-2947.727156,-512.303465
70440.0,-2385161.931,3518852.345,5470627.298,-6813.361536,-3207.533118,-907.416070
70500.0,-2788525.427,3318949.366,5404422.572,-6627.253117,-3453.503231,-1298.614492
70560.0,-3179860.483,3104729.937,5314905.608,-6412.557720,-3684.576489,-1684.211277
70620.0,-3557479.056,2877118.105,5202462.539,-6170.201443,-3899.756147,-2062.543135
70680.0,-3919752.271,2637095.683,5067578.395,-5901.229703,-4098.114017,-2431.978113
70740.0,-4265117.443,2385698.022,4910835.004,-5606.802720,-4278.794474,-2790.922635
70800.0,-4592084.823,2124009.536,4732908.489,-5288.190522,-4441.018142,-3137.828376
70860.0,-4899244.022,1853159.031,4534566.342,-4946.767456,-4584.085262,-3471.198942
70920.0,-5185270.094,1574314.834,4316664.122,-4584.006268,-4707.378707,-3789.596322
70980.0,-5448929.251,1288679.754,4080141.762,-4201.471746,-4810.366646,-4091.647094
71040.0,-5689084.186,997485.892,3826019.512,-3800.813971,-4892.604833,-4376.048348
71100.0,-5904698.980,701989.325,3555393.541,-3383.761201,-4953.738532,-4641.573304
71160.0,-6094843.568,403464.693,3269431.206,-2952.112412,-4993.504039,-4887.076608
71220.0,-6258697.751,103199.697,2969366.021,-2507.729542,-5011.729823,-5111.499269
71280.0,-6395554.738,-197510.457,2656492.332,-2052.529459,-5008.337266,-5313.873229
71340.0,-6504824.187,-497368.639,2332159.733,-1588.475690,-4983.341003,-5493.325538
71400.0,-6586034.761,-795081.397,1997767.250,-1117.569954,-4936.848857,-5649.082121
71460.0,-6638836.154,-1089364.534,1654757.300,-641.843526,-4869.061372,-5780.471113
71520.0,-6663000.604,-1378948.643,1304609.475,-163.348474,-4780.270954,-5886.925761
71580.0,-6658423.877,-1662584.590,948834.153,315.851189,-4670.860606,-5967.986869
71640.0,-6625125.714,-1939048.898,588965.989,793.688413,-4541.302272,-6023.304776
71700.0,-6563249.749,-2207149.024,226557.291,1268.102023,-4392.154810,-6052.640864
71760.0,-6473062.887,-2465728.505,-136828.673,1737.045614,-4224.061575,-6055.868591
71820.0,-6354954.154,-2713671.947,-499624.419,2198.496373,-4037.747645,-6032.974034
71880.0,-6209433.016,-2949909.832,-860265.011,2650.463812,-3834.016694,-5984.055950
71940.0,-6037127.187,-3173423.138,-1217194.809,3090.998346,-3613.747525,-5909.325350
72000.0,-5838779.917,-3383247.729,-1568874.177,3518.199708,-3377.890280,-5809.104588
72060.0,-5615246.785,-3578478.516,-1913786.130,3930.225145,-3127.462342,-5683.825970
72120.0,-5367492.012,-3758273.362,-2250442.873,4325.297364,-2863.543942,-5534.029892
72180.0,-5096584.302,-3921856.713,-2577392.222,4701.712202,-2587.273507,-5360.362507
72240.0,-4803692.228,-4068522.944,-2893223.864,5057.845977,-2299.842741,-5163.572938
72300.0,-4490079.193,-4197639.403,-3196575.444,5392.162486,-2002.491491,-4944.510046
72360.0,-4157097.983,-4308649.141,-3486138.441,5703.219641,-1696.502397,-4704.118769
72420.0,-3806184.929,-4401073.311,-3760663.809,5989.675679,-1383.195358,-4443.436046
72480.0,-3438853.711,-4474513.237,-4018967.371,6250.294961,-1063.921838,-4163.586347
72540.0,-3056688.831,-4528652.133,-4259934.922,6483.953291,-740.059039,-3865.776815
72600.0,-2661338.774,-4563256.467,-4482527.037,6689.642773,-413.003960,-3551.292066
72660.0,-2254508.903,-4578176.973,-4685783.553,6866.476156,-84.167368,-3221.488647
72720.0,-1837954.098,-4573349.289,-4868827.714,7013.690659,245.032284,-2877.789179
72780.0,-1413471.189,-4548794.241,-5030869.949,7130.651267,573.174977,-2521.676228
72840.0,-982891.203,-4504617.747,-5171211.282,7216.853463,898.845252,-2154.685904
72900.0,-548071.468,-4441010.366,-5289246.344,7271.925411,1220.638314,-1778.401237
72960.0,-110887.600,-4358246.470,-5384465.984,7295.629555,1537.166094,-1394.445350
73020.0,326774.587,-4256683.067,-5456459.468,7287.863646,1847.063233,-1004.474455
73080.0,763027.216,-4136758.253,-5504916.249,7248.661183,2148.992975,-610.170711
73140.0,1195988.490,-3998989.332,-5529627.306,7178.191266,2441.652931,-213.234965
73200.0,1623790.810,-3843970.576,-5530486.046,7076.757873,2723.780698,184.620579
73260.0,2044588.828,-3672370.665,-5507488.766,6944.798540,2994.159305,581.679754
73320.0,2456567.414,-3484929.805,-5460734.665,6782.882481,3251.622460,976.229825
73380.0,2857949.476,-3282456.531,-5390425.420,6591.708128,3495.059583,1366.568882
73440.0,3247003.634,-3065824.221,-5296864.312,6372.100122,3723.420597,1751.013176
73500.0,3622051.684,-2835967.329,-5180454.922,6125.005751,3935.720455,2127.904391
73560.0,3981475.838,-2593877.354,-5041699.388,5851.490870,4131.043391,2495.616786
73620.0,4323725.702,-2340598.562,-4881196.238,5552.735299,4308.546870,2852.564216
73680.0,4647324.965,-2077223.485,-4699637.811,5230.027734,4467.465223,3197.206973
73740.0,4950877.766,-1804888.204,-4497807.267,4884.760190,4607.112947,3528.058421
73800.0,5233074.714,-1524767.449,-4276575.213,4518.421995,4726.887666,3843.691418
73860.0,5492698.541,-1238069.535,-4036895.943,4132.593367,4826.272725,4142.744464
73920.0,5728629.344,-946031.149,-3779803.327,3728.938596,4904.839421,4423.927581
73980.0,5939849.427,-649912.011,-3506406.345,3309.198867,4962.248854,4686.027872
74040.0,6125447.680,-350989.446,-3217884.309,2875.184748,4998.253385,4927.914752
74100.0,6284623.516,-50552.871,-2915481.772,2428.768380,5012.697707,5148.544833
74160.0,6416690.323,250101.766,-2600503.163,1971.875401,5005.519513,5346.966416
74220.0,6521078.424,549677.577,-2274307.157,1506.476642,4976.749768,5522.323598
74280.0,6597337.536,846882.327,-1938300.816,1034.579622,4926.512570,5673.859969
74340.0,6645138.711,1140434.010,-1593933.520,558.219893,4855.024621,5800.921869
74400.0,6664275.758,1429066.374,-1242690.715,79.452255,4762.594286,5902.961210
74460.0,6654666.127,1711534.391,-886087.502,-399.658104,4649.620270,5979.537841
74520.0,6616351.269,1986619.621,-525662.108,-877.044518,4516.589890,6030.321444
74580.0,6549496.459,2253135.471,-162969.246,-1350.647758,4364.076980,6055.092963
74640.0,6454390.077,2509932.312,200426.593,-1818.424914,4192.739412,6053.745543
74700.0,6331442.369,2755902.437,562957.882,-2278.358205,4003.316258,6026.284998
74760.0,6181183.677,2989984.843,923060.825,-2728.463687,3796.624605,5972.829779
74820.0,6004262.148,3211169.804,1279182.099,-3166.799808,3573.556026,5893.610468
74880.0,5801440.942,3418503.228,1629785.560,-3591.475784,3335.072740,5788.968781
74940.0,5573594.938,3611090.771,1973358.861,-4000.659755,3082.203456,5659.356096
75000.0,5321706.962,3788101.699,2308419.983,-4392.586685,2816.038937,5505.331504
75060.0,5046863.543,3948772.466,2633523.623,-4765.565978,2537.727297,5327.559396
75120.0,4750250.234,4092410.011,2947267.431,-5117.988771,2248.469047,5126.806601
75180.0,4433146.488,4218394.746,3248298.057,-5448.334871,1949.511916,4903.939077
75240.0,4096920.150,4326183.231,3535316.992,-5755.179313,1642.145471,4659.918172
75300.0,3743021.547,4415310.513,3807086.164,-6037.198509,1327.695551,4395.796485
75360.0,3372977.239,4485392.139,4062433.286,-6293.175955,1007.518552,4112.713315
75420.0,2988383.429,4536125.807,4300256.903,-6522.007481,682.995573,3811.889756
75480.0,2590899.082,4567292.676,4519531.154,-6722.706010,355.526459,3494.623425
75540.0,2182238.765,4578758.306,4719310.186,-6894.405820,26.523764,3162.282866
75600.0,1764165.256,4570473.239,4898732.245,-7036.366275,-302.593342,2816.301646
75660.0,1338481.934,4542473.214,5057023.384,-7147.975021,-630.405197,2458.172172
75720.0,907025.005,4494879.009,5193500.806,-7228.750630,-955.497769,2089.439252
75780.0,471655.580,4427895.925,5307575.810,-7278.344671,-1276.468754,1711.693435
75840.0,34251.645,4341812.897,5398756.328,-7296.543218,-1591.933630,1326.564145
75900.0,-403300.036,4237001.247,5466649.047,-7283.267771,-1900.531622,935.712656
75960.0,-839112.063,4113913.086,5510961.110,-7238.575594,-2200.931579,540.824924
76020.0,-1271304.539,3973079.361,5531501.374,-7162.659469,-2491.837710,143.604318
76080.0,-1698013.181,3815107.565,5528181.237,-7055.846864,-2771.995178,-254.235732
76140.0,-2117397.360,3640679.117,5501015.022,-6918.598520,-3040.195510,-650.979124
76200.0,-2527648.043,3450546.423,5450119.911,-6751.506465,-3295.281810,-1044.914485
76260.0,-2926995.593,3245529.628,5375715.443,-6555.291459,-3536.153753,-1434.342558
76320.0,-3313717.405,3026513.084,5278122.564,-6330.799883,-3761.772324,-1817.583523
76380.0,-3686145.336,2794441.528,5157762.247,-6079.000095,-3971.164307,-2192.984254
76440.0,-4042672.900,2550316.012,5015153.672,-5800.978243,-4163.426479,-2558.925441
76500.0,-4381762.197,2295189.585,4850911.987,-5497.933590,-4337.729509,-2913.828578
76560.0,-4701950.550,2030162.745,4665745.657,-5171.173333,-4493.321532,-3256.162774
76620.0,-5001856.811,1756378.700,4460453.407,-4822.106968,-4629.531394,-3584.451354
76680.0,-5280187.319,1475018.430,4235920.774,-4452.240210,-4745.771546,-3897.278228
76740.0,-5535741.482,1187295.595,3993116.290,-4063.168497,-4841.540583,-4193.294003
76800.0,-5767416.955,894451.304,3733087.305,-3656.570110,-4916.425398,-4471.221800
76860.0,-5974214.394,597748.754,3456955.466,-3234.198929,-4970.102973,-4729.862764
76920.0,-6155241.769,298467.785,3165911.882,-2797.876874,-5002.341767,-4968.101235
76980.0,-6309718.208,-2100.640,2861211.983,-2349.486040,-5013.002717,-5184.909560
77040.0,-6436977.372,-302660.003,2544170.106,-1890.960585,-5002.039836,-5379.352525
77100.0,-6536470.320,-601913.827,2216153.828,-1424.278379,-4969.500412,-5550.591392
77160.0,-6607767.886,-898571.267,1878578.063,-951.452479,-4915.524807,-5697.887512
77220.0,-6650562.523,-1191352.676,1532898.960,-474.522442,-4840.345846,-5820.605517
77280.0,-6664669.635,-1478995.127,1180607.622,4.454470,-4744.287818,-5918.216058
77340.0,-6650028.371,-1760257.861,823223.677,483.412168,-4627.765073,-5990.298085
77400.0,-6606701.886,-2033927.636,462288.715,960.284644,-4491.280239,-6036.540670
77460.0,-6534877.070,-2298823.966,99359.649,1433.014885,-4335.422049,-6056.744343
77520.0,-6434863.745,-2553804.207,-263998.009,1899.563747,-4160.862805,-6050.821955
77580.0,-6307093.321,-2797768.490,-626216.900,2357.918749,-3968.355477,-6018.799052
77640.0,-6152116.944,-3029664.461,-985734.573,2806.102753,-3758.730454,-5960.813766
77700.0,-5970603.111,-3248491.828,-1341000.233,3242.182496,-3532.891965,-5877.116221
77760.0,-5763334.791,-3453306.667,-1690481.422,3664.276927,-3291.814174,-5768.067448
77820.0,-5531206.046,-3643225.500,-2032670.638,4070.565322,-3036.536983,-5634.137836
77880.0,-5275218.175,-3817429.103,-2366091.830,4459.295135,-2768.161542,-5475.905096
77940.0,-4996475.393,-3975166.039,-2689306.770,4828.789561,-2487.845501,-5294.051773
78000.0,-4696180.071,-4115755.903,-3000921.254,5177.454769,-2196.798018,-5089.362301
78060.0,-4375627.549,-4238592.254,-3299591.119,5503.786774,-1896.274539,-4862.719616
78120.0,-4036200.544,-4343145.231,-3584028.036,5806.377926,-1587.571388,-4615.101354
78180.0,-3679363.192,-4428963.839,-3853005.075,6083.922985,-1272.020171,-4347.575627
78240.0,-3306654.727,-4495677.897,-4105361.988,6335.224747,-950.982033,-4061.296422
78300.0,-2919682.847,-4542999.629,-4340010.223,6559.199208,-625.841787,-3757.498617
78360.0,-2520116.772,-4570724.912,-4555937.612,6754.880244,-298.001942,-3437.492658
78420.0,-2109680.051,-4578734.150,-4752212.743,6921.423775,31.123348,-3102.658908
78480.0,-1690143.123,-4566992.795,-4927988.973,7058.111409,360.114386,-2754.441688
78540.0,-1263315.680,-4535551.495,-5082508.083,7164.353535,687.552054,-2394.343049
78600.0,-831038.863,-4484545.873,-5215103.547,7239.691874,1012.023932,-2023.916296
78660.0,-395177.320,-4414195.944,-5325203.408,7283.801450,1332.130396,-1644.759281
78720.0,42388.840,-4324805.166,-5412332.746,7296.491994,1646.490650,-1258.507516
78780.0,479772.153,-4216759.131,-5476115.722,7277.708764,1953.748687,-866.827119
78840.0,915085.946,-4090523.900,-5516277.207,7227.532784,2252.579134,-471.407620
78900.0,1346452.471,-3946643.995,-5532643.962,7146.180490,2541.692971,-73.954682
78960.0,1772011.008,-3785740.049,-5525145.388,7034.002798,2819.843092,323.817264
79020.0,2189925.889,-3608506.130,-5493813.830,6891.483593,3085.829682,720.192408
79080.0,2598394.419,-3415706.743,-5438784.439,6719.237638,3338.505397,1113.460967
79140.0,2995654.647,-3208173.540,-5360294.587,6518.007925,3576.780305,1501.926558
79200.0,3379992.974,-2986801.723,-5258682.844,6288.662467,3799.626598,1883.913515
79260.0,3749751.536,-2752546.193,-5134387.516,6032.190558,4006.083016,2257.774120
79320.0,4103335.363,-2506417.420,-4987944.758,5749.698502,4195.259001,2621.895707
79380.0,4439219.253,-2249477.094,-4819986.257,5442.404841,4366.338532,2974.707619
79440.0,4755954.355,-1982833.539,-4631236.511,5111.635102,4518.583649,3314.687985
79500.0,5052174.416,-1707636.934,-4422509.702,4758.816076,4651.337636,3640.370282
79560.0,5326601.677,-1425074.355,-4194706.181,4385.469666,4764.027851,3950.349666
79620.0,5578052.383,-1136364.649,-3948808.591,3993.206319,4856.168201,4243.289024
79680.0,5805441.888,-842753.178,-3685877.623,3583.718083,4927.361232,4517.924749
79740.0,6007789.337,-545506.450,-3407047.443,3158.771304,4977.299852,4773.072185
79800.0,6184221.895,-245906.654,-3113520.798,2720.199011,5005.768646,5007.630742
79860.0,6333978.511,54753.873,-2806563.829,2269.893007,5012.644814,5220.588640
79920.0,6456413.202,355178.216,-2487500.611,1809.795710,4997.898694,5411.027275
79980.0,6550997.841,654070.480,-2157707.438,1341.891771,4961.593895,5578.125181
80040.0,6617324.432,950141.380,-1818606.889,868.199516,4903.887020,5721.161573
80100.0,6655106.871,1242113.799,-1471661.691,390.762241,4825.026989,5839.519455
80160.0,6664182.184,1528728.299,-1118368.408,-88.360607,4725.353970,5932.688287
80220.0,6644511.223,1808748.555,-760250.989,-567.102307,4605.297906,6000.266178
80280.0,6596178.839,2080966.687,-398854.190,-1043.397783,4465.376666,6041.961630
80340.0,6519393.517,2344208.468,-35736.914,-1515.192512,4306.193806,6057.594786
80400.0,6414486.473,2597338.391,327534.515,-1980.451385,4128.435970,6047.098213
80460.0,6281910.230,2839264.569,689393.108,-2437.167484,3932.869925,6010.517187
80520.0,6122236.662,3068943.440,1048277.970,-2883.370743,3720.339253,5948.009503
80580.0,5936154.528,3285384.275,1402641.033,-3317.136441,3491.760718,5859.844790
80640.0,5724466.503,3487653.446,1750953.737,-3736.593511,3248.120302,5746.403352
80700.0,5488085.713,3674878.453,2091713.617,-4139.932602,2990.468962,5608.174523
80760.0,5228031.798,3846251.693,2423450.788,-4525.413893,2719.918088,5445.754561
80820.0,4945426.514,4001033.940,2744734.286,-4891.374590,2437.634715,5259.844071
80880.0,4641488.892,4138557.532,3054178.239,-5236.236106,2144.836486,5051.244989
80940.0,4317529.981,4258229.254,3350447.846,-5558.510862,1842.786401,4820.857115
81000.0,3974947.195,4359532.898,3632265.133,-5856.808711,1532.787367,4569.674239
81060.0,3615218.281,4442031.484,3898414.468,-6129.842931,1216.176580,4298.779851
81120.0,3239894.947,4505369.152,4147747.802,-6376.435775,894.319756,4009.342468
81180.0,2850596.169,4549272.690,4379189.624,-6595.523553,568.605241,3702.610590
81240.0,2449001.205,4573552.719,4591741.599,-6786.161220,240.438019,3379.907322
81300.0,2036842.355,4578104.507,4784486.873,-6947.526450,-88.766344,3042.624658
81360.0,1615897.487,4562908.417,4956594.030,-7078.923186,-417.587809,2692.217486
81420.0,1187982.366,4528030.000,5107320.678,-7179.784643,-744.607989,2330.197302
81480.0,754942.826,4473619.706,5236016.649,-7249.675750,-1068.416266,1958.125699
81540.0,318646.803,4399912.235,5342126.808,-7288.295027,-1387.615877,1577.607625
81600.0,-119023.718,4307225.529,5425193.443,-7295.475889,-1700.829940,1190.284464
81660.0,-556180.825,4195959.396,5484858.242,-7271.187361,-2006.707390,797.826953
81720.0,-990938.819,4066593.787,5520863.838,-7215.534213,-2303.928810,401.927977
81780.0,-1421422.350,3919686.729,5533054.919,-7128.756507,-2591.212121,4.295265
81840.0,-1845774.507,3755871.911,5521378.899,-7011.228563,-2867.318113,-393.355975
81900.0,-2262164.825,3575855.957,5485886.142,-6863.457343,-3131.055788,-789.310455
81960.0,-2668797.186,3380415.375,5426729.749,-6686.080266,-3381.287502,-1181.860206
82020.0,-3063917.559,3170393.206,5344164.893,-6479.862457,-3616.933868,-1569.311945
82080.0,-3445821.576,2946695.392,5238547.721,-6245.693445,-3836.978414,-1949.994381
82140.0,-3812861.873,2710286.864,5110333.819,-5984.583331,-4040.471966,-2322.265421
82200.0,-4163455.206,2462187.382,4960076.243,-5697.658426,-4226.536746,-2684.519256
82260.0,-4496089.271,2203467.134,4788423.138,-5386.156394,-4394.370155,-3035.193287
82320.0,-4809329.237,1935242.124,4596114.936,-5051.420914,-4543.248233,-3372.774864
82380.0,-5101823.927,1658669.353,4383981.168,-4694.895884,-4672.528790,-3695.807813
82440.0,-5372311.652,1374941.831,4152936.885,-4318.119193,-4781.654166,-4002.898714
82500.0,-5619625.648,1085283.431,3903978.706,-3922.716084,-4870.153644,-4292.722918
82560.0,-5842699.116,790943.607,3638180.525,-3510.392149,-4937.645478,-4564.030252
82620.0,-6040569.818,493192.010,3356688.876,-3082.925966,-4983.838537,-4815.650420
82680.0,-6212384.227,193313.005,3060717.986,-2642.161432,-5008.533567,-5046.498045
82740.0,-6357401.215,-107399.865,2751544.540,-2189.999806,-5011.624043,-5255.577355
82800.0,-6474995.243,-407649.460,2430502.172,-1728.391510,-4993.096636,-5441.986477
82860.0,-6564659.065,-706140.640,2098975.715,-1259.327712,-4953.031263,-5604.921326
82920.0,-6626005.910,-1001585.847,1758395.225,-784.831744,-4891.600748,-5743.679073
82980.0,-6658771.156,-1292710.666,1410229.811,-306.950365,-4809.070076,-5857.661182
83040.0,-6662813.469,-1578259.314,1055981.302,172.255059,-4705.795246,-5946.375984
83100.0,-6638115.412,-1857000.063,697177.766,650.717452,-4582.221740,-6009.440803
83160.0,-6584783.521,-2127730.553,335366.920,1126.372944,-4438.882597,-6046.583608
83220.0,-6503047.846,-2389282.973,-27890.547,1597.169772,-4276.396117,-6057.644180
83280.0,-6393260.957,-2640529.105,-391027.708,2061.077129,-4095.463196,-6042.574809
83340.0,-6255896.427,-2880385.186,-752478.151,2516.093931,-3896.864294,-6001.440498
83400.0,-6091546.783,-3107816.586,-1110682.743,2960.257439,-3681.456079,-5934.418681
83460.0,-5900920.955,-3321842.267,-1464096.351,3391.651732,-3450.167724,-5841.798460
83520.0,-5684841.218,-3521539.020,-1811194.508,3808.415971,-3203.996902,-5723.979358
83580.0,-5444239.642,-3706045.444,-2150479.989,4208.752422,-2944.005484,-5581.469592
83640.0,-5180154.073,-3874565.660,-2480489.271,4590.934215,-2671.314955,-5414.883885
83700.0,-4893723.657,-4026372.748,-2799798.841,4953.312789,-2387.101579,-5224.940813
83760.0,-4586183.927,-4160811.882,-3107031.343,5294.325008,-2092.591324,-5012.459705
83820.0,-4258861.468,-4277303.151,-3400861.514,5612.499899,-1789.054575,-4778.357109
83880.0,-3913168.204,-4375344.065,-3680021.903,5906.464998,-1477.800652,-4523.642836
83940.0,-3550595.299,-4454511.720,-3943308.339,6174.952273,-1160.172164,-4249.415610
84000.0,-3172706.727,-4514464.621,-4189585.122,6416.803591,-837.539216,-3956.858322
84060.0,-2781132.531,-4554944.160,-4417789.926,6630.975714,-511.293503,-3647.232934
84120.0,-2377561.785,-4575775.726,-4626938.379,6816.544801,-182.842300,-3321.875030
84180.0,-1963735.310,-4576869.460,-4816128.307,6972.710390,146.397602,-2982.188055
84240.0,-1541438.167,-4558220.645,-4984543.632,7098.798854,475.006011,-2629.637268
84300.0,-1112491.955,-4519909.724,-5131457.885,7194.266304,801.565458,-2265.743412
84360.0,-678746.956,-4462101.952,-5256237.345,7258.700936,1124.667314,-1892.076161
84420.0,-242074.148,-4385046.686,-5358343.770,7291.824808,1442.917862,-1510.247349
84480.0,195642.858,-4289076.308,-5437336.718,7293.495039,1754.944314,-1121.904010
84540.0,632515.949,-4174604.791,-5492875.450,7263.704425,2059.400729,-728.721284
84600.0,1066660.652,-4042125.913,-5524720.396,7202.581468,2354.973818,-332.395184
84660.0,1496204.262,-3892211.128,-5532734.191,7110.389825,2640.388613,65.364720
84720.0,1919293.922,-3725507.101,-5516882.269,6987.527170,2914.413963,462.842669
84780.0,2334104.615,-3542732.918,-5477233.007,6834.523477,3175.867847,858.324124
84840.0,2738847.034,-3344676.984,-5413957.433,6652.038734,3423.622470,1250.103156
84900.0,3131775.303,-3132193.623,-5327328.491,6440.860099,3656.609132,1636.489808
84960.0,3511194.506,-2906199.393,-5217719.858,6201.898500,3873.822832,2015.817381
85020.0,3875468.002,-2667669.130,-5085604.337,5936.184710,4074.326608,2386.449628
85080.0,4223024.477,-2417631.746,-4931551.814,5644.864898,4257.255579,2746.787808
85140.0,4552364.731,-2157165.791,-4756226.802,5329.195687,4421.820671,3095.277585
85200.0,4862068.139,-1887394.796,-4560385.575,4990.538731,4567.312023,3430.415732
85260.0,5150798.779,-1609482.431,-4344872.902,4630.354844,4693.102054,3750.756613
85320.0,5417311.197,-1324627.486,-4110618.409,4250.197696,4798.648160,4054.918424
85380.0,5660455.781,-1034058.696,-3858632.563,3851.707113,4883.495064,4341.589147
85440.0,5879183.713,-739029.443,-3590002.319,3436.602004,4947.276774,4609.532213
85500.0,6072551.500,-440812.350,-3305886.424,3006.672945,4989.718166,4857.591838
85560.0,6239725.040,-140693.793,-3007510.427,2563.774457,5010.636165,5084.698005
85620.0,6379983.223,160031.655,-2696161.388,2109.817002,5009.940542,5289.871079
85680.0,6492721.038,460066.798,-2373182.326,1646.758749,4987.634296,5472.226037
85740.0,6577452.185,758117.420,-2039966.426,1176.597122,4943.813647,5630.976281
85800.0,6633811.172,1052897.866,-1697951.032,701.360186,4878.667617,5765.437036
85860.0,6661554.892,1343136.586,-1348611.443,223.097899,4792.477217,5875.028297
85920.0,6660563.670,1627581.621,-993454.553,-256.126732,4685.614234,5959.277338
85980.0,6630841.783,1905006.004,-634012.349,-734.246547,4558.539625,6017.820747
86040.0,6572517.438,2174213.050,-271835.302,-1209.199155,4411.801534,6050.405992
86100.0,6485842.219,2434041.523,91514.320,-1678.935823,4246.032923,6056.892517
86160.0,6371190.003,2683370.639,454469.191,-2141.430320,4061.948842,6037.252342
86220.0,6229055.350,2921124.905,815463.687,-2594.687652,3860.343346,5991.570185
86280.0,6060051.364,3146278.757,1172940.640,-3036.752674,3642.086073,5920.043098
86340.0,5864907.051,3357860.982,1525358.057,-3465.718515,3408.118483,5822.979617
86400.0,5644464.176,3554958.911,1871195.768,-3879.734811,3159.449809,5700.798431


